Name,Start,End,Size
entry,0x00100008,0x00100248,576
thunk_FUN_002ba8a0,0x00100248,0x00100250,8
FUN_00100258,0x00100258,0x00100280,40
FUN_00100280,0x00100280,0x00100330,176
FUN_00100330,0x00100330,0x001003A0,112
FUN_001003a0,0x001003A0,0x00100554,436
FUN_00100558,0x00100558,0x00100648,240
FUN_00100648,0x00100648,0x00100670,40
FUN_00100670,0x00100670,0x001006E8,120
FUN_001006e8,0x001006E8,0x00100738,80
FUN_00100738,0x00100738,0x00100770,56
FUN_00100798,0x00100798,0x0010084C,180
FUN_00100850,0x00100850,0x00100878,40
FUN_00100878,0x00100878,0x0010088C,20
FUN_00100890,0x00100890,0x001008F4,100
FUN_001008f8,0x001008F8,0x00100954,92
FUN_00100958,0x00100958,0x00100960,8
FUN_00100960,0x00100960,0x0010097C,28
FUN_00100980,0x00100980,0x001009B0,48
FUN_00100a68,0x00100A68,0x00100A8C,36
FUN_00100a90,0x00100A90,0x00100AB4,36
FUN_00100ab8,0x00100AB8,0x00100B94,220
FUN_00100b98,0x00100B98,0x00100CC0,296
FUN_00100cc0,0x00100CC0,0x00100D88,200
FUN_00100d88,0x00100D88,0x00100EB0,296
FUN_00100eb0,0x00100EB0,0x00100F48,152
FUN_00100f48,0x00100F48,0x00101014,204
FUN_00101018,0x00101018,0x001010A8,144
FUN_001010a8,0x001010A8,0x0010116C,196
FUN_001011b8,0x001011B8,0x0010120C,84
FUN_00101210,0x00101210,0x00101298,136
FUN_00101298,0x00101298,0x0010133C,164
FUN_00101400,0x00101400,0x001014AC,172
FUN_00101548,0x00101548,0x001015CC,132
FUN_001015d0,0x001015D0,0x00101650,128
FUN_00101650,0x00101650,0x001016D0,128
FUN_00101750,0x00101750,0x001017D0,128
FUN_001017d0,0x001017D0,0x00101870,160
FUN_00101878,0x00101878,0x001019DC,356
FUN_001019e0,0x001019E0,0x00101D3C,860
FUN_00101d40,0x00101D40,0x00101E30,240
FUN_00101e30,0x00101E30,0x00101E58,40
FUN_00101e58,0x00101E58,0x00101F14,188
FUN_00101f18,0x00101F18,0x00102034,284
FUN_00102038,0x00102038,0x0010205C,36
FUN_00102060,0x00102060,0x00102114,180
FUN_00102120,0x00102120,0x001021D4,180
FUN_001021d8,0x001021D8,0x00102208,48
FUN_00102208,0x00102208,0x00102434,556
FUN_00102448,0x00102448,0x00102450,8
FUN_00102458,0x00102458,0x0010252C,212
FUN_00102530,0x00102530,0x00102564,52
FUN_00102568,0x00102568,0x0010259C,52
FUN_001025a0,0x001025A0,0x001025B0,16
FUN_001025b0,0x001025B0,0x00102610,96
FUN_00102610,0x00102610,0x0010263C,44
FUN_00102640,0x00102640,0x00102668,40
FUN_00102688,0x00102688,0x00102708,128
FUN_00102708,0x00102708,0x00102740,56
FUN_00102740,0x00102740,0x001027C8,136
FUN_001027c8,0x001027C8,0x00102B70,936
FUN_00102b70,0x00102B70,0x00102C60,240
FUN_00102ca8,0x00102CA8,0x00102D00,88
FUN_00102d00,0x00102D00,0x00102D8C,140
FUN_00102d90,0x00102D90,0x00102DF0,96
FUN_00102df0,0x00102DF0,0x00102E74,132
FUN_00102e78,0x00102E78,0x00102F00,136
FUN_00102f00,0x00102F00,0x00102F28,40
FUN_00102f28,0x00102F28,0x0010306C,324
FUN_00103070,0x00103070,0x00103254,484
FUN_00103258,0x00103258,0x00103270,24
FUN_00103270,0x00103270,0x001032E4,116
FUN_001032e8,0x001032E8,0x001035FC,788
FUN_00103600,0x00103600,0x00103868,616
FUN_00103868,0x00103868,0x00103F80,1816
FUN_00103f80,0x00103F80,0x0010405C,220
FUN_00104060,0x00104060,0x00104F78,3864
FUN_00104f78,0x00104F78,0x001051C8,592
FUN_001051c8,0x001051C8,0x0010524C,132
FUN_00105250,0x00105250,0x00105378,296
FUN_00105378,0x00105378,0x00105404,140
FUN_00105408,0x00105408,0x001056B8,688
FUN_001056b8,0x001056B8,0x00105910,600
FUN_00105910,0x00105910,0x00105A24,276
FUN_00105a28,0x00105A28,0x00105BD4,428
FUN_00105bd8,0x00105BD8,0x00105C58,128
FUN_00105c58,0x00105C58,0x00105CAC,84
FUN_00105cb0,0x00105CB0,0x00105CD4,36
FUN_00105cd8,0x00105CD8,0x00105EA0,456
FUN_00105ea0,0x00105EA0,0x00105F28,136
FUN_00105f30,0x00105F30,0x00106100,464
FUN_00106100,0x00106100,0x0010612C,44
FUN_00106130,0x00106130,0x0010617C,76
FUN_00106180,0x00106180,0x00106188,8
FUN_00106188,0x00106188,0x0010629C,276
FUN_001062a0,0x001062A0,0x00106350,176
FUN_00106350,0x00106350,0x001065A4,596
FUN_001065a8,0x001065A8,0x001065F4,76
FUN_001065f8,0x001065F8,0x00106668,112
FUN_00106668,0x00106668,0x00106670,8
FUN_00106670,0x00106670,0x00106774,260
FUN_00106778,0x00106778,0x0010699C,548
FUN_001069a0,0x001069A0,0x00106A08,104
FUN_00106a08,0x00106A08,0x00106AC4,188
FUN_00106ac8,0x00106AC8,0x00106AEC,36
FUN_00106af0,0x00106AF0,0x00106BA4,180
FUN_00106ba8,0x00106BA8,0x00106C60,184
FUN_00106c60,0x00106C60,0x00106C68,8
FUN_00106c68,0x00106C68,0x00106C70,8
FUN_00106c98,0x00106C98,0x00106D60,200
FUN_00106d60,0x00106D60,0x00106FE4,644
FUN_00106fe8,0x00106FE8,0x001072C8,736
FUN_001072c8,0x001072C8,0x00107504,572
FUN_00107508,0x00107508,0x00107730,552
FUN_00107730,0x00107730,0x00107754,36
FUN_00107758,0x00107758,0x00107760,8
FUN_00107760,0x00107760,0x00107784,36
FUN_00107850,0x00107850,0x00107894,68
FUN_00107898,0x00107898,0x00107BB4,796
FUN_00107bb8,0x00107BB8,0x00107EDC,804
FUN_00107ee0,0x00107EE0,0x001083A8,1224
FUN_001083a8,0x001083A8,0x001085C0,536
FUN_001085c0,0x001085C0,0x001085DC,28
FUN_001085e0,0x001085E0,0x001086D4,244
FUN_001086d8,0x001086D8,0x00108728,80
FUN_00108728,0x00108728,0x0010874C,36
FUN_00108750,0x00108750,0x001087A8,88
FUN_001087a8,0x001087A8,0x00108834,140
FUN_00108838,0x00108838,0x00108874,60
FUN_00108878,0x00108878,0x001088A4,44
FUN_001088a8,0x001088A8,0x00108920,120
FUN_00108920,0x00108920,0x0010931C,2556
FUN_00109320,0x00109320,0x00109464,324
FUN_00109468,0x00109468,0x001094A8,64
FUN_001094a8,0x001094A8,0x00109504,92
FUN_00109508,0x00109508,0x001097F8,752
FUN_001097f8,0x001097F8,0x00109848,80
FUN_00109848,0x00109848,0x00109924,220
FUN_00109938,0x00109938,0x00109A60,296
FUN_00109a60,0x00109A60,0x00109BE0,384
FUN_00109be0,0x00109BE0,0x00109C44,100
FUN_00109c48,0x00109C48,0x00109E38,496
FUN_00109e38,0x00109E38,0x00109EDC,164
FUN_00109ee0,0x00109EE0,0x00109F4C,108
FUN_00109f50,0x00109F50,0x0010A024,212
FUN_0010a028,0x0010A028,0x0010A0A8,128
FUN_0010a0a8,0x0010A0A8,0x0010A110,104
FUN_0010a110,0x0010A110,0x0010A178,104
FUN_0010a178,0x0010A178,0x0010A214,156
FUN_0010a218,0x0010A218,0x0010A284,108
FUN_0010a288,0x0010A288,0x0010A2E4,92
FUN_0010a2e8,0x0010A2E8,0x0010A3B0,200
FUN_0010a3b0,0x0010A3B0,0x0010A47C,204
FUN_0010a480,0x0010A480,0x0010A524,164
FUN_0010a528,0x0010A528,0x0010A59C,116
FUN_0010a5a0,0x0010A5A0,0x0010A6E0,320
FUN_0010a6e0,0x0010A6E0,0x0010A75C,124
FUN_0010a760,0x0010A760,0x0010A7B8,88
FUN_0010a7b8,0x0010A7B8,0x0010A814,92
FUN_0010a818,0x0010A818,0x0010A848,48
FUN_0010a848,0x0010A848,0x0010A87C,52
FUN_0010a880,0x0010A880,0x0010A8F4,116
FUN_0010a8f8,0x0010A8F8,0x0010A9B8,192
FUN_0010a9b8,0x0010A9B8,0x0010AA24,108
FUN_0010aa28,0x0010AA28,0x0010AAAC,132
FUN_0010aab0,0x0010AAB0,0x0010AB04,84
FUN_0010ab08,0x0010AB08,0x0010AB38,48
FUN_0010ab38,0x0010AB38,0x0010AD54,540
FUN_0010ad58,0x0010AD58,0x0010AD94,60
FUN_0010ad98,0x0010AD98,0x0010AF04,364
FUN_0010af08,0x0010AF08,0x0010B088,384
FUN_0010b088,0x0010B088,0x0010B1C0,312
FUN_0010b1c0,0x0010B1C0,0x0010B3D0,528
FUN_0010b3d0,0x0010B3D0,0x0010B49C,204
FUN_0010b4a0,0x0010B4A0,0x0010B4EC,76
FUN_0010b4f0,0x0010B4F0,0x0010B6F4,516
FUN_0010b6f8,0x0010B6F8,0x0010BAC4,972
FUN_0010bac8,0x0010BAC8,0x0010BB6C,164
FUN_0010bb70,0x0010BB70,0x0010BBB4,68
FUN_0010bbb8,0x0010BBB8,0x0010BC24,108
FUN_0010bc28,0x0010BC28,0x0010BE44,540
FUN_0010be48,0x0010BE48,0x0010BEB8,112
FUN_0010beb8,0x0010BEB8,0x0010BF1C,100
FUN_0010bf20,0x0010BF20,0x0010BF90,112
FUN_0010bf90,0x0010BF90,0x0010C010,128
FUN_0010c010,0x0010C010,0x0010C0A4,148
FUN_0010c0a8,0x0010C0A8,0x0010C0FC,84
FUN_0010c100,0x0010C100,0x0010C178,120
FUN_0010c178,0x0010C178,0x0010C1C8,80
FUN_0010c1c8,0x0010C1C8,0x0010C518,848
FUN_0010c518,0x0010C518,0x0010C520,8
FUN_0010c520,0x0010C520,0x0010C62C,268
FUN_0010c630,0x0010C630,0x0010C8AC,636
FUN_0010c8b0,0x0010C8B0,0x0010CAEC,572
FUN_0010caf0,0x0010CAF0,0x0010CC84,404
FUN_0010cc88,0x0010CC88,0x0010CE74,492
FUN_0010ce78,0x0010CE78,0x0010D4F0,1656
FUN_0010d4f0,0x0010D4F0,0x0010D648,344
FUN_0010d648,0x0010D648,0x0010D6EC,164
FUN_0010d6f0,0x0010D6F0,0x0010D74C,92
FUN_0010d750,0x0010D750,0x0010D798,72
FUN_0010d798,0x0010D798,0x0010D80C,116
FUN_0010d810,0x0010D810,0x0010D824,20
FUN_0010d878,0x0010D878,0x0010D894,28
FUN_0010d8b0,0x0010D8B0,0x0010D914,100
FUN_0010d918,0x0010D918,0x0010D944,44
FUN_0010d948,0x0010D948,0x0010D974,44
FUN_0010d978,0x0010D978,0x0010D9A4,44
FUN_0010d9a8,0x0010D9A8,0x0010D9D4,44
FUN_0010d9d8,0x0010D9D8,0x0010DB6C,404
FUN_0010db70,0x0010DB70,0x0010DB9C,44
FUN_0010dba0,0x0010DBA0,0x0010DBEC,76
FUN_0010dbf0,0x0010DBF0,0x0010DC2C,60
FUN_0010dc30,0x0010DC30,0x0010DC6C,60
FUN_0010dc70,0x0010DC70,0x0010DC9C,44
FUN_0010dca0,0x0010DCA0,0x0010DCCC,44
FUN_0010dcd0,0x0010DCD0,0x0010DCFC,44
FUN_0010dd00,0x0010DD00,0x0010DD34,52
FUN_0010dd38,0x0010DD38,0x0010DDA0,104
FUN_0010dda0,0x0010DDA0,0x0010DDD8,56
FUN_0010ddd8,0x0010DDD8,0x0010DE14,60
FUN_0010de18,0x0010DE18,0x0010DE80,104
FUN_0010de80,0x0010DE80,0x0010DF80,256
FUN_0010df80,0x0010DF80,0x0010DF9C,28
FUN_0010dfa0,0x0010DFA0,0x0010E030,144
FUN_0010e030,0x0010E030,0x0010E240,528
FUN_0010e240,0x0010E240,0x0010E3D4,404
FUN_0010e3d8,0x0010E3D8,0x0010E45C,132
FUN_0010e460,0x0010E460,0x0010E508,168
FUN_0010e508,0x0010E508,0x0010E574,108
FUN_0010e578,0x0010E578,0x0010E5C8,80
FUN_0010e5c8,0x0010E5C8,0x0010E744,380
FUN_0010e748,0x0010E748,0x0010E7D8,144
FUN_0010e7d8,0x0010E7D8,0x0010E858,128
FUN_0010e858,0x0010E858,0x0010E8D8,128
FUN_0010e8d8,0x0010E8D8,0x0010EA48,368
FUN_0010ea48,0x0010EA48,0x0010EB30,232
FUN_0010eb30,0x0010EB30,0x0010EC18,232
FUN_0010ec18,0x0010EC18,0x0010EDC8,432
FUN_0010edc8,0x0010EDC8,0x0010EEBC,244
FUN_0010eec0,0x0010EEC0,0x0010EFB4,244
FUN_0010efb8,0x0010EFB8,0x0010F0AC,244
FUN_0010f0b0,0x0010F0B0,0x0010F1E4,308
FUN_0010f1e8,0x0010F1E8,0x0010F31C,308
FUN_0010f320,0x0010F320,0x0010F438,280
FUN_0010f438,0x0010F438,0x0010F548,272
FUN_0010f548,0x0010F548,0x0010F694,332
FUN_0010f698,0x0010F698,0x0010F7E4,332
FUN_0010f7e8,0x0010F7E8,0x0010F8E0,248
FUN_0010f8e0,0x0010F8E0,0x0010FA14,308
FUN_0010fa18,0x0010FA18,0x0010FA98,128
FUN_0010fa98,0x0010FA98,0x0010FB3C,164
FUN_0010fb40,0x0010FB40,0x0010FB7C,60
FUN_0010fb80,0x0010FB80,0x0010FC4C,204
FUN_0010fc50,0x0010FC50,0x0010FD2C,220
FUN_0010fd30,0x0010FD30,0x0010FD98,104
FUN_0010fd98,0x0010FD98,0x0010FF40,424
FUN_0010ff40,0x0010FF40,0x0010FFD0,144
FUN_0010ffd0,0x0010FFD0,0x001101D0,512
FUN_001101d0,0x001101D0,0x001102AC,220
FUN_001102b0,0x001102B0,0x001107C4,1300
FUN_001107c8,0x001107C8,0x0011089C,212
FUN_001108a0,0x001108A0,0x00110C3C,924
FUN_00110c40,0x00110C40,0x00111358,1816
FUN_00111358,0x00111358,0x00111784,1068
FUN_00111788,0x00111788,0x00111C20,1176
FUN_00111c20,0x00111C20,0x00111CF0,208
FUN_00111cf0,0x00111CF0,0x00111E28,312
FUN_00111e28,0x00111E28,0x00111E50,40
FUN_00111e50,0x00111E50,0x00111E64,20
FUN_00111e68,0x00111E68,0x001121D4,876
FUN_001121d8,0x001121D8,0x001122A8,208
FUN_001122a8,0x001122A8,0x001123E4,316
FUN_001123e8,0x001123E8,0x00112544,348
FUN_00112548,0x00112548,0x001128D0,904
FUN_001128d0,0x001128D0,0x00112998,200
FUN_00112998,0x00112998,0x00112A30,152
FUN_00112a30,0x00112A30,0x00112B84,340
FUN_00112b88,0x00112B88,0x00112CD0,328
FUN_00112cd0,0x00112CD0,0x00112DA0,208
FUN_00112da0,0x00112DA0,0x00112FAC,524
FUN_00112fb0,0x00112FB0,0x001131D4,548
FUN_001131d8,0x001131D8,0x001132F8,288
FUN_001132f8,0x001132F8,0x00113478,384
FUN_00113478,0x00113478,0x0011350C,148
FUN_00113510,0x00113510,0x00113528,24
FUN_00113528,0x00113528,0x00113594,108
FUN_00113598,0x00113598,0x001135EC,84
FUN_001135f0,0x001135F0,0x0011365C,108
FUN_00113660,0x00113660,0x001136FC,156
FUN_00113700,0x00113700,0x001139D8,728
FUN_001139d8,0x001139D8,0x00113AD8,256
FUN_00113ad8,0x00113AD8,0x00113BA4,204
FUN_00113ba8,0x00113BA8,0x00113BEC,68
FUN_00113bf0,0x00113BF0,0x00113C04,20
FUN_00113c08,0x00113C08,0x00113E44,572
FUN_00113e48,0x00113E48,0x00113F58,272
FUN_00113f58,0x00113F58,0x00114010,184
FUN_00114010,0x00114010,0x001140C4,180
FUN_001140c8,0x001140C8,0x001141EC,292
FUN_001141f0,0x001141F0,0x00114308,280
FUN_00114308,0x00114308,0x00114348,64
FUN_00114348,0x00114348,0x00114374,44
FUN_00114378,0x00114378,0x001143A0,40
FUN_001143a0,0x001143A0,0x00114480,224
FUN_00114480,0x00114480,0x00114508,136
FUN_00114508,0x00114508,0x00114600,248
FUN_00114600,0x00114600,0x001146E0,224
FUN_001146e0,0x001146E0,0x001147F8,280
FUN_001147f8,0x001147F8,0x00114860,104
FUN_00114860,0x00114860,0x00114B18,696
FUN_00114b18,0x00114B18,0x00114C5C,324
FUN_00114c60,0x00114C60,0x00115170,1296
FUN_00115170,0x00115170,0x001151A0,48
FUN_001151a0,0x001151A0,0x00115290,240
FUN_00115290,0x00115290,0x00115368,216
FUN_00115370,0x00115370,0x00115478,264
FUN_00115478,0x00115478,0x001156E0,616
FUN_001156e0,0x001156E0,0x00115950,624
FUN_00115950,0x00115950,0x00115A74,292
FUN_00115a78,0x00115A78,0x00115C30,440
FUN_00115c30,0x00115C30,0x00115C98,104
FUN_00115c98,0x00115C98,0x00115DE0,328
FUN_00115de0,0x00115DE0,0x001165CC,2028
FUN_001165d0,0x001165D0,0x0011676C,412
FUN_00116770,0x00116770,0x00116860,240
FUN_00116860,0x00116860,0x001168E8,136
FUN_001168e8,0x001168E8,0x00116970,136
FUN_00116970,0x00116970,0x001169F8,136
FUN_001169f8,0x001169F8,0x00116B94,412
FUN_00116ba0,0x00116BA0,0x00116BA8,8
FUN_00116ba8,0x00116BA8,0x00116BDC,52
FUN_00116be0,0x00116BE0,0x00116D04,292
FUN_00116d08,0x00116D08,0x00116D90,136
FUN_00116d90,0x00116D90,0x00116E0C,124
FUN_00116f30,0x00116F30,0x00117050,288
FUN_00117050,0x00117050,0x001177B8,1896
FUN_001177b8,0x001177B8,0x00117E80,1736
FUN_00117e80,0x00117E80,0x00118118,664
FUN_00118118,0x00118118,0x00118500,1000
FUN_00118500,0x00118500,0x00118934,1076
FUN_00118938,0x00118938,0x00118C5C,804
FUN_00118c60,0x00118C60,0x00118CA0,64
FUN_00118ca0,0x00118CA0,0x00118DC8,296
FUN_00118dc8,0x00118DC8,0x00118EEC,292
FUN_00118ef0,0x00118EF0,0x0011900C,284
FUN_00119010,0x00119010,0x001190C4,180
FUN_001190c8,0x001190C8,0x001198D8,2064
FUN_001198d8,0x001198D8,0x001199FC,292
FUN_00119a00,0x00119A00,0x00119B58,344
FUN_00119b58,0x00119B58,0x00119DA4,588
FUN_00119da8,0x00119DA8,0x00119E64,188
FUN_00119e68,0x00119E68,0x00119F5C,244
FUN_00119f60,0x00119F60,0x00119FB4,84
FUN_00119fb8,0x00119FB8,0x0011ABD0,3096
FUN_0011abd0,0x0011ABD0,0x0011B1E0,1552
FUN_0011b1e0,0x0011B1E0,0x0011BA08,2088
FUN_0011ba08,0x0011BA08,0x0011C610,3080
FUN_0011c610,0x0011C610,0x0011CDD8,1992
FUN_0011cdd8,0x0011CDD8,0x0011DA38,3168
FUN_0011da38,0x0011DA38,0x0011E1E8,1968
FUN_0011e1e8,0x0011E1E8,0x0011E604,1052
FUN_0011e608,0x0011E608,0x0011E788,384
FUN_0011e788,0x0011E788,0x0011E7F4,108
FUN_0011e7f8,0x0011E7F8,0x0011EAD4,732
FUN_0011ead8,0x0011EAD8,0x0011EB08,48
FUN_0011eb58,0x0011EB58,0x0011EBC0,104
FUN_0011ebc0,0x0011EBC0,0x0011EC10,80
FUN_0011ec10,0x0011EC10,0x0011EC24,20
FUN_0011ec28,0x0011EC28,0x0011EC3C,20
FUN_0011ec40,0x0011EC40,0x0011EC54,20
FUN_0011ecb8,0x0011ECB8,0x0011ECC8,16
FUN_0011ecc8,0x0011ECC8,0x0011ED04,60
FUN_0011ed08,0x0011ED08,0x0011ED1C,20
FUN_0011ed20,0x0011ED20,0x0011ED7C,92
FUN_0011ed80,0x0011ED80,0x0011EDC4,68
FUN_0011edc8,0x0011EDC8,0x0011EEC8,256
FUN_0011eec8,0x0011EEC8,0x0011F074,428
FUN_0011f0c0,0x0011F0C0,0x0011F104,68
FUN_0011f150,0x0011F150,0x0011F190,64
FUN_0011f190,0x0011F190,0x0011F27C,236
FUN_0011f280,0x0011F280,0x0011F2C0,64
FUN_0011f2c0,0x0011F2C0,0x0011F2F4,52
FUN_0011f2f8,0x0011F2F8,0x0011F338,64
FUN_0011f338,0x0011F338,0x0011F430,248
FUN_0011f438,0x0011F438,0x0011F46C,52
FUN_0011f470,0x0011F470,0x0011F4A0,48
FUN_0011f4a0,0x0011F4A0,0x0011F4BC,28
FUN_0011f4c0,0x0011F4C0,0x0011F4D8,24
FUN_0011f4d8,0x0011F4D8,0x0011F4EC,20
FUN_0011f4f0,0x0011F4F0,0x0011F548,88
FUN_0011f548,0x0011F548,0x0011F584,60
FUN_0011f588,0x0011F588,0x0011F5AC,36
FUN_0011f5b0,0x0011F5B0,0x0011F620,112
FUN_0011f620,0x0011F620,0x0011F63C,28
FUN_0011f640,0x0011F640,0x0011F65C,28
FUN_0011f660,0x0011F660,0x0011F6E0,128
FUN_0011f6e0,0x0011F6E0,0x0011F700,32
FUN_0011f700,0x0011F700,0x0011F740,64
FUN_0011f740,0x0011F740,0x0011F77C,60
FUN_0011f780,0x0011F780,0x0011F7BC,60
FUN_0011f7c0,0x0011F7C0,0x0011F7D4,20
FUN_0011f7d8,0x0011F7D8,0x0011F82C,84
FUN_0011f830,0x0011F830,0x0011F880,80
FUN_0011f880,0x0011F880,0x0011F8E0,96
FUN_0011f8e0,0x0011F8E0,0x0011F8F4,20
FUN_0011f8f8,0x0011F8F8,0x0011F964,108
FUN_0011f978,0x0011F978,0x0011F980,8
FUN_0011f980,0x0011F980,0x0011F994,20
FUN_0011f9c8,0x0011F9C8,0x0011F9E4,28
FUN_0011f9e8,0x0011F9E8,0x0011FA0C,36
FUN_0011fa40,0x0011FA40,0x0011FA54,20
FUN_0011fd20,0x0011FD20,0x0011FD30,16
FUN_0011fd40,0x0011FD40,0x0011FD50,16
FUN_0011ff58,0x0011FF58,0x0011FFE8,144
FUN_0011ffe8,0x0011FFE8,0x00120088,160
FUN_00120088,0x00120088,0x00120098,16
FUN_00120098,0x00120098,0x001200AC,20
FUN_001200c0,0x001200C0,0x001200C8,8
FUN_001200d8,0x001200D8,0x00120140,104
FUN_00120140,0x00120140,0x0012014C,12
FUN_00120150,0x00120150,0x0012017C,44
FUN_001201b8,0x001201B8,0x0012022C,116
FUN_00120230,0x00120230,0x00120254,36
FUN_00120258,0x00120258,0x0012029C,68
FUN_001202a0,0x001202A0,0x00120308,104
FUN_00120308,0x00120308,0x00120394,140
FUN_00120398,0x00120398,0x00120424,140
FUN_00120428,0x00120428,0x001204B4,140
FUN_001204b8,0x001204B8,0x00120508,80
FUN_00120508,0x00120508,0x00120558,80
FUN_00120558,0x00120558,0x0012058C,52
FUN_00120590,0x00120590,0x001205C8,56
FUN_001205c8,0x001205C8,0x00120610,72
FUN_00120610,0x00120610,0x001206C0,176
FUN_001206c0,0x001206C0,0x00120728,104
FUN_00120728,0x00120728,0x001207E0,184
FUN_001207e0,0x001207E0,0x001208EC,268
FUN_00120a80,0x00120A80,0x00120A98,24
FUN_00120a98,0x00120A98,0x00120AAC,20
FUN_00120ab0,0x00120AB0,0x00120AC4,20
FUN_00120ac8,0x00120AC8,0x00120ADC,20
FUN_00120ae0,0x00120AE0,0x00120B18,56
FUN_00120b18,0x00120B18,0x00120B20,8
FUN_00120b20,0x00120B20,0x00120B44,36
FUN_00120b48,0x00120B48,0x00120B68,32
FUN_00120b80,0x00120B80,0x00120B94,20
FUN_00120b98,0x00120B98,0x00120BAC,20
FUN_00120bb8,0x00120BB8,0x00120C0C,84
FUN_00120c18,0x00120C18,0x00120C24,12
FUN_00120c28,0x00120C28,0x00120C40,24
FUN_00120c40,0x00120C40,0x00120CA4,100
FUN_00120ca8,0x00120CA8,0x00120CFC,84
FUN_00120db0,0x00120DB0,0x00120E1C,108
FUN_00120e20,0x00120E20,0x00120E8C,108
FUN_00120e90,0x00120E90,0x00120EFC,108
FUN_00120f00,0x00120F00,0x00120F34,52
FUN_00120f88,0x00120F88,0x00120FA0,24
FUN_00120fa0,0x00120FA0,0x00120FC8,40
FUN_00120fc8,0x00120FC8,0x00120FE4,28
FUN_00121008,0x00121008,0x00121054,76
FUN_001210a8,0x001210A8,0x001210D4,44
FUN_001210d8,0x001210D8,0x00121140,104
FUN_00121140,0x00121140,0x001211C4,132
FUN_00121240,0x00121240,0x001212D8,152
FUN_001212d8,0x001212D8,0x001212EC,20
FUN_001212f0,0x001212F0,0x00121304,20
FUN_00121308,0x00121308,0x0012136C,100
FUN_00121370,0x00121370,0x00121384,20
FUN_00121388,0x00121388,0x0012139C,20
FUN_001213a0,0x001213A0,0x00121404,100
FUN_00121408,0x00121408,0x0012141C,20
FUN_00121420,0x00121420,0x00121434,20
FUN_001214a0,0x001214A0,0x00121640,416
FUN_00121640,0x00121640,0x001217D0,400
FUN_001217d0,0x001217D0,0x00121910,320
FUN_00121950,0x00121950,0x0012196C,28
FUN_00121970,0x00121970,0x0012198C,28
FUN_00121990,0x00121990,0x001219D4,68
FUN_001219d8,0x001219D8,0x00121A10,56
FUN_00121a10,0x00121A10,0x00121C18,520
FUN_00121c18,0x00121C18,0x00121C64,76
FUN_00121c68,0x00121C68,0x00121C94,44
FUN_00121c98,0x00121C98,0x00121CD8,64
FUN_00121d48,0x00121D48,0x00121DA8,96
FUN_00121da8,0x00121DA8,0x00121DE0,56
FUN_00121de0,0x00121DE0,0x00121E18,56
FUN_00121e18,0x00121E18,0x00121E20,8
FUN_00121e20,0x00121E20,0x00121E28,8
FUN_00121e28,0x00121E28,0x00121E3C,20
FUN_00121e40,0x00121E40,0x00121E50,16
FUN_00121e50,0x00121E50,0x00121E8C,60
FUN_00121ea8,0x00121EA8,0x00121EBC,20
FUN_00121ec0,0x00121EC0,0x00121ED4,20
FUN_00121ed8,0x00121ED8,0x00121EEC,20
FUN_00121ef0,0x00121EF0,0x00121F04,20
FUN_00121f08,0x00121F08,0x00121F1C,20
FUN_00121f38,0x00121F38,0x00121F50,24
FUN_00121f50,0x00121F50,0x00121F68,24
FUN_00121f68,0x00121F68,0x00121F88,32
FUN_00121f88,0x00121F88,0x00121FA8,32
FUN_00121fa8,0x00121FA8,0x00121FB4,12
FUN_00121fb8,0x00121FB8,0x00121FCC,20
FUN_00121fd0,0x00121FD0,0x00121FFC,44
FUN_00122000,0x00122000,0x00122030,48
FUN_00122030,0x00122030,0x00122084,84
FUN_00122088,0x00122088,0x001220AC,36
FUN_001220b0,0x001220B0,0x001220CC,28
FUN_001220e0,0x001220E0,0x001220F0,16
FUN_001220f0,0x001220F0,0x00122100,16
FUN_00122100,0x00122100,0x00122118,24
FUN_00122118,0x00122118,0x0012213C,36
FUN_00122140,0x00122140,0x00122164,36
FUN_00122168,0x00122168,0x0012218C,36
FUN_00122190,0x00122190,0x001221B8,40
FUN_001221b8,0x001221B8,0x001221E0,40
FUN_001221e0,0x001221E0,0x00122200,32
FUN_00122200,0x00122200,0x00122230,48
FUN_00122230,0x00122230,0x00122258,40
FUN_00122258,0x00122258,0x001222D4,124
FUN_001222d8,0x001222D8,0x0012230C,52
FUN_00122310,0x00122310,0x0012234C,60
FUN_00122350,0x00122350,0x001223C8,120
FUN_001223c8,0x001223C8,0x00122458,144
FUN_00122458,0x00122458,0x001224E0,136
FUN_001224e0,0x001224E0,0x00122588,168
FUN_001225d0,0x001225D0,0x001225F0,32
FUN_00122610,0x00122610,0x00122634,36
FUN_00122698,0x00122698,0x00122790,248
FUN_00122790,0x00122790,0x00122864,212
FUN_00122868,0x00122868,0x0012293C,212
FUN_00122940,0x00122940,0x00122A18,216
FUN_00122a38,0x00122A38,0x00122DB0,888
FUN_00122db0,0x00122DB0,0x00122DE0,48
FUN_00122de0,0x00122DE0,0x00122E10,48
FUN_00122e10,0x00122E10,0x00122E40,48
FUN_00122e40,0x00122E40,0x00122E88,72
FUN_00122e88,0x00122E88,0x00122ED8,80
FUN_00122ed8,0x00122ED8,0x00122F0C,52
FUN_00122f10,0x00122F10,0x00122FA0,144
FUN_00122fa0,0x00122FA0,0x0012306C,204
FUN_00123070,0x00123070,0x001230A8,56
FUN_001230a8,0x001230A8,0x001230B4,12
FUN_001230b8,0x001230B8,0x00123130,120
FUN_00123130,0x00123130,0x001231E0,176
FUN_001231e0,0x001231E0,0x00123274,148
FUN_00123278,0x00123278,0x001232F4,124
FUN_001232f8,0x001232F8,0x00123370,120
FUN_00123370,0x00123370,0x001233F0,128
FUN_001233f0,0x001233F0,0x00123468,120
FUN_00123468,0x00123468,0x001234E8,128
FUN_001234e8,0x001234E8,0x00123588,160
FUN_00123588,0x00123588,0x001235FC,116
FUN_00123600,0x00123600,0x001236AC,172
FUN_001236b0,0x001236B0,0x0012374C,156
FUN_00123750,0x00123750,0x00123804,180
FUN_00123808,0x00123808,0x00123890,136
FUN_00123890,0x00123890,0x00123C44,948
FUN_00123c48,0x00123C48,0x00123CCC,132
FUN_00123cd0,0x00123CD0,0x00123D50,128
FUN_00123d50,0x00123D50,0x00123DC8,120
FUN_00123dc8,0x00123DC8,0x00123E3C,116
FUN_00123e40,0x00123E40,0x00123F48,264
FUN_00123f48,0x00123F48,0x00123FBC,116
FUN_00123fc0,0x00123FC0,0x00123FDC,28
FUN_00123fe0,0x00123FE0,0x00124090,176
FUN_00124090,0x00124090,0x001240B4,36
FUN_001240b8,0x001240B8,0x001240F0,56
FUN_001240f0,0x001240F0,0x00124128,56
FUN_00124128,0x00124128,0x00124150,40
FUN_00124150,0x00124150,0x001241EC,156
FUN_001241f0,0x001241F0,0x00124244,84
FUN_00124248,0x00124248,0x00124298,80
FUN_00124298,0x00124298,0x001242C8,48
FUN_001242c8,0x001242C8,0x001242F0,40
FUN_001242f0,0x001242F0,0x00124418,296
FUN_00124418,0x00124418,0x00124440,40
FUN_00124440,0x00124440,0x00124470,48
FUN_00124470,0x00124470,0x00124498,40
FUN_00124498,0x00124498,0x001244C8,48
FUN_001244c8,0x001244C8,0x001244F0,40
FUN_001244f0,0x001244F0,0x00124520,48
FUN_00124520,0x00124520,0x00124544,36
FUN_00124548,0x00124548,0x0012456C,36
FUN_00124570,0x00124570,0x00124594,36
FUN_00124598,0x00124598,0x001245EC,84
FUN_001245f0,0x001245F0,0x00124634,68
FUN_00124638,0x00124638,0x00124688,80
FUN_00124688,0x00124688,0x001246A4,28
FUN_001246a8,0x001246A8,0x001246E0,56
FUN_001246e0,0x001246E0,0x001248A0,448
FUN_001248a0,0x001248A0,0x00124938,152
FUN_00124938,0x00124938,0x001249A8,112
FUN_001249a8,0x001249A8,0x00124A28,128
FUN_00124a28,0x00124A28,0x00124A70,72
FUN_00124a70,0x00124A70,0x00124B50,224
FUN_00124b50,0x00124B50,0x00124C34,228
FUN_00124c38,0x00124C38,0x00124D70,312
FUN_00124d70,0x00124D70,0x00124DC0,80
FUN_00124dc0,0x00124DC0,0x00124E60,160
FUN_00124e60,0x00124E60,0x00124EA0,64
FUN_00124ea0,0x00124EA0,0x00124EE0,64
FUN_00124ee0,0x00124EE0,0x00124F04,36
FUN_00124f08,0x00124F08,0x00124F48,64
FUN_00124f48,0x00124F48,0x00124F64,28
FUN_00124f68,0x00124F68,0x00124F88,32
FUN_00124f88,0x00124F88,0x001250CC,324
FUN_001250d0,0x001250D0,0x00125124,84
FUN_00125128,0x00125128,0x0012513C,20
FUN_00125170,0x00125170,0x00125184,20
FUN_00125188,0x00125188,0x0012519C,20
FUN_001251a0,0x001251A0,0x001251CC,44
FUN_001251e8,0x001251E8,0x00125278,144
FUN_00125278,0x00125278,0x001252D4,92
FUN_001252d8,0x001252D8,0x00125318,64
FUN_00125318,0x00125318,0x0012532C,20
FUN_00125330,0x00125330,0x001253F8,200
FUN_001253f8,0x001253F8,0x0012540C,20
FUN_00125410,0x00125410,0x00125440,48
FUN_00125440,0x00125440,0x001254C8,136
FUN_001254c8,0x001254C8,0x00125568,160
FUN_00125568,0x00125568,0x0012583C,724
FUN_00125840,0x00125840,0x0012588C,76
FUN_00125890,0x00125890,0x001258E0,80
FUN_001258e0,0x001258E0,0x0012590C,44
FUN_00125910,0x00125910,0x0012593C,44
FUN_00125940,0x00125940,0x0012596C,44
FUN_00125970,0x00125970,0x00125998,40
FUN_00125998,0x00125998,0x001259B8,32
FUN_001259b8,0x001259B8,0x001259F0,56
FUN_001259f0,0x001259F0,0x00125A04,20
FUN_00125d50,0x00125D50,0x00125F98,584
FUN_00125f98,0x00125F98,0x001260A8,272
FUN_001260a8,0x001260A8,0x001261D4,300
FUN_001261d8,0x001261D8,0x00126234,92
FUN_00126240,0x00126240,0x00126328,232
FUN_00126328,0x00126328,0x001263D8,176
FUN_001263d8,0x001263D8,0x001264C4,236
FUN_001264c8,0x001264C8,0x00126510,72
FUN_00126510,0x00126510,0x00126568,88
FUN_00126568,0x00126568,0x00126604,156
FUN_00126608,0x00126608,0x0012661C,20
FUN_00126620,0x00126620,0x00126628,8
FUN_00126628,0x00126628,0x00126880,600
FUN_00126880,0x00126880,0x00126B08,648
FUN_00126b10,0x00126B10,0x00126B84,116
FUN_00126b88,0x00126B88,0x00126CBC,308
FUN_00126cc0,0x00126CC0,0x00126D3C,124
FUN_00126d40,0x00126D40,0x00126DD4,148
FUN_00126dd8,0x00126DD8,0x00126E6C,148
FUN_00126e70,0x00126E70,0x00126E84,20
FUN_00126e88,0x00126E88,0x00126E9C,20
FUN_00126eb0,0x00126EB0,0x00126EC4,20
FUN_00126ec8,0x00126EC8,0x00126ED4,12
FUN_00126ed8,0x00126ED8,0x00126F14,60
FUN_00126f18,0x00126F18,0x00126FAC,148
FUN_00126fb0,0x00126FB0,0x00126FF0,64
FUN_00126ff0,0x00126FF0,0x00127004,20
FUN_00127008,0x00127008,0x00127028,32
FUN_00127028,0x00127028,0x00127048,32
FUN_00127048,0x00127048,0x00127068,32
FUN_00127068,0x00127068,0x001270E4,124
FUN_001270e8,0x001270E8,0x00127120,56
FUN_00127120,0x00127120,0x0012712C,12
FUN_00127130,0x00127130,0x001271A0,112
FUN_001271a0,0x001271A0,0x001271E8,72
FUN_001271e8,0x001271E8,0x0012722C,68
FUN_00127230,0x00127230,0x00127250,32
FUN_00127250,0x00127250,0x00127278,40
FUN_00127278,0x00127278,0x001272AC,52
FUN_001272b0,0x001272B0,0x00127430,384
FUN_00127430,0x00127430,0x00127680,592
FUN_00127680,0x00127680,0x001278B0,560
FUN_001278b0,0x001278B0,0x00127C40,912
FUN_00127c40,0x00127C40,0x0012816C,1324
FUN_00128170,0x00128170,0x00128230,192
FUN_00128230,0x00128230,0x00128314,228
FUN_00128318,0x00128318,0x001283F0,216
FUN_001283f0,0x001283F0,0x0012852C,316
FUN_00128530,0x00128530,0x00128728,504
FUN_00128728,0x00128728,0x0012878C,100
FUN_00128790,0x00128790,0x001288C4,308
FUN_001288c8,0x001288C8,0x001288F0,40
FUN_001288f0,0x001288F0,0x00128960,112
FUN_00128960,0x00128960,0x00128988,40
FUN_00128988,0x00128988,0x001289B8,48
FUN_001289b8,0x001289B8,0x001289E0,40
FUN_001289e0,0x001289E0,0x00128A50,112
FUN_00128a50,0x00128A50,0x00128A78,40
FUN_00128a78,0x00128A78,0x00128AAC,52
FUN_00128ab0,0x00128AB0,0x00128AD4,36
FUN_00128ad8,0x00128AD8,0x00128B00,40
FUN_00128b00,0x00128B00,0x00128B28,40
FUN_00128b28,0x00128B28,0x00128B50,40
FUN_00128b50,0x00128B50,0x00128B78,40
FUN_00128b78,0x00128B78,0x00128BA4,44
FUN_00128ba8,0x00128BA8,0x00128BC8,32
FUN_00128bc8,0x00128BC8,0x0012916C,1444
FUN_00129170,0x00129170,0x001291B8,72
FUN_001291c0,0x001291C0,0x00129258,152
FUN_00129258,0x00129258,0x00129278,32
FUN_00129278,0x00129278,0x00129298,32
FUN_00129298,0x00129298,0x001292B8,32
FUN_001292b8,0x001292B8,0x001292CC,20
FUN_001292d0,0x001292D0,0x00129308,56
FUN_00129308,0x00129308,0x0012944C,324
FUN_00129450,0x00129450,0x0012954C,252
FUN_00129550,0x00129550,0x00129584,52
FUN_00129588,0x00129588,0x001295C4,60
FUN_001295c8,0x001295C8,0x00129614,76
FUN_00129618,0x00129618,0x00129654,60
FUN_00129658,0x00129658,0x00129680,40
FUN_00129680,0x00129680,0x001296B8,56
FUN_001296b8,0x001296B8,0x00129728,112
FUN_00129728,0x00129728,0x00129770,72
FUN_00129770,0x00129770,0x001297B8,72
FUN_001297b8,0x001297B8,0x00129808,80
FUN_00129808,0x00129808,0x00129838,48
FUN_00129838,0x00129838,0x00129854,28
FUN_00129858,0x00129858,0x00129884,44
FUN_00129888,0x00129888,0x001298AC,36
FUN_001298b0,0x001298B0,0x001299D0,288
FUN_001299d0,0x001299D0,0x00129A64,148
FUN_00129a68,0x00129A68,0x00129B20,184
FUN_00129b20,0x00129B20,0x00129D60,576
FUN_00129d60,0x00129D60,0x00129DFC,156
FUN_00129e00,0x00129E00,0x00129E74,116
FUN_00129e78,0x00129E78,0x00129EE4,108
FUN_00129ee8,0x00129EE8,0x00129F24,60
FUN_00129f28,0x00129F28,0x00129F54,44
FUN_00129f58,0x00129F58,0x00129FD4,124
FUN_00129fd8,0x00129FD8,0x0012A054,124
FUN_0012a058,0x0012A058,0x0012A11C,196
FUN_0012a120,0x0012A120,0x0012A1D4,180
FUN_0012a1d8,0x0012A1D8,0x0012A2D8,256
FUN_0012a2d8,0x0012A2D8,0x0012A39C,196
FUN_0012a458,0x0012A458,0x0012A470,24
FUN_0012a470,0x0012A470,0x0012A80C,924
FUN_0012a810,0x0012A810,0x0012A848,56
FUN_0012a848,0x0012A848,0x0012A9E8,416
FUN_0012a9e8,0x0012A9E8,0x0012A9F4,12
FUN_0012a9f8,0x0012A9F8,0x0012AA04,12
FUN_0012aa08,0x0012AA08,0x0012AA14,12
FUN_0012aa18,0x0012AA18,0x0012AA60,72
FUN_0012aa60,0x0012AA60,0x0012AA6C,12
FUN_0012aa70,0x0012AA70,0x0012AAC8,88
FUN_0012aac8,0x0012AAC8,0x0012AAE8,32
FUN_0012aae8,0x0012AAE8,0x0012AB0C,36
FUN_0012ab10,0x0012AB10,0x0012AB38,40
FUN_0012ab38,0x0012AB38,0x0012AB58,32
FUN_0012ab58,0x0012AB58,0x0012AB90,56
FUN_0012ab90,0x0012AB90,0x0012ABB4,36
FUN_0012abb8,0x0012ABB8,0x0012ABD8,32
FUN_0012abd8,0x0012ABD8,0x0012ABF8,32
FUN_0012abf8,0x0012ABF8,0x0012AC18,32
FUN_0012ac18,0x0012AC18,0x0012AC38,32
FUN_0012ac38,0x0012AC38,0x0012AC60,40
FUN_0012ac60,0x0012AC60,0x0012AC94,52
FUN_0012ac98,0x0012AC98,0x0012ACCC,52
FUN_0012acd0,0x0012ACD0,0x0012ACF0,32
FUN_0012acf0,0x0012ACF0,0x0012AD20,48
FUN_0012ad20,0x0012AD20,0x0012AD50,48
FUN_0012ad50,0x0012AD50,0x0012AD90,64
FUN_0012ad90,0x0012AD90,0x0012ADD0,64
FUN_0012add0,0x0012ADD0,0x0012AE18,72
FUN_0012ae18,0x0012AE18,0x0012AE58,64
FUN_0012ae58,0x0012AE58,0x0012AE98,64
FUN_0012ae98,0x0012AE98,0x0012AED8,64
FUN_0012aed8,0x0012AED8,0x0012AF18,64
FUN_0012af18,0x0012AF18,0x0012AF58,64
FUN_0012af58,0x0012AF58,0x0012AF98,64
FUN_0012af98,0x0012AF98,0x0012AFE4,76
FUN_0012afe8,0x0012AFE8,0x0012B028,64
FUN_0012b028,0x0012B028,0x0012B054,44
FUN_0012b058,0x0012B058,0x0012B0BC,100
FUN_0012b0c0,0x0012B0C0,0x0012B124,100
FUN_0012b128,0x0012B128,0x0012B18C,100
FUN_0012b190,0x0012B190,0x0012B1D0,64
FUN_0012b1d0,0x0012B1D0,0x0012B210,64
FUN_0012b210,0x0012B210,0x0012B250,64
FUN_0012b250,0x0012B250,0x0012B29C,76
FUN_0012b2a0,0x0012B2A0,0x0012B2EC,76
FUN_0012b2f0,0x0012B2F0,0x0012B374,132
FUN_0012b378,0x0012B378,0x0012B428,176
FUN_0012b428,0x0012B428,0x0012B48C,100
FUN_0012b490,0x0012B490,0x0012B4F0,96
FUN_0012b4f0,0x0012B4F0,0x0012B570,128
FUN_0012b570,0x0012B570,0x0012B5DC,108
FUN_0012b5e0,0x0012B5E0,0x0012B650,112
FUN_0012b650,0x0012B650,0x0012B6E0,144
FUN_0012b6e0,0x0012B6E0,0x0012B7F8,280
FUN_0012b7f8,0x0012B7F8,0x0012B9BC,452
FUN_0012b9c0,0x0012B9C0,0x0012BBD0,528
FUN_0012bbd0,0x0012BBD0,0x0012BD0C,316
FUN_0012bd10,0x0012BD10,0x0012BD58,72
FUN_0012bd58,0x0012BD58,0x0012BD78,32
FUN_0012bd78,0x0012BD78,0x0012BD8C,20
FUN_0012bd90,0x0012BD90,0x0012BDA4,20
FUN_0012bda8,0x0012BDA8,0x0012BDBC,20
FUN_0012bdf8,0x0012BDF8,0x0012BE58,96
FUN_0012be58,0x0012BE58,0x0012BE8C,52
FUN_0012bec8,0x0012BEC8,0x0012BEDC,20
FUN_0012bee0,0x0012BEE0,0x0012BEF4,20
FUN_0012bef8,0x0012BEF8,0x0012BF0C,20
FUN_0012bf10,0x0012BF10,0x0012BF24,20
FUN_0012bf40,0x0012BF40,0x0012BF54,20
FUN_0012bf58,0x0012BF58,0x0012BF6C,20
FUN_0012bf70,0x0012BF70,0x0012BF84,20
FUN_0012bf88,0x0012BF88,0x0012BFA0,24
FUN_0012bfa0,0x0012BFA0,0x0012BFB8,24
FUN_0012bfb8,0x0012BFB8,0x0012BFCC,20
FUN_0012bfd0,0x0012BFD0,0x0012BFE4,20
FUN_0012bfe8,0x0012BFE8,0x0012BFFC,20
FUN_0012c000,0x0012C000,0x0012C014,20
FUN_0012c018,0x0012C018,0x0012C02C,20
FUN_0012c030,0x0012C030,0x0012C044,20
FUN_0012c048,0x0012C048,0x0012C080,56
FUN_0012c080,0x0012C080,0x0012C130,176
FUN_0012c130,0x0012C130,0x0012C18C,92
FUN_0012c190,0x0012C190,0x0012C1EC,92
FUN_0012c1f0,0x0012C1F0,0x0012C2B0,192
FUN_0012c2b0,0x0012C2B0,0x0012C30C,92
FUN_0012c310,0x0012C310,0x0012C36C,92
FUN_0012c370,0x0012C370,0x0012C3CC,92
FUN_0012c430,0x0012C430,0x0012C48C,92
FUN_0012c490,0x0012C490,0x0012C4EC,92
FUN_0012c4f0,0x0012C4F0,0x0012C504,20
FUN_0012c508,0x0012C508,0x0012C53C,52
FUN_0012c540,0x0012C540,0x0012C574,52
FUN_0012c578,0x0012C578,0x0012C5AC,52
FUN_0012c5b0,0x0012C5B0,0x0012C5D8,40
FUN_0012c5d8,0x0012C5D8,0x0012C610,56
FUN_0012c610,0x0012C610,0x0012C630,32
FUN_0012c630,0x0012C630,0x0012C670,64
FUN_0012c670,0x0012C670,0x0012C6B8,72
FUN_0012c6b8,0x0012C6B8,0x0012C6EC,52
FUN_0012c6f8,0x0012C6F8,0x0012C738,64
FUN_0012c738,0x0012C738,0x0012C778,64
FUN_0012c778,0x0012C778,0x0012C7D4,92
FUN_0012c7d8,0x0012C7D8,0x0012C7F8,32
FUN_0012c7f8,0x0012C7F8,0x0012C818,32
FUN_0012c818,0x0012C818,0x0012C838,32
FUN_0012c838,0x0012C838,0x0012C84C,20
FUN_0012c868,0x0012C868,0x0012C87C,20
FUN_0012c880,0x0012C880,0x0012C8AC,44
FUN_0012c8b0,0x0012C8B0,0x0012C8DC,44
FUN_0012c8e0,0x0012C8E0,0x0012C970,144
FUN_0012c970,0x0012C970,0x0012C990,32
FUN_0012c990,0x0012C990,0x0012C9A4,20
FUN_0012c9a8,0x0012C9A8,0x0012C9BC,20
FUN_0012c9c0,0x0012C9C0,0x0012C9D8,24
FUN_0012c9d8,0x0012C9D8,0x0012C9EC,20
FUN_0012c9f0,0x0012C9F0,0x0012CAE4,244
FUN_0012cae8,0x0012CAE8,0x0012CB60,120
FUN_0012cb60,0x0012CB60,0x0012CB98,56
FUN_0012cb98,0x0012CB98,0x0012CBC8,48
FUN_0012cbc8,0x0012CBC8,0x0012CCD0,264
FUN_0012ccd0,0x0012CCD0,0x0012CD30,96
FUN_0012cd30,0x0012CD30,0x0012CD54,36
FUN_0012cd58,0x0012CD58,0x0012CD78,32
FUN_0012cd78,0x0012CD78,0x0012CD90,24
FUN_0012cd90,0x0012CD90,0x0012CDE4,84
FUN_0012cde8,0x0012CDE8,0x0012CE2C,68
FUN_0012ce30,0x0012CE30,0x0012CE3C,12
FUN_0012ce40,0x0012CE40,0x0012CE88,72
FUN_0012ce88,0x0012CE88,0x0012CECC,68
FUN_0012ced0,0x0012CED0,0x0012CF3C,108
FUN_0012cf40,0x0012CF40,0x0012CF48,8
FUN_0012cf48,0x0012CF48,0x0012CF50,8
FUN_0012cf50,0x0012CF50,0x0012CF5C,12
FUN_0012cf60,0x0012CF60,0x0012CFF0,144
FUN_0012cff0,0x0012CFF0,0x0012D058,104
FUN_0012d058,0x0012D058,0x0012D084,44
FUN_0012d088,0x0012D088,0x0012D094,12
FUN_0012d098,0x0012D098,0x0012D0C8,48
FUN_0012d0c8,0x0012D0C8,0x0012D0FC,52
FUN_0012d100,0x0012D100,0x0012D140,64
FUN_0012d150,0x0012D150,0x0012D164,20
FUN_0012d168,0x0012D168,0x0012D17C,20
FUN_0012d180,0x0012D180,0x0012D1A8,40
FUN_0012d1a8,0x0012D1A8,0x0012D1D0,40
FUN_0012d1d0,0x0012D1D0,0x0012D294,196
FUN_0012d298,0x0012D298,0x0012D408,368
FUN_0012d420,0x0012D420,0x0012D434,20
FUN_0012d438,0x0012D438,0x0012D450,24
FUN_0012d450,0x0012D450,0x0012D650,512
FUN_0012d650,0x0012D650,0x0012D6F8,168
FUN_0012d6f8,0x0012D6F8,0x0012D73C,68
FUN_0012d740,0x0012D740,0x0012D784,68
FUN_0012d7e0,0x0012D7E0,0x0012D864,132
FUN_0012d868,0x0012D868,0x0012D918,176
FUN_0012d918,0x0012D918,0x0012D964,76
FUN_0012d968,0x0012D968,0x0012D998,48
FUN_0012d9a0,0x0012D9A0,0x0012D9A8,8
FUN_0012d9a8,0x0012D9A8,0x0012DA98,240
FUN_0012da98,0x0012DA98,0x0012DB60,200
FUN_0012db60,0x0012DB60,0x0012DBDC,124
FUN_0012dbe0,0x0012DBE0,0x0012DC38,88
FUN_0012dc38,0x0012DC38,0x0012DC98,96
FUN_0012dc98,0x0012DC98,0x0012DD04,108
FUN_0012dd08,0x0012DD08,0x0012DD7C,116
FUN_0012dd80,0x0012DD80,0x0012DDBC,60
FUN_0012ddc0,0x0012DDC0,0x0012DE00,64
FUN_0012de00,0x0012DE00,0x0012DEA8,168
FUN_0012dea8,0x0012DEA8,0x0012E040,408
FUN_0012e040,0x0012E040,0x0012E074,52
FUN_0012e078,0x0012E078,0x0012E09C,36
FUN_0012e0a0,0x0012E0A0,0x0012E0A8,8
FUN_0012e0a8,0x0012E0A8,0x0012E0E8,64
FUN_0012e0e8,0x0012E0E8,0x0012E15C,116
FUN_0012e160,0x0012E160,0x0012E254,244
FUN_0012e258,0x0012E258,0x0012E3BC,356
FUN_0012e3c0,0x0012E3C0,0x0012E420,96
FUN_0012e420,0x0012E420,0x0012E458,56
FUN_0012e458,0x0012E458,0x0012E648,496
FUN_0012e648,0x0012E648,0x0012E714,204
FUN_0012e718,0x0012E718,0x0012E738,32
FUN_0012e738,0x0012E738,0x0012E74C,20
FUN_0012e750,0x0012E750,0x0012E768,24
FUN_0012e768,0x0012E768,0x0012E798,48
FUN_0012e798,0x0012E798,0x0012E7C8,48
FUN_0012e7c8,0x0012E7C8,0x0012E7E8,32
FUN_0012e7e8,0x0012E7E8,0x0012E7FC,20
FUN_0012e800,0x0012E800,0x0012E818,24
FUN_0012e818,0x0012E818,0x0012E850,56
FUN_0012e850,0x0012E850,0x0012E90C,188
FUN_0012e910,0x0012E910,0x0012E948,56
FUN_0012e948,0x0012E948,0x0012E9AC,100
FUN_0012e9b0,0x0012E9B0,0x0012EA0C,92
FUN_0012ea10,0x0012EA10,0x0012EA54,68
FUN_0012eb10,0x0012EB10,0x0012ECC8,440
FUN_0012ecc8,0x0012ECC8,0x0012ED40,120
FUN_0012ed40,0x0012ED40,0x0012EEA0,352
FUN_0012eea0,0x0012EEA0,0x0012EF24,132
FUN_0012ef28,0x0012EF28,0x0012EF90,104
FUN_0012ef90,0x0012EF90,0x0012EFA0,16
FUN_0012efe8,0x0012EFE8,0x0012F000,24
FUN_0012f030,0x0012F030,0x0012F048,24
FUN_0012f090,0x0012F090,0x0012F0A4,20
FUN_0012f0d8,0x0012F0D8,0x0012F0F0,24
FUN_0012f0f0,0x0012F0F0,0x0012F120,48
FUN_0012f120,0x0012F120,0x0012F154,52
FUN_0012f158,0x0012F158,0x0012F1A8,80
FUN_0012f1a8,0x0012F1A8,0x0012F328,384
FUN_0012f328,0x0012F328,0x0012F550,552
FUN_0012f550,0x0012F550,0x0012F588,56
FUN_0012f588,0x0012F588,0x0012F5B4,44
FUN_0012f5b8,0x0012F5B8,0x0012F5EC,52
FUN_0012f5f0,0x0012F5F0,0x0012F6A0,176
FUN_0012f6a0,0x0012F6A0,0x0012F6AC,12
FUN_0012f6d8,0x0012F6D8,0x0012F6E4,12
FUN_0012f6e8,0x0012F6E8,0x0012F71C,52
FUN_0012f720,0x0012F720,0x0012F810,240
FUN_0012f810,0x0012F810,0x0012F990,384
FUN_0012f990,0x0012F990,0x0012FCAC,796
FUN_0012fcb0,0x0012FCB0,0x0012FEE8,568
FUN_0012fee8,0x0012FEE8,0x001301AC,708
FUN_001301b0,0x001301B0,0x00130318,360
FUN_00130318,0x00130318,0x001303B8,160
FUN_001303b8,0x001303B8,0x00130500,328
FUN_00130500,0x00130500,0x00130654,340
FUN_00130658,0x00130658,0x001307A0,328
FUN_001307a0,0x001307A0,0x001308E0,320
FUN_00130b98,0x00130B98,0x00130BA4,12
FUN_00130ba8,0x00130BA8,0x00130D34,396
FUN_00130d38,0x00130D38,0x00130DD8,160
FUN_00130dd8,0x00130DD8,0x00130F38,352
FUN_00130f38,0x00130F38,0x00131030,248
FUN_00131030,0x00131030,0x001312A8,632
FUN_001312a8,0x001312A8,0x00131474,460
FUN_00131478,0x00131478,0x00131640,456
FUN_00131640,0x00131640,0x00131828,488
FUN_00131828,0x00131828,0x00131A20,504
FUN_00131a20,0x00131A20,0x0013228C,2156
FUN_00132290,0x00132290,0x00132858,1480
FUN_00132858,0x00132858,0x00132B5C,772
FUN_00132b60,0x00132B60,0x00132E80,800
FUN_00132e80,0x00132E80,0x00133398,1304
FUN_00133398,0x00133398,0x001333C8,48
FUN_001333c8,0x001333C8,0x00133474,172
FUN_00133478,0x00133478,0x00133480,8
FUN_00133480,0x00133480,0x001335D8,344
FUN_001335d8,0x001335D8,0x00133670,152
FUN_00133670,0x00133670,0x001336A0,48
FUN_001336a0,0x001336A0,0x001336BC,28
FUN_001336c0,0x001336C0,0x00133730,112
FUN_00133730,0x00133730,0x00133C40,1296
FUN_00133c40,0x00133C40,0x00133F10,720
FUN_00133f10,0x00133F10,0x0013414C,572
FUN_00134150,0x00134150,0x001341DC,140
FUN_001341e0,0x001341E0,0x00134200,32
FUN_00134200,0x00134200,0x0013426C,108
FUN_00134270,0x00134270,0x001343F4,388
FUN_001343f8,0x001343F8,0x00134458,96
FUN_00134458,0x00134458,0x001346B4,604
FUN_001346b8,0x001346B8,0x00134798,224
FUN_00134798,0x00134798,0x00134934,412
FUN_00134938,0x00134938,0x00134A34,252
FUN_00134a38,0x00134A38,0x00134A90,88
FUN_00134a90,0x00134A90,0x00134B6C,220
FUN_00134b70,0x00134B70,0x00134FDC,1132
FUN_00134fe0,0x00134FE0,0x0013506C,140
FUN_00135070,0x00135070,0x001350AC,60
FUN_001350b0,0x001350B0,0x001350E0,48
FUN_001350e0,0x001350E0,0x001351C8,232
FUN_001351c8,0x001351C8,0x001351DC,20
FUN_001351e0,0x001351E0,0x00135200,32
FUN_00135200,0x00135200,0x00135328,296
FUN_00135328,0x00135328,0x0013541C,244
FUN_00135420,0x00135420,0x0013560C,492
FUN_00135610,0x00135610,0x0013564C,60
FUN_00135690,0x00135690,0x001356E4,84
FUN_001356e8,0x001356E8,0x001358BC,468
FUN_001358c0,0x001358C0,0x001358EC,44
FUN_001358f0,0x001358F0,0x0013592C,60
FUN_00135930,0x00135930,0x00135A58,296
FUN_00135a58,0x00135A58,0x00135AA8,80
FUN_00135aa8,0x00135AA8,0x00135AB0,8
FUN_00135ab0,0x00135AB0,0x00135C4C,412
FUN_00135c50,0x00135C50,0x00135CC0,112
FUN_00135cc0,0x00135CC0,0x00135D7C,188
FUN_00135d80,0x00135D80,0x0013675C,2524
FUN_00136760,0x00136760,0x001367CC,108
FUN_001367d0,0x001367D0,0x0013683C,108
FUN_00136840,0x00136840,0x00136AC8,648
FUN_00136ac8,0x00136AC8,0x00136CC0,504
FUN_00136cc0,0x00136CC0,0x00136D28,104
FUN_00136d28,0x00136D28,0x00136E84,348
FUN_00136e88,0x00136E88,0x00136EBC,52
FUN_00136ec0,0x00136EC0,0x00136F98,216
FUN_00136f98,0x00136F98,0x00136FAC,20
FUN_00136fb8,0x00136FB8,0x0013769C,1764
FUN_001376a0,0x001376A0,0x001376C4,36
FUN_001376d0,0x001376D0,0x001377F0,288
FUN_001377f0,0x001377F0,0x001378C8,216
FUN_001378c8,0x001378C8,0x001379D4,268
FUN_00137b18,0x00137B18,0x00137B54,60
FUN_00137bd0,0x00137BD0,0x00137BF4,36
FUN_00137bf8,0x00137BF8,0x00137C14,28
FUN_00137c18,0x00137C18,0x00137C38,32
FUN_00137c38,0x00137C38,0x00137C6C,52
FUN_00137c70,0x00137C70,0x00137CD0,96
FUN_00137cd0,0x00137CD0,0x00137D08,56
FUN_00137d10,0x00137D10,0x00137D50,64
FUN_00137d50,0x00137D50,0x00137DF8,168
FUN_00137df8,0x00137DF8,0x00137F58,352
FUN_00137f60,0x00137F60,0x00137FD4,116
FUN_00137fd8,0x00137FD8,0x00138070,152
FUN_00138070,0x00138070,0x001380BC,76
FUN_001380c0,0x001380C0,0x00138174,180
FUN_00138178,0x00138178,0x00138450,728
FUN_00138450,0x00138450,0x00138488,56
FUN_00138488,0x00138488,0x001384E0,88
FUN_001384e0,0x001384E0,0x00138530,80
FUN_00138530,0x00138530,0x00138538,8
FUN_00138538,0x00138538,0x00138540,8
FUN_00138540,0x00138540,0x001385F8,184
FUN_001385f8,0x001385F8,0x001386B0,184
FUN_001386b0,0x001386B0,0x00138778,200
FUN_00138778,0x00138778,0x00138978,512
FUN_00138978,0x00138978,0x00138BDC,612
FUN_00138be0,0x00138BE0,0x00139184,1444
FUN_00139188,0x00139188,0x00139404,636
FUN_00139408,0x00139408,0x001395E8,480
FUN_001395e8,0x001395E8,0x001396F8,272
FUN_001396f8,0x001396F8,0x001398D8,480
FUN_001398d8,0x001398D8,0x00139A40,360
FUN_00139a40,0x00139A40,0x00139C3C,508
FUN_00139c40,0x00139C40,0x00139D74,308
FUN_00139d78,0x00139D78,0x0013A384,1548
FUN_0013a388,0x0013A388,0x0013A3EC,100
FUN_0013a3f0,0x0013A3F0,0x0013A58C,412
FUN_0013a590,0x0013A590,0x0013A9D0,1088
FUN_0013a9d0,0x0013A9D0,0x0013B0CC,1788
FUN_0013b0d0,0x0013B0D0,0x0013B104,52
FUN_0013b108,0x0013B108,0x0013B13C,52
FUN_0013b140,0x0013B140,0x0013B174,52
FUN_0013b1b0,0x0013B1B0,0x0013B908,1880
FUN_0013b908,0x0013B908,0x0013BF34,1580
FUN_0013bf38,0x0013BF38,0x0013C300,968
FUN_0013c300,0x0013C300,0x0013C634,820
FUN_0013c638,0x0013C638,0x0013CA80,1096
FUN_0013ca80,0x0013CA80,0x0013CDE4,868
FUN_0013cde8,0x0013CDE8,0x0013CE8C,164
FUN_0013ce90,0x0013CE90,0x0013CFF4,356
FUN_0013cff8,0x0013CFF8,0x0013D094,156
FUN_0013d098,0x0013D098,0x0013D230,408
FUN_0013d230,0x0013D230,0x0013DB8C,2396
FUN_0013db90,0x0013DB90,0x0013DBC8,56
FUN_0013dbc8,0x0013DBC8,0x0013DC08,64
FUN_0013dc08,0x0013DC08,0x0013DDBC,436
FUN_0013ddc0,0x0013DDC0,0x0013E0B4,756
FUN_0013e0b8,0x0013E0B8,0x0013E174,188
FUN_0013e178,0x0013E178,0x0013E244,204
FUN_0013e248,0x0013E248,0x0013E308,192
FUN_0013e308,0x0013E308,0x0013E50C,516
FUN_0013e510,0x0013E510,0x0013E598,136
FUN_0013e598,0x0013E598,0x0013E6F4,348
FUN_0013e6f8,0x0013E6F8,0x0013E788,144
FUN_0013e788,0x0013E788,0x0013E7F8,112
FUN_0013e7f8,0x0013E7F8,0x0013E8D0,216
FUN_0013e8d0,0x0013E8D0,0x0013E950,128
FUN_0013e950,0x0013E950,0x0013EA00,176
FUN_0013ea00,0x0013EA00,0x0013EA34,52
FUN_0013ea40,0x0013EA40,0x0013EA88,72
FUN_0013ea88,0x0013EA88,0x0013EB8C,260
FUN_0013ebc0,0x0013EBC0,0x0013F258,1688
FUN_0013f258,0x0013F258,0x0013F2E0,136
FUN_0013f2e0,0x0013F2E0,0x0013F2E8,8
FUN_0013f2e8,0x0013F2E8,0x0013F310,40
FUN_0013f310,0x0013F310,0x0013F39C,140
FUN_0013f3a0,0x0013F3A0,0x0013F3C8,40
FUN_0013f3c8,0x0013F3C8,0x0013F3D8,16
FUN_0013f430,0x0013F430,0x0013F46C,60
FUN_0013f470,0x0013F470,0x0013F4BC,76
FUN_0013f4c0,0x0013F4C0,0x0013F528,104
FUN_0013f528,0x0013F528,0x0013F568,64
FUN_0013f568,0x0013F568,0x0013F5BC,84
FUN_0013f5c0,0x0013F5C0,0x0013F78C,460
FUN_0013f790,0x0013F790,0x0013F7BC,44
FUN_0013f7c0,0x0013F7C0,0x0013F7FC,60
FUN_0013f800,0x0013F800,0x0013F884,132
FUN_0013f890,0x0013F890,0x0013F898,8
FUN_0013f898,0x0013F898,0x0013F928,144
FUN_0013f928,0x0013F928,0x0013F9A0,120
FUN_0013f9a0,0x0013F9A0,0x0013F9D8,56
FUN_0013f9d8,0x0013F9D8,0x0013FBD4,508
FUN_0013fbd8,0x0013FBD8,0x0013FC74,156
FUN_0013fc78,0x0013FC78,0x0013FD24,172
FUN_0013fd28,0x0013FD28,0x00140334,1548
FUN_00140338,0x00140338,0x00140358,32
FUN_00140358,0x00140358,0x00140404,172
FUN_00140408,0x00140408,0x00140474,108
FUN_00140478,0x00140478,0x00140630,440
FUN_00140630,0x00140630,0x001406E8,184
FUN_001406e8,0x001406E8,0x00140ED0,2024
FUN_00140ed0,0x00140ED0,0x001412E4,1044
FUN_001412e8,0x001412E8,0x00141554,620
FUN_00141558,0x00141558,0x001416E0,392
FUN_001416e0,0x001416E0,0x00141784,164
FUN_00141788,0x00141788,0x001417A8,32
FUN_001417a8,0x001417A8,0x001417E8,64
FUN_001417e8,0x001417E8,0x001418D4,236
FUN_001418d8,0x001418D8,0x00142274,2460
FUN_00142278,0x00142278,0x001422D8,96
FUN_001422d8,0x001422D8,0x00142300,40
FUN_00142300,0x00142300,0x00142CA0,2464
FUN_00142ca0,0x00142CA0,0x00142D80,224
FUN_00142d80,0x00142D80,0x00142DD0,80
FUN_00142dd0,0x00142DD0,0x00142E58,136
FUN_00142e58,0x00142E58,0x00142EAC,84
FUN_00142eb0,0x00142EB0,0x00142F10,96
FUN_00142f10,0x00142F10,0x00142F38,40
FUN_00142f38,0x00142F38,0x0014369C,1892
FUN_001436a0,0x001436A0,0x001437B4,276
FUN_001437b8,0x001437B8,0x00143808,80
FUN_00143808,0x00143808,0x0014386C,100
FUN_00143870,0x00143870,0x001438C4,84
FUN_001438c8,0x001438C8,0x00143928,96
FUN_00143928,0x00143928,0x00143C0C,740
FUN_00143c10,0x00143C10,0x00143CE0,208
FUN_00143ce0,0x00143CE0,0x00143EAC,460
FUN_00143eb0,0x00143EB0,0x00144058,424
FUN_00144058,0x00144058,0x001440B4,92
FUN_001440b8,0x001440B8,0x00144118,96
FUN_00144118,0x00144118,0x00144320,520
FUN_00144320,0x00144320,0x00144400,224
FUN_00144400,0x00144400,0x001445AC,428
FUN_001445b0,0x001445B0,0x0014467C,204
FUN_00144680,0x00144680,0x001446CC,76
FUN_001446d0,0x001446D0,0x00144730,96
FUN_00144730,0x00144730,0x00144AA8,888
FUN_00144aa8,0x00144AA8,0x00144B88,224
FUN_00144b88,0x00144B88,0x00144CF4,364
FUN_00144cf8,0x00144CF8,0x00144E8C,404
FUN_00144e90,0x00144E90,0x00144EE4,84
FUN_00144ee8,0x00144EE8,0x00144F48,96
FUN_00144f48,0x00144F48,0x001452E0,920
FUN_001452e0,0x001452E0,0x001453C8,232
FUN_001453c8,0x001453C8,0x00145608,576
FUN_00145608,0x00145608,0x00145740,312
FUN_00145740,0x00145740,0x001458E4,420
FUN_001458e8,0x001458E8,0x00145ECC,1508
FUN_00145ed0,0x00145ED0,0x001461E4,788
FUN_001461e8,0x001461E8,0x00146904,1820
FUN_00146908,0x00146908,0x001469A8,160
FUN_001469a8,0x001469A8,0x00147050,1704
FUN_00147050,0x00147050,0x001470C8,120
FUN_001470c8,0x001470C8,0x001472E4,540
FUN_001472e8,0x001472E8,0x001473E4,252
FUN_001473e8,0x001473E8,0x00147430,72
FUN_00147478,0x00147478,0x00147924,1196
FUN_00147928,0x00147928,0x001479C4,156
FUN_001479c8,0x001479C8,0x00147AA0,216
FUN_00147aa0,0x00147AA0,0x00148490,2544
FUN_00148490,0x00148490,0x001484B0,32
FUN_001484b8,0x001484B8,0x00148500,72
FUN_00148500,0x00148500,0x001486E0,480
FUN_001486e0,0x001486E0,0x001487B4,212
FUN_001487b8,0x001487B8,0x00148810,88
FUN_00148810,0x00148810,0x00148A38,552
FUN_00148a38,0x00148A38,0x00148C0C,468
FUN_00148c10,0x00148C10,0x00148DF4,484
FUN_00148df8,0x00148DF8,0x00148E34,60
FUN_00148e38,0x00148E38,0x00148E84,76
FUN_00148e88,0x00148E88,0x00148ED0,72
FUN_00148ed0,0x00148ED0,0x00148F2C,92
FUN_00148f30,0x00148F30,0x00149100,464
FUN_00149100,0x00149100,0x0014912C,44
FUN_00149130,0x00149130,0x0014916C,60
FUN_00149170,0x00149170,0x00149250,224
FUN_00149250,0x00149250,0x00149258,8
FUN_00149258,0x00149258,0x00149260,8
FUN_00149260,0x00149260,0x001494B8,600
FUN_001494b8,0x001494B8,0x00149814,860
FUN_00149818,0x00149818,0x00149870,88
FUN_00149870,0x00149870,0x00149E9C,1580
FUN_00149ea0,0x00149EA0,0x0014A104,612
FUN_0014a108,0x0014A108,0x0014A2D4,460
FUN_0014a2d8,0x0014A2D8,0x0014A448,368
FUN_0014a448,0x0014A448,0x0014A51C,212
FUN_0014a528,0x0014A528,0x0014A5DC,180
FUN_0014a5e0,0x0014A5E0,0x0014A5FC,28
FUN_0014a608,0x0014A608,0x0014A6B8,176
FUN_0014a6b8,0x0014A6B8,0x0014A780,200
FUN_0014a780,0x0014A780,0x0014A7B8,56
FUN_0014a7b8,0x0014A7B8,0x0014A7C8,16
FUN_0014a7c8,0x0014A7C8,0x0014A7F8,48
FUN_0014a7f8,0x0014A7F8,0x0014A810,24
FUN_0014a828,0x0014A828,0x0014A8BC,148
FUN_0014a8c0,0x0014A8C0,0x0014A8EC,44
FUN_0014a8f0,0x0014A8F0,0x0014A954,100
FUN_0014a958,0x0014A958,0x0014AA18,192
FUN_0014aa18,0x0014AA18,0x0014AA5C,68
FUN_0014aa60,0x0014AA60,0x0014AAB4,84
FUN_0014aab8,0x0014AAB8,0x0014AB5C,164
FUN_0014ab60,0x0014AB60,0x0014AB74,20
FUN_0014ab90,0x0014AB90,0x0014ABA4,20
FUN_0014aba8,0x0014ABA8,0x0014ABB0,8
FUN_0014abb0,0x0014ABB0,0x0014ABD8,40
FUN_0014abd8,0x0014ABD8,0x0014AC00,40
FUN_0014ac00,0x0014AC00,0x0014ACB0,176
FUN_0014acb0,0x0014ACB0,0x0014ADE8,312
FUN_0014ade8,0x0014ADE8,0x0014AE48,96
FUN_0014ae50,0x0014AE50,0x0014AF14,196
FUN_0014af18,0x0014AF18,0x0014AF30,24
FUN_0014af30,0x0014AF30,0x0014AFC4,148
FUN_0014afc8,0x0014AFC8,0x0014AFEC,36
FUN_0014aff0,0x0014AFF0,0x0014B014,36
FUN_0014b018,0x0014B018,0x0014B108,240
FUN_0014b108,0x0014B108,0x0014B8E0,2008
FUN_0014b8e0,0x0014B8E0,0x0014B914,52
FUN_0014b918,0x0014B918,0x0014B9B0,152
FUN_0014b9b0,0x0014B9B0,0x0014BB20,368
FUN_0014bb20,0x0014BB20,0x0014BB94,116
FUN_0014bb98,0x0014BB98,0x0014BC00,104
FUN_0014bc00,0x0014BC00,0x0014BC94,148
FUN_0014bc98,0x0014BC98,0x0014BCAC,20
FUN_0014bcb0,0x0014BCB0,0x0014BCD8,40
FUN_0014bcd8,0x0014BCD8,0x0014BCE0,8
FUN_0014bce0,0x0014BCE0,0x0014BD20,64
FUN_0014bd20,0x0014BD20,0x0014BD28,8
FUN_0014bd28,0x0014BD28,0x0014BD3C,20
FUN_0014bd40,0x0014BD40,0x0014BD88,72
FUN_0014bd88,0x0014BD88,0x0014BD90,8
FUN_0014bd90,0x0014BD90,0x0014BDF8,104
FUN_0014bdf8,0x0014BDF8,0x0014C24C,1108
FUN_0014c250,0x0014C250,0x0014C2B4,100
FUN_0014c2b8,0x0014C2B8,0x0014C478,448
FUN_0014c478,0x0014C478,0x0014C654,476
FUN_0014c658,0x0014C658,0x0014C800,424
FUN_0014c800,0x0014C800,0x0014C920,288
FUN_0014c920,0x0014C920,0x0014C96C,76
FUN_0014c970,0x0014C970,0x0014CCD0,864
FUN_0014ccd0,0x0014CCD0,0x0014CD3C,108
FUN_0014cd40,0x0014CD40,0x0014CD88,72
FUN_0014cd90,0x0014CD90,0x0014CE30,160
FUN_0014ce30,0x0014CE30,0x0014CE48,24
FUN_0014ce48,0x0014CE48,0x0014CE60,24
FUN_0014ce68,0x0014CE68,0x0014CEAC,68
FUN_0014ceb0,0x0014CEB0,0x0014D3A8,1272
FUN_0014d3a8,0x0014D3A8,0x0014D45C,180
FUN_0014d460,0x0014D460,0x0014D550,240
FUN_0014d550,0x0014D550,0x0014D55C,12
FUN_0014d560,0x0014D560,0x0014D56C,12
FUN_0014d570,0x0014D570,0x0014D57C,12
FUN_0014d580,0x0014D580,0x0014D58C,12
FUN_0014d590,0x0014D590,0x0014D59C,12
FUN_0014d5a0,0x0014D5A0,0x0014D5AC,12
FUN_0014d5b0,0x0014D5B0,0x0014D5BC,12
FUN_0014d5c0,0x0014D5C0,0x0014D5CC,12
FUN_0014d5f8,0x0014D5F8,0x0014D6B0,184
FUN_0014d6b0,0x0014D6B0,0x0014D794,228
FUN_0014d798,0x0014D798,0x0014D7A0,8
FUN_0014d7a0,0x0014D7A0,0x0014D8A4,260
FUN_0014d8a8,0x0014D8A8,0x0014D904,92
FUN_0014d908,0x0014D908,0x0014DB48,576
FUN_0014db48,0x0014DB48,0x0014DBB4,108
FUN_0014dbb8,0x0014DBB8,0x0014DBF4,60
FUN_0014dbf8,0x0014DBF8,0x0014DF60,872
FUN_0014df60,0x0014DF60,0x0014E1E4,644
FUN_0014e1e8,0x0014E1E8,0x0014E4F4,780
FUN_0014e4f8,0x0014E4F8,0x0014E89C,932
FUN_0014e8a0,0x0014E8A0,0x0014EBD4,820
FUN_0014ebd8,0x0014EBD8,0x0014EED4,764
FUN_0014eed8,0x0014EED8,0x0014F22C,852
FUN_0014f230,0x0014F230,0x0014F53C,780
FUN_0014f540,0x0014F540,0x0014F87C,828
FUN_0014f880,0x0014F880,0x0014FC14,916
FUN_0014fc18,0x0014FC18,0x0014FF4C,820
FUN_0014ff50,0x0014FF50,0x0014FF90,64
FUN_0014ff90,0x0014FF90,0x00150B54,3012
FUN_00150b58,0x00150B58,0x00150CC4,364
FUN_00150cc8,0x00150CC8,0x00150D80,184
FUN_00150d80,0x00150D80,0x0015104C,716
FUN_00151050,0x00151050,0x001512C4,628
FUN_001512c8,0x001512C8,0x0015179C,1236
FUN_001517a0,0x001517A0,0x0015180C,108
FUN_00151810,0x00151810,0x00151834,36
FUN_00151838,0x00151838,0x001518D8,160
FUN_001518d8,0x001518D8,0x001519D8,256
FUN_001519d8,0x001519D8,0x001519E0,8
FUN_001519e0,0x001519E0,0x001519F4,20
FUN_001519f8,0x001519F8,0x00151ACC,212
FUN_00151ad0,0x00151AD0,0x00151AD8,8
FUN_00151ad8,0x00151AD8,0x00151C30,344
FUN_00151c30,0x00151C30,0x00151D98,360
FUN_00151d98,0x00151D98,0x00151E78,224
FUN_00151e78,0x00151E78,0x00152064,492
FUN_00152068,0x00152068,0x00152200,408
FUN_00152200,0x00152200,0x00152354,340
FUN_00152358,0x00152358,0x0015244C,244
FUN_00152450,0x00152450,0x001524A0,80
FUN_001524a0,0x001524A0,0x001527F0,848
FUN_001527f0,0x001527F0,0x00152864,116
FUN_00152868,0x00152868,0x001528B0,72
FUN_001528b8,0x001528B8,0x00152930,120
FUN_00152930,0x00152930,0x0015294C,28
FUN_00152950,0x00152950,0x00152978,40
FUN_00152978,0x00152978,0x00152A70,248
FUN_00152a70,0x00152A70,0x00152C70,512
FUN_00152c70,0x00152C70,0x00152DC4,340
FUN_00152dc8,0x00152DC8,0x00152EB0,232
FUN_00152eb0,0x00152EB0,0x00152EE4,52
FUN_00152ee8,0x00152EE8,0x00153210,808
FUN_00153210,0x00153210,0x001532A0,144
FUN_001532a0,0x001532A0,0x001532E8,72
FUN_001532f0,0x001532F0,0x00153368,120
FUN_00153368,0x00153368,0x00153384,28
FUN_00153388,0x00153388,0x001533B0,40
FUN_001533b0,0x001533B0,0x001533E4,52
FUN_001533e8,0x001533E8,0x00153860,1144
FUN_00153860,0x00153860,0x00153A8C,556
FUN_00153a90,0x00153A90,0x00153ABC,44
FUN_00153ac0,0x00153AC0,0x00153C30,368
FUN_00153c30,0x00153C30,0x00153D18,232
FUN_00153d18,0x00153D18,0x00153D64,76
FUN_00153d68,0x00153D68,0x00154068,768
FUN_00154068,0x00154068,0x00154150,232
FUN_00154150,0x00154150,0x00154198,72
FUN_001541a0,0x001541A0,0x0015424C,172
FUN_00154250,0x00154250,0x00154270,32
FUN_00154270,0x00154270,0x001542A8,56
FUN_001542a8,0x001542A8,0x0015448C,484
FUN_00154490,0x00154490,0x001546C4,564
FUN_001546c8,0x001546C8,0x00154748,128
FUN_00154748,0x00154748,0x00154764,28
FUN_00154768,0x00154768,0x001548F8,400
FUN_001548f8,0x001548F8,0x00154AF8,512
FUN_00154af8,0x00154AF8,0x00154C4C,340
FUN_00154c50,0x00154C50,0x00154D64,276
FUN_00154d68,0x00154D68,0x00154DE8,128
FUN_00154de8,0x00154DE8,0x00155314,1324
FUN_00155318,0x00155318,0x00155420,264
FUN_00155420,0x00155420,0x00155468,72
FUN_00155470,0x00155470,0x0015553C,204
FUN_00155540,0x00155540,0x00155560,32
FUN_00155560,0x00155560,0x00155588,40
FUN_00155588,0x00155588,0x00155718,400
FUN_00155718,0x00155718,0x00155918,512
FUN_00155918,0x00155918,0x00155A6C,340
FUN_00155a70,0x00155A70,0x00155C10,416
FUN_00155c10,0x00155C10,0x00155C5C,76
FUN_00155c60,0x00155C60,0x001561F8,1432
FUN_001561f8,0x001561F8,0x0015633C,324
FUN_00156340,0x00156340,0x00156388,72
FUN_00156390,0x00156390,0x00156408,120
FUN_00156408,0x00156408,0x00156424,28
FUN_00156428,0x00156428,0x00156450,40
FUN_00156450,0x00156450,0x001564B4,100
FUN_001564b8,0x001564B8,0x00156544,140
FUN_00156548,0x00156548,0x00156564,28
FUN_00156568,0x00156568,0x00156708,416
FUN_00156708,0x00156708,0x00156768,96
FUN_00156768,0x00156768,0x0015697C,532
FUN_00156980,0x00156980,0x001569E4,100
FUN_001569e8,0x001569E8,0x00156C5C,628
FUN_00156c60,0x00156C60,0x00156E24,452
FUN_00156e28,0x00156E28,0x00156F04,220
FUN_00156f08,0x00156F08,0x00156FEC,228
FUN_00156ff0,0x00156FF0,0x00157094,164
FUN_00157098,0x00157098,0x00157250,440
FUN_00157250,0x00157250,0x00157394,324
FUN_00157398,0x00157398,0x001574B8,288
FUN_001574b8,0x001574B8,0x00157564,172
FUN_00157568,0x00157568,0x00157648,224
FUN_00157648,0x00157648,0x001576C0,120
FUN_001576c0,0x001576C0,0x00157788,200
FUN_00157788,0x00157788,0x001579C0,568
FUN_001579c0,0x001579C0,0x00157B60,416
FUN_00157b60,0x00157B60,0x00157CB4,340
FUN_00157cb8,0x00157CB8,0x00157DF0,312
FUN_00157df0,0x00157DF0,0x00157EA8,184
FUN_00157ea8,0x00157EA8,0x00158270,968
FUN_00158270,0x00158270,0x001582D4,100
FUN_001582d8,0x001582D8,0x001582EC,20
FUN_001582f8,0x001582F8,0x001583FC,260
FUN_00158400,0x00158400,0x00158418,24
FUN_00158418,0x00158418,0x00158430,24
FUN_00158438,0x00158438,0x0015845C,36
FUN_00158460,0x00158460,0x001584E4,132
FUN_001584e8,0x001584E8,0x00158524,60
FUN_00158528,0x00158528,0x0015855C,52
FUN_00158560,0x00158560,0x00158594,52
FUN_00158598,0x00158598,0x00158648,176
FUN_00158648,0x00158648,0x0015868C,68
FUN_001586d8,0x001586D8,0x001587B0,216
FUN_001587b0,0x001587B0,0x001587B8,8
FUN_001587b8,0x001587B8,0x00158834,124
FUN_00158838,0x00158838,0x0015884C,20
FUN_00158850,0x00158850,0x00158980,304
FUN_00158980,0x00158980,0x00158C6C,748
FUN_00158c70,0x00158C70,0x00158EFC,652
FUN_00158f00,0x00158F00,0x00158F54,84
FUN_00158f58,0x00158F58,0x001590E4,396
FUN_001590e8,0x001590E8,0x001590FC,20
FUN_00159100,0x00159100,0x00159114,20
FUN_00159118,0x00159118,0x0015912C,20
FUN_00159130,0x00159130,0x00159300,464
FUN_00159300,0x00159300,0x00159364,100
FUN_00159368,0x00159368,0x001593E8,128
FUN_001593e8,0x001593E8,0x00159404,28
FUN_00159408,0x00159408,0x0015955C,340
FUN_00159560,0x00159560,0x001595CC,108
FUN_001595d0,0x001595D0,0x00159744,372
FUN_00159748,0x00159748,0x001597AC,100
FUN_001597b0,0x001597B0,0x001597B8,8
FUN_001597b8,0x001597B8,0x00159988,464
FUN_00159988,0x00159988,0x0015A064,1756
FUN_0015a068,0x0015A068,0x0015A154,236
FUN_0015a158,0x0015A158,0x0015A324,460
FUN_0015a328,0x0015A328,0x0015A3D0,168
FUN_0015a3d0,0x0015A3D0,0x0015A7B0,992
FUN_0015a7b0,0x0015A7B0,0x0015A904,340
FUN_0015a908,0x0015A908,0x0015A950,72
FUN_0015a950,0x0015A950,0x0015A998,72
FUN_0015a998,0x0015A998,0x0015AAAC,276
FUN_0015aab0,0x0015AAB0,0x0015AAC8,24
FUN_0015aac8,0x0015AAC8,0x0015AB30,104
FUN_0015ab30,0x0015AB30,0x0015AB38,8
FUN_0015ab38,0x0015AB38,0x0015ACC8,400
FUN_0015acc8,0x0015ACC8,0x0015AD78,176
FUN_0015ad78,0x0015AD78,0x0015B54C,2004
FUN_0015b550,0x0015B550,0x0015B5B4,100
FUN_0015b5b8,0x0015B5B8,0x0015B638,128
FUN_0015b638,0x0015B638,0x0015B7E8,432
FUN_0015b7e8,0x0015B7E8,0x0015B92C,324
FUN_0015b930,0x0015B930,0x0015B9FC,204
FUN_0015ba00,0x0015BA00,0x0015BAA4,164
FUN_0015baa8,0x0015BAA8,0x0015BC90,488
FUN_0015bc90,0x0015BC90,0x0015BDB4,292
FUN_0015bdb8,0x0015BDB8,0x0015BF04,332
FUN_0015bf08,0x0015BF08,0x0015BFB8,176
FUN_0015bfb8,0x0015BFB8,0x0015C488,1232
FUN_0015c488,0x0015C488,0x0015C59C,276
FUN_0015c5a0,0x0015C5A0,0x0015C5E8,72
FUN_0015c5f0,0x0015C5F0,0x0015C6EC,252
FUN_0015c6f0,0x0015C6F0,0x0015C708,24
FUN_0015c708,0x0015C708,0x0015C720,24
FUN_0015c728,0x0015C728,0x0015C788,96
FUN_0015c788,0x0015C788,0x0015D2B0,2856
FUN_0015d2b0,0x0015D2B0,0x0015D334,132
FUN_0015d338,0x0015D338,0x0015D68C,852
FUN_0015d690,0x0015D690,0x0015D944,692
FUN_0015d948,0x0015D948,0x0015DA00,184
FUN_0015da00,0x0015DA00,0x0015DA64,100
FUN_0015da68,0x0015DA68,0x0015DAFC,148
FUN_0015db00,0x0015DB00,0x0015DCA8,424
FUN_0015dca8,0x0015DCA8,0x0015DE04,348
FUN_0015de08,0x0015DE08,0x0015DF64,348
FUN_0015df68,0x0015DF68,0x0015DFD8,112
FUN_0015dfd8,0x0015DFD8,0x0015E3D0,1016
FUN_0015e3d0,0x0015E3D0,0x0015E4C0,240
FUN_0015e4c0,0x0015E4C0,0x0015E508,72
FUN_0015e510,0x0015E510,0x0015E588,120
FUN_0015e588,0x0015E588,0x0015E5A4,28
FUN_0015e5a8,0x0015E5A8,0x0015E5D0,40
FUN_0015e5d0,0x0015E5D0,0x0015E700,304
FUN_0015e700,0x0015E700,0x0015E8F8,504
FUN_0015e8f8,0x0015E8F8,0x0015E960,104
FUN_0015e960,0x0015E960,0x0015EBC0,608
FUN_0015ebc0,0x0015EBC0,0x0015EC1C,92
FUN_0015ec20,0x0015EC20,0x0015EC98,120
FUN_0015ec98,0x0015EC98,0x0015ECA0,8
FUN_0015eca0,0x0015ECA0,0x0015ED58,184
FUN_0015ed58,0x0015ED58,0x0015EDBC,100
FUN_0015edc0,0x0015EDC0,0x0015EDF0,48
FUN_0015edf0,0x0015EDF0,0x0015EE74,132
FUN_0015ee78,0x0015EE78,0x0015EEC0,72
FUN_0015eec0,0x0015EEC0,0x0015EF14,84
FUN_0015ef18,0x0015EF18,0x0015F3D8,1216
FUN_0015f3d8,0x0015F3D8,0x0015F724,844
FUN_0015f728,0x0015F728,0x0015FA88,864
FUN_0015fa88,0x0015FA88,0x0015FAEC,100
FUN_0015fb28,0x0015FB28,0x0015FB54,44
FUN_0015fb60,0x0015FB60,0x0015FB98,56
FUN_0015fb98,0x0015FB98,0x0015FBF8,96
FUN_0015fbf8,0x0015FBF8,0x0015FD58,352
FUN_0015fd58,0x0015FD58,0x0015FE20,200
FUN_0015fe20,0x0015FE20,0x0015FF38,280
FUN_0015ff38,0x0015FF38,0x00160004,204
FUN_00160008,0x00160008,0x00160068,96
FUN_00160068,0x00160068,0x001601E0,376
FUN_001601e0,0x001601E0,0x001602A8,200
FUN_001602a8,0x001602A8,0x00160330,136
FUN_00160330,0x00160330,0x00160404,212
FUN_00160408,0x00160408,0x00160588,384
FUN_00160588,0x00160588,0x00160720,408
FUN_00160720,0x00160720,0x00160978,600
FUN_00160978,0x00160978,0x001609C8,80
FUN_001609c8,0x001609C8,0x00160A60,152
FUN_00160a60,0x00160A60,0x00160B78,280
FUN_00160b78,0x00160B78,0x00160C9C,292
FUN_00160ca0,0x00160CA0,0x00160DA4,260
FUN_00160da8,0x00160DA8,0x00160F18,368
FUN_00160f18,0x00160F18,0x00161054,316
FUN_00161058,0x00161058,0x001610A8,80
FUN_001610a8,0x001610A8,0x0016116C,196
FUN_00161170,0x00161170,0x001611F8,136
FUN_001611f8,0x001611F8,0x00161254,92
FUN_00161258,0x00161258,0x001615D8,896
FUN_001615d8,0x001615D8,0x001617CC,500
FUN_001617d0,0x001617D0,0x00161A98,712
FUN_00161a98,0x00161A98,0x00161B20,136
FUN_00161b20,0x00161B20,0x00161D20,512
FUN_00161d20,0x00161D20,0x00161DA8,136
FUN_00161da8,0x00161DA8,0x00161E14,108
FUN_00161e18,0x00161E18,0x00161EF8,224
FUN_00161ef8,0x00161EF8,0x00161FFC,260
FUN_00162000,0x00162000,0x00162068,104
FUN_00162068,0x00162068,0x001621A0,312
FUN_001621a0,0x001621A0,0x0016222C,140
FUN_00162230,0x00162230,0x00162304,212
FUN_00162308,0x00162308,0x00162904,1532
FUN_00162908,0x00162908,0x00162C98,912
FUN_00162c98,0x00162C98,0x00162D04,108
FUN_00162d08,0x00162D08,0x00162D64,92
FUN_00162d68,0x00162D68,0x00163220,1208
FUN_00163220,0x00163220,0x0016359C,892
FUN_001635a0,0x001635A0,0x001637A0,512
FUN_001637a0,0x001637A0,0x0016397C,476
FUN_00163980,0x00163980,0x00164268,2280
FUN_00164268,0x00164268,0x001643D0,360
FUN_001643d0,0x001643D0,0x00164410,64
FUN_00164410,0x00164410,0x00164700,752
FUN_00164700,0x00164700,0x00164788,136
FUN_00164788,0x00164788,0x00164810,136
FUN_00164810,0x00164810,0x00164860,80
FUN_00164860,0x00164860,0x00164B04,676
FUN_00164b08,0x00164B08,0x00164B28,32
FUN_00164b28,0x00164B28,0x00164B3C,20
FUN_00164b40,0x00164B40,0x00164C40,256
FUN_00164c40,0x00164C40,0x00164EB8,632
FUN_00164eb8,0x00164EB8,0x00164F2C,116
FUN_00164f30,0x00164F30,0x00165014,228
FUN_00165020,0x00165020,0x001650B4,148
FUN_001650b8,0x001650B8,0x00165138,128
FUN_00165138,0x00165138,0x0016517C,68
FUN_00165180,0x00165180,0x001651B0,48
FUN_001651b0,0x001651B0,0x0016520C,92
FUN_00165210,0x00165210,0x00165278,104
FUN_00165278,0x00165278,0x001652C0,72
FUN_001652c0,0x001652C0,0x00165308,72
FUN_00165308,0x00165308,0x00165364,92
FUN_00165368,0x00165368,0x001653BC,84
FUN_001653c0,0x001653C0,0x00165414,84
FUN_00165418,0x00165418,0x001654D8,192
FUN_001656a8,0x001656A8,0x001656DC,52
FUN_001656e0,0x001656E0,0x00165758,120
FUN_00165758,0x00165758,0x00165820,200
FUN_00165820,0x00165820,0x00165854,52
FUN_00165858,0x00165858,0x00165F94,1852
FUN_00165f98,0x00165F98,0x00166340,936
FUN_00166340,0x00166340,0x00166AC4,1924
FUN_00166ac8,0x00166AC8,0x00166E28,864
FUN_00166e28,0x00166E28,0x00167010,488
FUN_00167010,0x00167010,0x0016708C,124
FUN_00167090,0x00167090,0x00167258,456
FUN_00167258,0x00167258,0x001673F0,408
FUN_001673f0,0x001673F0,0x001675D8,488
FUN_001675d8,0x001675D8,0x00167E64,2188
FUN_00167e68,0x00167E68,0x00167F80,280
FUN_00167f80,0x00167F80,0x00167FD4,84
FUN_00167fd8,0x00167FD8,0x00168030,88
FUN_00168030,0x00168030,0x00168084,84
FUN_00168088,0x00168088,0x00168220,408
FUN_00168228,0x00168228,0x00168258,48
FUN_00168258,0x00168258,0x001682EC,148
FUN_001682f0,0x001682F0,0x001684B0,448
FUN_001684b0,0x001684B0,0x0016850C,92
FUN_00168548,0x00168548,0x001685B8,112
FUN_001685b8,0x001685B8,0x001685FC,68
FUN_00168600,0x00168600,0x00168628,40
FUN_00168628,0x00168628,0x00168664,60
FUN_00168668,0x00168668,0x001686A4,60
FUN_001686a8,0x001686A8,0x001686FC,84
FUN_00168700,0x00168700,0x00168740,64
FUN_00168740,0x00168740,0x00168780,64
FUN_00168780,0x00168780,0x001687C4,68
FUN_001687c8,0x001687C8,0x00168804,60
FUN_00168808,0x00168808,0x00168848,64
FUN_00168848,0x00168848,0x001688E4,156
FUN_001688e8,0x001688E8,0x0016891C,52
FUN_00168928,0x00168928,0x00168BB4,652
FUN_00168bb8,0x00168BB8,0x00168C00,72
FUN_00168c00,0x00168C00,0x00168D84,388
FUN_00168d88,0x00168D88,0x00168D9C,20
FUN_00168da0,0x00168DA0,0x00168E48,168
FUN_00168e48,0x00168E48,0x001692EC,1188
FUN_001692f0,0x001692F0,0x001695D4,740
FUN_001695d8,0x001695D8,0x00169624,76
FUN_00169628,0x00169628,0x00169694,108
FUN_00169698,0x00169698,0x00169718,128
FUN_00169718,0x00169718,0x001697C8,176
FUN_001697c8,0x001697C8,0x00169998,464
FUN_00169998,0x00169998,0x001699D0,56
FUN_001699d0,0x001699D0,0x00169B90,448
FUN_00169b90,0x00169B90,0x00169BE4,84
FUN_00169be8,0x00169BE8,0x00169F24,828
FUN_00169f28,0x00169F28,0x00169F44,28
FUN_00169f48,0x00169F48,0x0016A104,444
FUN_0016a108,0x0016A108,0x0016A3B8,688
FUN_0016a3b8,0x0016A3B8,0x0016A400,72
FUN_0016a400,0x0016A400,0x0016A658,600
FUN_0016a658,0x0016A658,0x0016A6F0,152
FUN_0016a6f0,0x0016A6F0,0x0016A738,72
FUN_0016a740,0x0016A740,0x0016A78C,76
FUN_0016a790,0x0016A790,0x0016A7BC,44
FUN_0016a7c8,0x0016A7C8,0x0016A7D0,8
FUN_0016a7d0,0x0016A7D0,0x0016A864,148
FUN_0016a868,0x0016A868,0x0016A8FC,148
FUN_0016a900,0x0016A900,0x0016A94C,76
FUN_0016a950,0x0016A950,0x0016A9C0,112
FUN_0016a9c0,0x0016A9C0,0x0016A9FC,60
FUN_0016aa48,0x0016AA48,0x0016AABC,116
FUN_0016ab08,0x0016AB08,0x0016AB8C,132
FUN_0016ab90,0x0016AB90,0x0016ABE8,88
FUN_0016abe8,0x0016ABE8,0x0016AC40,88
FUN_0016ac40,0x0016AC40,0x0016ACA4,100
FUN_0016aca8,0x0016ACA8,0x0016AD0C,100
FUN_0016ad10,0x0016AD10,0x0016AD74,100
FUN_0016ad78,0x0016AD78,0x0016ADDC,100
FUN_0016ade0,0x0016ADE0,0x0016AE2C,76
FUN_0016ae30,0x0016AE30,0x0016AE78,72
FUN_0016ae78,0x0016AE78,0x0016AFA0,296
FUN_0016afa0,0x0016AFA0,0x0016B114,372
FUN_0016b118,0x0016B118,0x0016B168,80
FUN_0016b168,0x0016B168,0x0016B288,288
FUN_0016b288,0x0016B288,0x0016B2D0,72
FUN_0016b2d0,0x0016B2D0,0x0016B338,104
FUN_0016b338,0x0016B338,0x0016B340,8
FUN_0016b340,0x0016B340,0x0016B3BC,124
FUN_0016b3c0,0x0016B3C0,0x0016B3F8,56
FUN_0016b3f8,0x0016B3F8,0x0016B418,32
FUN_0016b418,0x0016B418,0x0016B4A0,136
FUN_0016b4a0,0x0016B4A0,0x0016B4E0,64
FUN_0016b4e0,0x0016B4E0,0x0016B644,356
FUN_0016b670,0x0016B670,0x0016B6B4,68
FUN_0016b6b8,0x0016B6B8,0x0016BAC4,1036
FUN_0016bac8,0x0016BAC8,0x0016C2E0,2072
FUN_0016c2e0,0x0016C2E0,0x0016C3B0,208
FUN_0016c3b0,0x0016C3B0,0x0016C4EC,316
FUN_0016c4f0,0x0016C4F0,0x0016C548,88
FUN_0016c548,0x0016C548,0x0016C5B4,108
FUN_0016c5b8,0x0016C5B8,0x0016C784,460
FUN_0016c788,0x0016C788,0x0016C984,508
FUN_0016c988,0x0016C988,0x0016CA28,160
FUN_0016ca28,0x0016CA28,0x0016CA64,60
FUN_0016ca68,0x0016CA68,0x0016CD40,728
FUN_0016cd40,0x0016CD40,0x0016CE38,248
FUN_0016ce38,0x0016CE38,0x0016CF1C,228
FUN_0016cf20,0x0016CF20,0x0016CFF8,216
FUN_0016cff8,0x0016CFF8,0x0016D04C,84
FUN_0016d050,0x0016D050,0x0016D0B8,104
FUN_0016d0b8,0x0016D0B8,0x0016D270,440
FUN_0016d270,0x0016D270,0x0016D628,952
FUN_0016d6a8,0x0016D6A8,0x0016D858,432
FUN_0016d858,0x0016D858,0x0016D8B4,92
FUN_0016d8b8,0x0016D8B8,0x0016D9B0,248
FUN_0016da08,0x0016DA08,0x0016DA5C,84
FUN_0016da60,0x0016DA60,0x0016DAAC,76
FUN_0016dab0,0x0016DAB0,0x0016DAFC,76
FUN_0016db00,0x0016DB00,0x0016DBA8,168
FUN_0016dba8,0x0016DBA8,0x0016DBF4,76
FUN_0016dbf8,0x0016DBF8,0x0016DC4C,84
FUN_0016dc50,0x0016DC50,0x0016DC9C,76
FUN_0016dca0,0x0016DCA0,0x0016DE30,400
FUN_0016de30,0x0016DE30,0x0016E164,820
FUN_0016e168,0x0016E168,0x0016E1BC,84
FUN_0016e1c0,0x0016E1C0,0x0016E20C,76
FUN_0016e210,0x0016E210,0x0016E3A8,408
FUN_0016e3a8,0x0016E3A8,0x0016E4C8,288
FUN_0016e4c8,0x0016E4C8,0x0016E51C,84
FUN_0016e520,0x0016E520,0x0016E57C,92
FUN_0016e580,0x0016E580,0x0016E69C,284
FUN_0016e6a0,0x0016E6A0,0x0016E7C4,292
FUN_0016e7c8,0x0016E7C8,0x0016E848,128
FUN_0016e848,0x0016E848,0x0016F0D0,2184
FUN_0016f0d0,0x0016F0D0,0x0016F2B8,488
FUN_0016f2b8,0x0016F2B8,0x0016F79C,1252
FUN_0016f7a0,0x0016F7A0,0x0016F96C,460
FUN_0016f970,0x0016F970,0x0016F9F4,132
FUN_0016f9f8,0x0016F9F8,0x0016FA74,124
FUN_0016fa78,0x0016FA78,0x0016FBB4,316
FUN_0016fbb8,0x0016FBB8,0x0016FC14,92
FUN_0016fc18,0x0016FC18,0x001700D4,1212
FUN_001700d8,0x001700D8,0x001702AC,468
FUN_001702b0,0x001702B0,0x00170A4C,1948
FUN_00170a50,0x00170A50,0x00170BB8,360
FUN_00170bb8,0x00170BB8,0x00170E00,584
FUN_00170e00,0x00170E00,0x00170E78,120
FUN_00170e78,0x00170E78,0x00170EDC,100
FUN_00170ee0,0x00170EE0,0x00170F40,96
FUN_00170f40,0x00170F40,0x0017103C,252
FUN_00171040,0x00171040,0x00171060,32
FUN_00171060,0x00171060,0x00171074,20
FUN_00171078,0x00171078,0x00171128,176
FUN_00171128,0x00171128,0x00171318,496
FUN_00171318,0x00171318,0x00171374,92
FUN_001713a8,0x001713A8,0x00171424,124
FUN_00171428,0x00171428,0x0017149C,116
FUN_001714a0,0x001714A0,0x001714E4,68
FUN_001714e8,0x001714E8,0x00171570,136
FUN_00171570,0x00171570,0x001715CC,92
FUN_001716a0,0x001716A0,0x001717C8,296
FUN_001717c8,0x001717C8,0x001718FC,308
FUN_00171900,0x00171900,0x00171940,64
FUN_00171940,0x00171940,0x00171A6C,300
FUN_00171a70,0x00171A70,0x00171AB8,72
FUN_00171ab8,0x00171AB8,0x00171B20,104
FUN_00171b20,0x00171B20,0x00171B28,8
FUN_00171b28,0x00171B28,0x00171BE0,184
FUN_00171be0,0x00171BE0,0x00171C44,100
FUN_00171c48,0x00171C48,0x00171C78,48
FUN_00171c78,0x00171C78,0x00171CE4,108
FUN_00171ce8,0x00171CE8,0x00171D30,72
FUN_00171d30,0x00171D30,0x00171D78,72
FUN_00171d80,0x00171D80,0x00171EA8,296
FUN_00171ea8,0x00171EA8,0x00171F08,96
FUN_00171f10,0x00171F10,0x00172074,356
FUN_00172078,0x00172078,0x001720D0,88
FUN_001720d8,0x001720D8,0x001720FC,36
FUN_00172100,0x00172100,0x00172124,36
FUN_00172128,0x00172128,0x001721D0,168
FUN_001721d0,0x001721D0,0x0017223C,108
FUN_00172240,0x00172240,0x00172298,88
FUN_00172298,0x00172298,0x001722C0,40
FUN_001722c0,0x001722C0,0x001722E8,40
FUN_001722e8,0x001722E8,0x00172338,80
FUN_00172338,0x00172338,0x001723B4,124
FUN_001723b8,0x001723B8,0x00172408,80
FUN_00172408,0x00172408,0x00172434,44
FUN_00172440,0x00172440,0x00172454,20
FUN_00172458,0x00172458,0x00172478,32
FUN_00172478,0x00172478,0x00172480,8
FUN_00172480,0x00172480,0x001724B0,48
FUN_001724b0,0x001724B0,0x001724D8,40
FUN_00172568,0x00172568,0x001725C4,92
FUN_001725c8,0x001725C8,0x001725F4,44
FUN_001725f8,0x001725F8,0x001726FC,260
FUN_00172718,0x00172718,0x001727E4,204
FUN_001727f8,0x001727F8,0x0017280C,20
FUN_00172810,0x00172810,0x001729F0,480
FUN_001729f0,0x001729F0,0x00172BC0,464
FUN_00172bc0,0x00172BC0,0x00172D80,448
FUN_00172d80,0x00172D80,0x00172ECC,332
FUN_00172ed0,0x00172ED0,0x00173060,400
FUN_001730a0,0x001730A0,0x001730E4,68
FUN_001730e8,0x001730E8,0x00173134,76
FUN_00173138,0x00173138,0x0017317C,68
FUN_001731b8,0x001731B8,0x00173214,92
FUN_00173218,0x00173218,0x00173244,44
FUN_001732a8,0x001732A8,0x001732BC,20
FUN_001732c0,0x001732C0,0x00173460,416
FUN_00173460,0x00173460,0x00173C4C,2028
FUN_00173c50,0x00173C50,0x00173D68,280
FUN_00173d68,0x00173D68,0x00173D9C,52
FUN_00173da0,0x00173DA0,0x00174220,1152
FUN_00174220,0x00174220,0x00174348,296
FUN_00174348,0x00174348,0x00174540,504
FUN_00174540,0x00174540,0x0017458C,76
FUN_00174590,0x00174590,0x001747C0,560
FUN_001747c0,0x001747C0,0x0017481C,92
FUN_00174820,0x00174820,0x001748A0,128
FUN_001748a0,0x001748A0,0x00174958,184
FUN_00174958,0x00174958,0x001749BC,100
FUN_001749c0,0x001749C0,0x001749F0,48
FUN_001749f0,0x001749F0,0x00174A6C,124
FUN_00174a70,0x00174A70,0x00174AB8,72
FUN_00174ab8,0x00174AB8,0x00174CBC,516
FUN_00174cc0,0x00174CC0,0x00174CE0,32
FUN_00174ce0,0x00174CE0,0x00174DBC,220
FUN_00174e98,0x00174E98,0x00174EFC,100
FUN_00174f00,0x00174F00,0x00174F64,100
FUN_00174f68,0x00174F68,0x00175048,224
FUN_00175048,0x00175048,0x00175078,48
FUN_001750e0,0x001750E0,0x00175190,176
FUN_00175190,0x00175190,0x001751C4,52
FUN_001751d0,0x001751D0,0x00175370,416
FUN_00175370,0x00175370,0x0017538C,28
FUN_00175390,0x00175390,0x001753D8,72
FUN_001753d8,0x001753D8,0x001753EC,20
FUN_001753f8,0x001753F8,0x0017543C,68
FUN_00175440,0x00175440,0x0017565C,540
FUN_00175660,0x00175660,0x00175798,312
FUN_00175798,0x00175798,0x001757A0,8
FUN_001757a0,0x001757A0,0x001757BC,28
FUN_001757c0,0x001757C0,0x001758D4,276
FUN_001758d8,0x001758D8,0x001758F8,32
FUN_001758f8,0x001758F8,0x001759C0,200
FUN_001759c0,0x001759C0,0x00175A20,96
FUN_00175a20,0x00175A20,0x00175A68,72
FUN_00175a70,0x00175A70,0x00175AEC,124
FUN_00175af0,0x00175AF0,0x00175B28,56
FUN_00175b28,0x00175B28,0x00175B48,32
FUN_00175b48,0x00175B48,0x00175B50,8
FUN_00175b50,0x00175B50,0x00175BAC,92
FUN_00175bb0,0x00175BB0,0x00175BFC,76
FUN_00175c00,0x00175C00,0x00175C58,88
FUN_00175c58,0x00175C58,0x00175CA0,72
FUN_00175ca0,0x00175CA0,0x00175DE8,328
FUN_00175de8,0x00175DE8,0x00175EFC,276
FUN_00175f00,0x00175F00,0x00175F40,64
FUN_00175f40,0x00175F40,0x0017609C,348
FUN_001760a0,0x001760A0,0x001760E8,72
FUN_001760e8,0x001760E8,0x00176150,104
FUN_00176150,0x00176150,0x00176158,8
FUN_00176158,0x00176158,0x00176210,184
FUN_00176210,0x00176210,0x00176274,100
FUN_00176278,0x00176278,0x001762A8,48
FUN_001762a8,0x001762A8,0x0017631C,116
FUN_00176320,0x00176320,0x00176368,72
FUN_00176368,0x00176368,0x001763B0,72
FUN_001763b0,0x001763B0,0x001763E4,52
FUN_001763e8,0x001763E8,0x001764E8,256
FUN_001764e8,0x001764E8,0x001765C4,220
FUN_001765c8,0x001765C8,0x00176714,332
FUN_00176718,0x00176718,0x00176784,108
FUN_00176788,0x00176788,0x0017695C,468
FUN_00176960,0x00176960,0x00176980,32
FUN_00176980,0x00176980,0x00176B4C,460
FUN_00176b50,0x00176B50,0x00176B98,72
FUN_00176b98,0x00176B98,0x00176CD4,316
FUN_00176cd8,0x00176CD8,0x00176CFC,36
FUN_00176d00,0x00176D00,0x00176DD4,212
FUN_00176dd8,0x00176DD8,0x00176E40,104
FUN_00176e40,0x00176E40,0x00176E70,48
FUN_00176e70,0x00176E70,0x00176F00,144
FUN_00176f10,0x00176F10,0x00177038,296
FUN_00177038,0x00177038,0x00177194,348
FUN_00177198,0x00177198,0x001771D8,64
FUN_001771d8,0x001771D8,0x001772C8,240
FUN_001772c8,0x001772C8,0x001772DC,20
FUN_001772e0,0x001772E0,0x00177328,72
FUN_00177328,0x00177328,0x00177330,8
FUN_00177330,0x00177330,0x001773E8,184
FUN_001773e8,0x001773E8,0x0017744C,100
FUN_00177450,0x00177450,0x00177480,48
FUN_00177480,0x00177480,0x00177500,128
FUN_00177500,0x00177500,0x00177548,72
FUN_00177548,0x00177548,0x00177654,268
FUN_00177658,0x00177658,0x00177868,528
FUN_00177868,0x00177868,0x00177930,200
FUN_00177930,0x00177930,0x00177964,52
FUN_00177968,0x00177968,0x001779D8,112
FUN_001779d8,0x001779D8,0x001779EC,20
FUN_001779f0,0x001779F0,0x00177A08,24
FUN_00177a08,0x00177A08,0x00177A20,24
FUN_00177a20,0x00177A20,0x00177AC8,168
FUN_00177ac8,0x00177AC8,0x00177B0C,68
FUN_00177b18,0x00177B18,0x00177BC4,172
FUN_00177bc8,0x00177BC8,0x00177C48,128
FUN_00177c48,0x00177C48,0x00177CF4,172
FUN_00177cf8,0x00177CF8,0x00178074,892
FUN_00178078,0x00178078,0x00178448,976
FUN_00178448,0x00178448,0x00178530,232
FUN_00178530,0x00178530,0x0017862C,252
FUN_00178630,0x00178630,0x00178704,212
FUN_00178708,0x00178708,0x001788B4,428
FUN_001788b8,0x001788B8,0x00178924,108
FUN_00178928,0x00178928,0x001789F0,200
FUN_001789f0,0x001789F0,0x00178A24,52
FUN_00178a28,0x00178A28,0x00178AAC,132
FUN_00178ab0,0x00178AB0,0x00178AC4,20
FUN_00178ac8,0x00178AC8,0x00178AE0,24
FUN_00178ae0,0x00178AE0,0x00178AF8,24
FUN_00178af8,0x00178AF8,0x00178BB8,192
FUN_00178bb8,0x00178BB8,0x00178BFC,68
FUN_00178c10,0x00178C10,0x00178C94,132
FUN_00178d18,0x00178D18,0x00178E3C,292
FUN_00178e40,0x00178E40,0x00178F88,328
FUN_00178f88,0x00178F88,0x00179078,240
FUN_00179078,0x00179078,0x001791E4,364
FUN_001791e8,0x001791E8,0x00179284,156
FUN_00179288,0x00179288,0x001793A8,288
FUN_001793a8,0x001793A8,0x001793E0,56
FUN_001793e0,0x001793E0,0x001794A0,192
FUN_001794a0,0x001794A0,0x001798D4,1076
FUN_001798d8,0x001798D8,0x0017A454,2940
FUN_0017a458,0x0017A458,0x0017A568,272
FUN_0017a568,0x0017A568,0x0017A59C,52
FUN_0017a5a0,0x0017A5A0,0x0017A9CC,1068
FUN_0017a9d0,0x0017A9D0,0x0017AE9C,1228
FUN_0017aea0,0x0017AEA0,0x0017B564,1732
FUN_0017b568,0x0017B568,0x0017B8F8,912
FUN_0017b8f8,0x0017B8F8,0x0017BE70,1400
FUN_0017be70,0x0017BE70,0x0017C354,1252
FUN_0017c358,0x0017C358,0x0017C3EC,148
FUN_0017c3f0,0x0017C3F0,0x0017C694,676
FUN_0017c698,0x0017C698,0x0017C8A4,524
FUN_0017c8a8,0x0017C8A8,0x0017C8F8,80
FUN_0017c8f8,0x0017C8F8,0x0017CB40,584
FUN_0017cb48,0x0017CB48,0x0017CB5C,20
FUN_0017cb60,0x0017CB60,0x0017CBF0,144
FUN_0017cbf0,0x0017CBF0,0x0017CC78,136
FUN_0017cc78,0x0017CC78,0x0017CCBC,68
FUN_0017ccc8,0x0017CCC8,0x0017CCD0,8
FUN_0017ccd0,0x0017CCD0,0x0017CD3C,108
FUN_0017cd40,0x0017CD40,0x0017CD94,84
FUN_0017cd98,0x0017CD98,0x0017CDEC,84
FUN_0017cdf0,0x0017CDF0,0x0017CE34,68
FUN_0017ce38,0x0017CE38,0x0017CE90,88
FUN_0017ce90,0x0017CE90,0x0017CF7C,236
FUN_0017cf80,0x0017CF80,0x0017D040,192
FUN_0017d040,0x0017D040,0x0017D088,72
FUN_0017d088,0x0017D088,0x0017D0F8,112
FUN_0017d0f8,0x0017D0F8,0x0017D140,72
FUN_0017d140,0x0017D140,0x0017D188,72
FUN_0017d188,0x0017D188,0x0017D1E0,88
FUN_0017d1e0,0x0017D1E0,0x0017D234,84
FUN_0017d238,0x0017D238,0x0017D28C,84
FUN_0017d290,0x0017D290,0x0017D300,112
FUN_0017d300,0x0017D300,0x0017D390,144
FUN_0017d390,0x0017D390,0x0017D3EC,92
FUN_0017d3f0,0x0017D3F0,0x0017D448,88
FUN_0017d448,0x0017D448,0x0017D4B8,112
FUN_0017d4b8,0x0017D4B8,0x0017D4FC,68
FUN_0017d500,0x0017D500,0x0017D614,276
FUN_0017d618,0x0017D618,0x0017D70C,244
FUN_0017d710,0x0017D710,0x0017D768,88
FUN_0017d768,0x0017D768,0x0017D7D8,112
FUN_0017d7d8,0x0017D7D8,0x0017D804,44
FUN_0017d808,0x0017D808,0x0017D830,40
FUN_0017d830,0x0017D830,0x0017D8C0,144
FUN_0017d8c0,0x0017D8C0,0x0017D8E0,32
FUN_0017d8e0,0x0017D8E0,0x0017DC9C,956
FUN_0017dca0,0x0017DCA0,0x0017DCB4,20
FUN_0017dcb8,0x0017DCB8,0x0017DD00,72
FUN_0017dd00,0x0017DD00,0x0017DD20,32
FUN_0017dd20,0x0017DD20,0x0017E084,868
FUN_0017e088,0x0017E088,0x0017E550,1224
FUN_0017e550,0x0017E550,0x0017E78C,572
FUN_0017e790,0x0017E790,0x0017ECE4,1364
FUN_0017ece8,0x0017ECE8,0x0017EE68,384
FUN_0017ee68,0x0017EE68,0x0017EFAC,324
FUN_0017efc0,0x0017EFC0,0x0017EFC8,8
FUN_0017efc8,0x0017EFC8,0x0017F00C,68
FUN_0017f010,0x0017F010,0x0017F160,336
FUN_0017f160,0x0017F160,0x0017F384,548
FUN_0017f390,0x0017F390,0x0017F99C,1548
FUN_0017f9a0,0x0017F9A0,0x0017F9C8,40
FUN_0017f9c8,0x0017F9C8,0x0017FA18,80
FUN_0017fa18,0x0017FA18,0x0017FB1C,260
FUN_0017fb20,0x0017FB20,0x0017FB94,116
FUN_0017fb98,0x0017FB98,0x0017FC70,216
FUN_0017fc70,0x0017FC70,0x0017FE98,552
FUN_0017fe98,0x0017FE98,0x00180108,624
FUN_00180108,0x00180108,0x001806E8,1504
FUN_001806e8,0x001806E8,0x00180760,120
FUN_00180760,0x00180760,0x00180810,176
FUN_00180810,0x00180810,0x00180870,96
FUN_00180870,0x00180870,0x00180900,144
FUN_001809c0,0x001809C0,0x00180A00,64
FUN_00180a00,0x00180A00,0x00180AD0,208
FUN_00180ad0,0x00180AD0,0x00180BF8,296
FUN_00180bf8,0x00180BF8,0x00180CC0,200
FUN_00180cc0,0x00180CC0,0x00180CDC,28
FUN_00180ce0,0x00180CE0,0x00180D58,120
FUN_00180d58,0x00180D58,0x00180DB8,96
FUN_00180db8,0x00180DB8,0x00180FA8,496
FUN_00180fa8,0x00180FA8,0x00181068,192
FUN_00181068,0x00181068,0x00181194,300
FUN_00181198,0x00181198,0x00181274,220
FUN_00181278,0x00181278,0x001814B0,568
FUN_001814b0,0x001814B0,0x001814EC,60
FUN_001814f0,0x001814F0,0x00181750,608
FUN_00181750,0x00181750,0x00181B54,1028
FUN_00181b58,0x00181B58,0x00182010,1208
FUN_00182010,0x00182010,0x001825B0,1440
FUN_001825b0,0x001825B0,0x00182B58,1448
FUN_00182b58,0x00182B58,0x00182CE4,396
FUN_00182ce8,0x00182CE8,0x00182D20,56
FUN_00182d20,0x00182D20,0x00182DE0,192
FUN_00182de0,0x00182DE0,0x0018322C,1100
FUN_00183230,0x00183230,0x00183F10,3296
FUN_00183f10,0x00183F10,0x00184018,264
FUN_00184018,0x00184018,0x00184060,72
FUN_001840a0,0x001840A0,0x00184BD8,2872
FUN_00184bd8,0x00184BD8,0x001853C8,2032
FUN_001853c8,0x001853C8,0x001854F4,300
FUN_001854f8,0x001854F8,0x0018560C,276
FUN_00185610,0x00185610,0x00185724,276
FUN_00185728,0x00185728,0x00185E58,1840
FUN_00185e58,0x00185E58,0x00186250,1016
FUN_00186250,0x00186250,0x0018669C,1100
FUN_001866a0,0x001866A0,0x001866C0,32
FUN_001866c0,0x001866C0,0x00186938,632
FUN_00186938,0x00186938,0x0018694C,20
FUN_00186950,0x00186950,0x00186A60,272
FUN_00186a60,0x00186A60,0x00186AF8,152
FUN_00186af8,0x00186AF8,0x00186B3C,68
FUN_00186b48,0x00186B48,0x00186B50,8
FUN_00186b50,0x00186B50,0x00186BBC,108
FUN_00186bc0,0x00186BC0,0x00186C20,96
FUN_00186c20,0x00186C20,0x00186C6C,76
FUN_00186c70,0x00186C70,0x00186CAC,60
FUN_00186cb0,0x00186CB0,0x00186D08,88
FUN_00186d08,0x00186D08,0x00186DF0,232
FUN_00186df0,0x00186DF0,0x00186EB4,196
FUN_00186eb8,0x00186EB8,0x00186F00,72
FUN_00186f00,0x00186F00,0x00186F48,72
FUN_00186f48,0x00186F48,0x00186F90,72
FUN_00186f90,0x00186F90,0x00186FDC,76
FUN_00186fe0,0x00186FE0,0x00187038,88
FUN_00187038,0x00187038,0x00187084,76
FUN_00187088,0x00187088,0x001870EC,100
FUN_00187158,0x00187158,0x001871A4,76
FUN_001871a8,0x001871A8,0x001872E0,312
FUN_001872e0,0x001872E0,0x00187418,312
FUN_00187418,0x00187418,0x001874A0,136
FUN_001874a0,0x001874A0,0x00187658,440
FUN_00187658,0x00187658,0x001876A0,72
FUN_001876a0,0x001876A0,0x001877B4,276
FUN_001877b8,0x001877B8,0x00187824,108
FUN_00187828,0x00187828,0x00187870,72
FUN_00187878,0x00187878,0x001879EC,372
FUN_001879f0,0x001879F0,0x00187A80,144
FUN_00187a80,0x00187A80,0x00187AF8,120
FUN_00187af8,0x00187AF8,0x00187B00,8
FUN_00187b00,0x00187B00,0x00187B6C,108
FUN_00187b70,0x00187B70,0x00187BDC,108
FUN_00187be0,0x00187BE0,0x00187C50,112
FUN_00187c50,0x00187C50,0x00187CC4,116
FUN_00187cd0,0x00187CD0,0x00187CD8,8
FUN_00187cd8,0x00187CD8,0x00187D04,44
FUN_00187d08,0x00187D08,0x00187F90,648
FUN_00187f90,0x00187F90,0x00188250,704
FUN_00188250,0x00188250,0x00188258,8
FUN_00188258,0x00188258,0x00188558,768
FUN_00188558,0x00188558,0x0018856C,20
FUN_00188570,0x00188570,0x001885E0,112
FUN_001885e0,0x001885E0,0x00188838,600
FUN_00188838,0x00188838,0x00188960,296
FUN_00188960,0x00188960,0x001889E4,132
FUN_001889e8,0x001889E8,0x00189060,1656
FUN_00189060,0x00189060,0x001895E8,1416
FUN_001895e8,0x001895E8,0x00189A24,1084
FUN_00189a28,0x00189A28,0x00189C98,624
FUN_00189c98,0x00189C98,0x00189F7C,740
FUN_00189f80,0x00189F80,0x00189FD0,80
FUN_00189fd0,0x00189FD0,0x0018A080,176
FUN_0018a080,0x0018A080,0x0018A1D8,344
FUN_0018a1d8,0x0018A1D8,0x0018A79C,1476
FUN_0018a7a0,0x0018A7A0,0x0018AE94,1780
FUN_0018ae98,0x0018AE98,0x0018B054,444
FUN_0018b058,0x0018B058,0x0018B084,44
FUN_0018b088,0x0018B088,0x0018B0EC,100
FUN_0018b0f0,0x0018B0F0,0x0018B428,824
FUN_0018b428,0x0018B428,0x0018BB04,1756
FUN_0018bb08,0x0018BB08,0x0018BB4C,68
FUN_0018bb50,0x0018BB50,0x0018BC00,176
FUN_0018bc00,0x0018BC00,0x0018BC54,84
FUN_0018bc58,0x0018BC58,0x0018BCB4,92
FUN_0018bcb8,0x0018BCB8,0x0018BD5C,164
FUN_0018bd60,0x0018BD60,0x0018BDD0,112
FUN_0018bdd0,0x0018BDD0,0x0018BE40,112
FUN_0018be40,0x0018BE40,0x0018BE5C,28
FUN_0018be60,0x0018BE60,0x0018BE7C,28
FUN_0018be80,0x0018BE80,0x0018BECC,76
FUN_0018bf20,0x0018BF20,0x0018BF84,100
FUN_0018bf88,0x0018BF88,0x0018BFF4,108
FUN_0018bff8,0x0018BFF8,0x0018C050,88
FUN_0018c0b0,0x0018C0B0,0x0018C10C,92
FUN_0018c110,0x0018C110,0x0018C15C,76
FUN_0018c160,0x0018C160,0x0018C190,48
FUN_0018c190,0x0018C190,0x0018C1F8,104
FUN_0018c200,0x0018C200,0x0018C208,8
FUN_0018c208,0x0018C208,0x0018C234,44
FUN_0018c238,0x0018C238,0x0018C4E4,684
FUN_0018c4e8,0x0018C4E8,0x0018C7C0,728
FUN_0018c7c0,0x0018C7C0,0x0018C7C8,8
FUN_0018c7c8,0x0018C7C8,0x0018CA20,600
FUN_0018ca20,0x0018CA20,0x0018CA34,20
FUN_0018ca38,0x0018CA38,0x0018CAF0,184
FUN_0018caf0,0x0018CAF0,0x0018CCC8,472
FUN_0018ccc8,0x0018CCC8,0x0018D52C,2148
FUN_0018d530,0x0018D530,0x0018D614,228
FUN_0018d618,0x0018D618,0x0018D644,44
FUN_0018d648,0x0018D648,0x0018D6AC,100
FUN_0018d6b0,0x0018D6B0,0x0018D834,388
FUN_0018d838,0x0018D838,0x0018DE10,1496
FUN_0018de10,0x0018DE10,0x0018DFCC,444
FUN_0018dfd0,0x0018DFD0,0x0018DFFC,44
FUN_0018e000,0x0018E000,0x0018E064,100
FUN_0018e068,0x0018E068,0x0018E4A4,1084
FUN_0018e4a8,0x0018E4A8,0x0018E718,624
FUN_0018e718,0x0018E718,0x0018EA48,816
FUN_0018ea48,0x0018EA48,0x0018F124,1756
FUN_0018f128,0x0018F128,0x0018F3A4,636
FUN_0018f3a8,0x0018F3A8,0x0018F49C,244
FUN_0018f4a0,0x0018F4A0,0x0018FBBC,1820
FUN_0018fbc0,0x0018FBC0,0x001901E8,1576
FUN_001901e8,0x001901E8,0x00190514,812
FUN_00190518,0x00190518,0x00190568,80
FUN_00190568,0x00190568,0x0019060C,164
FUN_00190610,0x00190610,0x00190654,68
FUN_00190658,0x00190658,0x00190708,176
FUN_00190708,0x00190708,0x0019076C,100
FUN_00190770,0x00190770,0x001907C4,84
FUN_001907c8,0x001907C8,0x00190838,112
FUN_00190838,0x00190838,0x00190950,280
FUN_00190950,0x00190950,0x001909C0,112
FUN_001909c0,0x001909C0,0x00190A0C,76
FUN_00190a60,0x00190A60,0x00190AD4,116
FUN_00190ad8,0x00190AD8,0x00190B30,88
FUN_00190b30,0x00190B30,0x00190B88,88
FUN_00190b88,0x00190B88,0x00190BE4,92
FUN_00190be8,0x00190BE8,0x00190C44,92
FUN_00190c48,0x00190C48,0x00190C94,76
FUN_00190c98,0x00190C98,0x00190CC8,48
FUN_00190cc8,0x00190CC8,0x00190D60,152
FUN_00190d60,0x00190D60,0x00190D98,56
FUN_00190da0,0x00190DA0,0x00190DA8,8
FUN_00190da8,0x00190DA8,0x00190E14,108
FUN_00190e20,0x00190E20,0x00190E44,36
FUN_00190e48,0x00190E48,0x00190E78,48
FUN_00190e78,0x00190E78,0x00190FE8,368
FUN_00190fe8,0x00190FE8,0x0019133C,852
FUN_00191348,0x00191348,0x0019140C,196
FUN_00191410,0x00191410,0x00191424,20
FUN_00191428,0x00191428,0x00191498,112
FUN_00191498,0x00191498,0x00191D28,2192
FUN_00191d28,0x00191D28,0x00192668,2368
FUN_00192668,0x00192668,0x001927FC,404
FUN_00192800,0x00192800,0x00192A98,664
FUN_00192a98,0x00192A98,0x00192D18,640
FUN_00192d18,0x00192D18,0x00192E08,240
FUN_00192e08,0x00192E08,0x00192E34,44
FUN_00192e38,0x00192E38,0x00192E9C,100
FUN_00192ea0,0x00192EA0,0x001936AC,2060
FUN_001936b0,0x001936B0,0x00193DD8,1832
FUN_00193dd8,0x00193DD8,0x00194214,1084
FUN_00194218,0x00194218,0x00194484,620
FUN_00194488,0x00194488,0x0019458C,260
FUN_00194590,0x00194590,0x001945D0,64
FUN_001945d0,0x001945D0,0x00194674,164
FUN_00194678,0x00194678,0x00194868,496
FUN_00194868,0x00194868,0x0019496C,260
FUN_00194970,0x00194970,0x001949BC,76
FUN_001949c0,0x001949C0,0x001949D4,20
FUN_001949d8,0x001949D8,0x00194A64,140
FUN_00194a68,0x00194A68,0x00194AB0,72
FUN_00194ab0,0x00194AB0,0x00194B50,160
FUN_00194b50,0x00194B50,0x00194B8C,60
FUN_00194b90,0x00194B90,0x00194BE8,88
FUN_00194be8,0x00194BE8,0x00194D0C,292
FUN_00194d10,0x00194D10,0x00194D80,112
FUN_00194d80,0x00194D80,0x00194DB8,56
FUN_00194e40,0x00194E40,0x00194E94,84
FUN_00194e98,0x00194E98,0x00194EDC,68
FUN_00194ee0,0x00194EE0,0x00194F24,68
FUN_00194f28,0x00194F28,0x00194F6C,68
FUN_00194f70,0x00194F70,0x00194FA4,52
FUN_00194fa8,0x00194FA8,0x00194FFC,84
FUN_00195000,0x00195000,0x00195038,56
FUN_00195038,0x00195038,0x00195070,56
FUN_00195070,0x00195070,0x00195130,192
FUN_00195130,0x00195130,0x001952E8,440
FUN_001952e8,0x001952E8,0x00195718,1072
FUN_00195718,0x00195718,0x00195C68,1360
FUN_00195c68,0x00195C68,0x00195EE8,640
FUN_00195ee8,0x00195EE8,0x00196190,680
FUN_001961a0,0x001961A0,0x001967C0,1568
FUN_001967c8,0x001967C8,0x001967DC,20
FUN_001967e0,0x001967E0,0x00196970,400
FUN_00196970,0x00196970,0x001969BC,76
FUN_001969c0,0x001969C0,0x001969EC,44
FUN_001969f8,0x001969F8,0x00196A00,8
FUN_00196a00,0x00196A00,0x00196A6C,108
FUN_00196a70,0x00196A70,0x00196AD0,96
FUN_00196ad0,0x00196AD0,0x00196B1C,76
FUN_00196b20,0x00196B20,0x00196B60,64
FUN_00196b60,0x00196B60,0x00196BB8,88
FUN_00196bb8,0x00196BB8,0x00196C24,108
FUN_00196c28,0x00196C28,0x00196C70,72
FUN_00196c70,0x00196C70,0x00196CB8,72
FUN_00196cb8,0x00196CB8,0x00196D00,72
FUN_00196d48,0x00196D48,0x00196DA0,88
FUN_00196da0,0x00196DA0,0x00196DEC,76
FUN_00196df0,0x00196DF0,0x00196E3C,76
FUN_00196e40,0x00196E40,0x00196EF8,184
FUN_00196ef8,0x00196EF8,0x00196F88,144
FUN_00196f88,0x00196F88,0x00197148,448
FUN_00197148,0x00197148,0x00197318,464
FUN_00197318,0x00197318,0x00197458,320
FUN_00197458,0x00197458,0x001974F8,160
FUN_001974f8,0x001974F8,0x0019759C,164
FUN_001975a0,0x001975A0,0x001975A8,8
FUN_001975a8,0x001975A8,0x0019763C,148
FUN_00197640,0x00197640,0x00197654,20
FUN_00197658,0x00197658,0x00197810,440
FUN_00197810,0x00197810,0x00197928,280
FUN_00197928,0x00197928,0x00197954,44
FUN_00197978,0x00197978,0x00197CFC,900
FUN_00197d00,0x00197D00,0x00197D7C,124
FUN_00197d80,0x00197D80,0x00197D94,20
FUN_00197d98,0x00197D98,0x00197E18,128
FUN_00197e18,0x00197E18,0x00197F38,288
FUN_00197f38,0x00197F38,0x00198034,252
FUN_00198038,0x00198038,0x001980C8,144
FUN_001980c8,0x001980C8,0x001980DC,20
FUN_001980e0,0x001980E0,0x001982B8,472
FUN_001982b8,0x001982B8,0x001983E0,296
FUN_001983e0,0x001983E0,0x0019850C,300
FUN_00198510,0x00198510,0x001985A0,144
FUN_001985a0,0x001985A0,0x001985B4,20
FUN_001985b8,0x001985B8,0x00198768,432
FUN_00198768,0x00198768,0x00198888,288
FUN_00198888,0x00198888,0x0019893C,180
FUN_00198940,0x00198940,0x001989C0,128
FUN_001989c0,0x001989C0,0x001989D4,20
FUN_001989d8,0x001989D8,0x00198A98,192
FUN_00198a98,0x00198A98,0x00198BC0,296
FUN_00198bc0,0x00198BC0,0x001991E8,1576
FUN_001991e8,0x001991E8,0x00199264,124
FUN_00199268,0x00199268,0x0019927C,20
FUN_00199280,0x00199280,0x00199350,208
FUN_00199350,0x00199350,0x001994FC,428
FUN_00199500,0x00199500,0x001998E8,1000
FUN_001998e8,0x001998E8,0x00199964,124
FUN_00199968,0x00199968,0x0019997C,20
FUN_00199980,0x00199980,0x00199A40,192
FUN_00199a40,0x00199A40,0x00199B20,224
FUN_00199b20,0x00199B20,0x00199DDC,700
FUN_00199de0,0x00199DE0,0x00199E90,176
FUN_00199e90,0x00199E90,0x00199EAC,28
FUN_00199eb0,0x00199EB0,0x00199F24,116
FUN_00199f28,0x00199F28,0x00199F9C,116
FUN_00199fa0,0x00199FA0,0x0019A020,128
FUN_0019a020,0x0019A020,0x0019A0E4,196
FUN_0019a0e8,0x0019A0E8,0x0019A2FC,532
FUN_0019a300,0x0019A300,0x0019A548,584
FUN_0019a548,0x0019A548,0x0019AAB4,1388
FUN_0019aab8,0x0019AAB8,0x0019AC88,464
FUN_0019ac88,0x0019AC88,0x0019AEA4,540
FUN_0019aea8,0x0019AEA8,0x0019AEE8,64
FUN_0019aee8,0x0019AEE8,0x0019B70C,2084
FUN_0019b710,0x0019B710,0x0019B7F4,228
FUN_0019b7f8,0x0019B7F8,0x0019B894,156
FUN_0019b898,0x0019B898,0x0019B8E8,80
FUN_0019b8e8,0x0019B8E8,0x0019B91C,52
FUN_0019b928,0x0019B928,0x0019B97C,84
FUN_0019b988,0x0019B988,0x0019BA04,124
FUN_0019ba08,0x0019BA08,0x0019BA1C,20
FUN_0019ba20,0x0019BA20,0x0019BA58,56
FUN_0019ba58,0x0019BA58,0x0019BA84,44
FUN_0019ba90,0x0019BA90,0x0019BA98,8
FUN_0019ba98,0x0019BA98,0x0019BABC,36
FUN_0019bad8,0x0019BAD8,0x0019BAEC,20
FUN_0019baf0,0x0019BAF0,0x0019BB18,40
FUN_0019bb38,0x0019BB38,0x0019BB4C,20
FUN_0019bb50,0x0019BB50,0x0019BB78,40
FUN_0019bb98,0x0019BB98,0x0019BBAC,20
FUN_0019bbb0,0x0019BBB0,0x0019BBD8,40
FUN_0019bbd8,0x0019BBD8,0x0019BBF4,28
FUN_0019bbf8,0x0019BBF8,0x0019BC0C,20
FUN_0019bc10,0x0019BC10,0x0019BC38,40
FUN_0019bc38,0x0019BC38,0x0019BC54,28
FUN_0019bc58,0x0019BC58,0x0019BC6C,20
FUN_0019bc70,0x0019BC70,0x0019BCDC,108
FUN_0019bce0,0x0019BCE0,0x0019C104,1060
FUN_0019c148,0x0019C148,0x0019C238,240
FUN_0019c238,0x0019C238,0x0019C240,8
FUN_0019c240,0x0019C240,0x0019C248,8
FUN_0019c248,0x0019C248,0x0019C7FC,1460
FUN_0019c800,0x0019C800,0x0019C9A0,416
FUN_0019c9a0,0x0019C9A0,0x0019CFB4,1556
FUN_0019cfb8,0x0019CFB8,0x0019D164,428
FUN_0019d180,0x0019D180,0x0019D200,128
FUN_0019d200,0x0019D200,0x0019D280,128
FUN_0019d280,0x0019D280,0x0019D2C4,68
FUN_0019d2c8,0x0019D2C8,0x0019D314,76
FUN_0019d318,0x0019D318,0x0019D44C,308
FUN_0019d450,0x0019D450,0x0019D4F8,168
FUN_0019d4f8,0x0019D4F8,0x0019D524,44
FUN_0019d528,0x0019D528,0x0019D730,520
FUN_0019d730,0x0019D730,0x0019D754,36
FUN_0019d758,0x0019D758,0x0019D798,64
FUN_0019d798,0x0019D798,0x0019D7D8,64
FUN_0019d7d8,0x0019D7D8,0x0019D81C,68
FUN_0019d820,0x0019D820,0x0019D864,68
FUN_0019d868,0x0019D868,0x0019D8CC,100
FUN_0019d8d0,0x0019D8D0,0x0019D914,68
FUN_0019d918,0x0019D918,0x0019D95C,68
FUN_0019d960,0x0019D960,0x0019D9A4,68
FUN_0019d9a8,0x0019D9A8,0x0019D9F0,72
FUN_0019d9f0,0x0019D9F0,0x0019DA10,32
FUN_0019da10,0x0019DA10,0x0019DA34,36
FUN_0019da40,0x0019DA40,0x0019DA48,8
FUN_0019da48,0x0019DA48,0x0019DB5C,276
FUN_0019db60,0x0019DB60,0x0019DB78,24
FUN_0019db78,0x0019DB78,0x0019DB8C,20
FUN_0019db90,0x0019DB90,0x0019DD38,424
FUN_0019dd38,0x0019DD38,0x0019DE44,268
FUN_0019de48,0x0019DE48,0x0019DEA4,92
FUN_0019dea8,0x0019DEA8,0x0019E0C0,536
FUN_0019e0c0,0x0019E0C0,0x0019E108,72
FUN_0019e108,0x0019E108,0x0019E14C,68
FUN_0019e150,0x0019E150,0x0019E304,436
FUN_0019e308,0x0019E308,0x0019E5D8,720
FUN_0019e5d8,0x0019E5D8,0x0019E5E0,8
FUN_0019e5e0,0x0019E5E0,0x0019E618,56
FUN_0019e618,0x0019E618,0x0019E62C,20
FUN_0019e630,0x0019E630,0x0019E748,280
FUN_0019e748,0x0019E748,0x0019E86C,292
FUN_0019e870,0x0019E870,0x0019E8A0,48
FUN_0019e8a0,0x0019E8A0,0x0019EB80,736
FUN_0019eb80,0x0019EB80,0x0019EC08,136
FUN_0019ec08,0x0019EC08,0x0019EC94,140
FUN_0019ec98,0x0019EC98,0x0019EFBC,804
FUN_0019efc0,0x0019EFC0,0x0019F54C,1420
FUN_0019f550,0x0019F550,0x0019F6A8,344
FUN_0019f6a8,0x0019F6A8,0x0019F730,136
FUN_0019f730,0x0019F730,0x0019F934,516
FUN_0019f938,0x0019F938,0x0019F980,72
FUN_0019f980,0x0019F980,0x0019F9D8,88
FUN_0019f9d8,0x0019F9D8,0x0019FB40,360
FUN_0019fb40,0x0019FB40,0x0019FB90,80
FUN_0019fb90,0x0019FB90,0x0019FC34,164
FUN_0019fc38,0x0019FC38,0x0019FCEC,180
FUN_0019fcf0,0x0019FCF0,0x0019FD60,112
FUN_0019fdd0,0x0019FDD0,0x0019FE40,112
FUN_0019fe40,0x0019FE40,0x0019FFA0,352
FUN_001a0020,0x001A0020,0x001A0148,296
FUN_001a0148,0x001A0148,0x001A01E8,160
FUN_001a01e8,0x001A01E8,0x001A0200,24
FUN_001a0200,0x001A0200,0x001A0588,904
FUN_001a0588,0x001A0588,0x001A05FC,116
FUN_001a0600,0x001A0600,0x001A0744,324
FUN_001a0748,0x001A0748,0x001A0850,264
FUN_001a0850,0x001A0850,0x001A0AF4,676
FUN_001a0af8,0x001A0AF8,0x001A0B40,72
FUN_001a0b40,0x001A0B40,0x001A0B8C,76
FUN_001a0b90,0x001A0B90,0x001A0BD0,64
FUN_001a0bd0,0x001A0BD0,0x001A0CC0,240
FUN_001a0cc0,0x001A0CC0,0x001A0D24,100
FUN_001a0d28,0x001A0D28,0x001A0D74,76
FUN_001a0d78,0x001A0D78,0x001A0DD4,92
FUN_001a0dd8,0x001A0DD8,0x001A0E0C,52
FUN_001a0e10,0x001A0E10,0x001A0E54,68
FUN_001a0e58,0x001A0E58,0x001A0F40,232
FUN_001a0f40,0x001A0F40,0x001A0F78,56
FUN_001a0f78,0x001A0F78,0x001A0FC0,72
FUN_001a0fc0,0x001A0FC0,0x001A1104,324
FUN_001a1108,0x001A1108,0x001A1288,384
FUN_001a1288,0x001A1288,0x001A162C,932
FUN_001a1630,0x001A1630,0x001A16A4,116
FUN_001a16a8,0x001A16A8,0x001A1858,432
FUN_001a1858,0x001A1858,0x001A19BC,356
FUN_001a19c0,0x001A19C0,0x001A1A40,128
FUN_001a1a40,0x001A1A40,0x001A1B2C,236
FUN_001a1b30,0x001A1B30,0x001A21A8,1656
FUN_001a21a8,0x001A21A8,0x001A2660,1208
FUN_001a2660,0x001A2660,0x001A2C80,1568
FUN_001a2c80,0x001A2C80,0x001A2DB0,304
FUN_001a2db0,0x001A2DB0,0x001A2DCC,28
FUN_001a2dd0,0x001A2DD0,0x001A3470,1696
FUN_001a3470,0x001A3470,0x001A3484,20
FUN_001a3488,0x001A3488,0x001A3560,216
FUN_001a3560,0x001A3560,0x001A35E8,136
FUN_001a35e8,0x001A35E8,0x001A362C,68
FUN_001a3638,0x001A3638,0x001A3640,8
FUN_001a3640,0x001A3640,0x001A36AC,108
FUN_001a36b0,0x001A36B0,0x001A36E0,48
FUN_001a36e0,0x001A36E0,0x001A3710,48
FUN_001a3740,0x001A3740,0x001A377C,60
FUN_001a3780,0x001A3780,0x001A37D8,88
FUN_001a37d8,0x001A37D8,0x001A3864,140
FUN_001a3868,0x001A3868,0x001A38B0,72
FUN_001a38b0,0x001A38B0,0x001A3904,84
FUN_001a3908,0x001A3908,0x001A3950,72
FUN_001a3950,0x001A3950,0x001A3998,72
FUN_001a3998,0x001A3998,0x001A3A08,112
FUN_001a3a08,0x001A3A08,0x001A3A60,88
FUN_001a3a60,0x001A3A60,0x001A3AAC,76
FUN_001a3b00,0x001A3B00,0x001A3B64,100
FUN_001a3b70,0x001A3B70,0x001A3B78,8
FUN_001a3b78,0x001A3B78,0x001A3B80,8
FUN_001a3b80,0x001A3B80,0x001A3BAC,44
FUN_001a3bb0,0x001A3BB0,0x001A3CC8,280
FUN_001a3cc8,0x001A3CC8,0x001A3FFC,820
FUN_001a4008,0x001A4008,0x001A4698,1680
FUN_001a4698,0x001A4698,0x001A46AC,20
FUN_001a47b8,0x001A47B8,0x001A4990,472
FUN_001a4990,0x001A4990,0x001A4BAC,540
FUN_001a4bb0,0x001A4BB0,0x001A4C98,232
FUN_001a4c98,0x001A4C98,0x001A5574,2268
FUN_001a5578,0x001A5578,0x001A5E7C,2308
FUN_001a5e80,0x001A5E80,0x001A62C8,1096
FUN_001a62c8,0x001A62C8,0x001A63B8,240
FUN_001a63b8,0x001A63B8,0x001A649C,228
FUN_001a64a0,0x001A64A0,0x001A64F0,80
FUN_001a64f0,0x001A64F0,0x001A6594,164
FUN_001a6598,0x001A6598,0x001A65E4,76
FUN_001a65e8,0x001A65E8,0x001A663C,84
FUN_001a6640,0x001A6640,0x001A6700,192
FUN_001a6700,0x001A6700,0x001A6770,112
FUN_001a6770,0x001A6770,0x001A67E0,112
FUN_001a67e0,0x001A67E0,0x001A6850,112
FUN_001a6850,0x001A6850,0x001A689C,76
FUN_001a6900,0x001A6900,0x001A6964,100
FUN_001a6968,0x001A6968,0x001A69C0,88
FUN_001a69c0,0x001A69C0,0x001A6A18,88
FUN_001a6a18,0x001A6A18,0x001A6A74,92
FUN_001a6a78,0x001A6A78,0x001A6ADC,100
FUN_001a6b40,0x001A6B40,0x001A6B8C,76
FUN_001a6b90,0x001A6B90,0x001A6C00,112
FUN_001a6c00,0x001A6C00,0x001A6C54,84
FUN_001a6c58,0x001A6C58,0x001A6E88,560
FUN_001a6e88,0x001A6E88,0x001A6E9C,20
FUN_001a6ea8,0x001A6EA8,0x001A6EB0,8
FUN_001a6eb0,0x001A6EB0,0x001A6F70,192
FUN_001a6f70,0x001A6F70,0x001A6FBC,76
FUN_001a6fd0,0x001A6FD0,0x001A7018,72
FUN_001a7018,0x001A7018,0x001A70C0,168
FUN_001a70c0,0x001A70C0,0x001A710C,76
FUN_001a7110,0x001A7110,0x001A71B4,164
FUN_001a71b8,0x001A71B8,0x001A71F8,64
FUN_001a71f8,0x001A71F8,0x001A7230,56
FUN_001a7230,0x001A7230,0x001A723C,12
FUN_001a7240,0x001A7240,0x001A724C,12
FUN_001a7250,0x001A7250,0x001A7258,8
FUN_001a7258,0x001A7258,0x001A73B0,344
FUN_001a73b0,0x001A73B0,0x001A75C4,532
FUN_001a75c8,0x001A75C8,0x001A75DC,20
FUN_001a75e0,0x001A75E0,0x001A7608,40
FUN_001a7608,0x001A7608,0x001A7694,140
FUN_001a7698,0x001A7698,0x001A76A0,8
FUN_001a76a0,0x001A76A0,0x001A76B4,20
FUN_001a76b8,0x001A76B8,0x001A7704,76
FUN_001a7708,0x001A7708,0x001A7710,8
FUN_001a7710,0x001A7710,0x001A7718,8
FUN_001a7718,0x001A7718,0x001A773C,36
FUN_001a7740,0x001A7740,0x001A7764,36
FUN_001a77c0,0x001A77C0,0x001A77DC,28
FUN_001a77e0,0x001A77E0,0x001A77E8,8
FUN_001a77e8,0x001A77E8,0x001A77FC,20
FUN_001a7800,0x001A7800,0x001A780C,12
FUN_001a7810,0x001A7810,0x001A7878,104
FUN_001a7878,0x001A7878,0x001A78EC,116
FUN_001a78f0,0x001A78F0,0x001A7C54,868
FUN_001a7c58,0x001A7C58,0x001A7F54,764
FUN_001a7f58,0x001A7F58,0x001A8384,1068
FUN_001a8388,0x001A8388,0x001A871C,916
FUN_001a8720,0x001A8720,0x001A89F0,720
FUN_001a89f0,0x001A89F0,0x001A8C3C,588
FUN_001a8c40,0x001A8C40,0x001A8CA0,96
FUN_001a8ca0,0x001A8CA0,0x001A8CB4,20
FUN_001a8d08,0x001A8D08,0x001A8D44,60
FUN_001a8d48,0x001A8D48,0x001A8D70,40
FUN_001a8d70,0x001A8D70,0x001A8D9C,44
FUN_001a8da0,0x001A8DA0,0x001A8DCC,44
FUN_001a8dd0,0x001A8DD0,0x001A8E18,72
FUN_001a8e18,0x001A8E18,0x001A8E20,8
FUN_001a8e20,0x001A8E20,0x001A9858,2616
FUN_001a9858,0x001A9858,0x001A9D34,1244
FUN_001a9d38,0x001A9D38,0x001A9D8C,84
FUN_001a9d90,0x001A9D90,0x001AA188,1016
FUN_001aa188,0x001AA188,0x001AA7E4,1628
FUN_001aa7e8,0x001AA7E8,0x001AA818,48
FUN_001aa818,0x001AA818,0x001AA850,56
FUN_001aa850,0x001AA850,0x001AA874,36
FUN_001aa878,0x001AA878,0x001AA8C8,80
FUN_001aa8d0,0x001AA8D0,0x001AA9B8,232
FUN_001aa9b8,0x001AA9B8,0x001AA9D0,24
FUN_001aa9d0,0x001AA9D0,0x001AAB3C,364
FUN_001aab40,0x001AAB40,0x001AAD00,448
FUN_001aad00,0x001AAD00,0x001AAEB8,440
FUN_001aaeb8,0x001AAEB8,0x001AAF20,104
FUN_001aaf20,0x001AAF20,0x001AAF50,48
FUN_001aaf50,0x001AAF50,0x001AAF80,48
FUN_001aaf80,0x001AAF80,0x001AAFB0,48
FUN_001aafb0,0x001AAFB0,0x001AAFD4,36
FUN_001aafe8,0x001AAFE8,0x001AAFF0,8
FUN_001aaff0,0x001AAFF0,0x001AB0C8,216
FUN_001ab0c8,0x001AB0C8,0x001AB1D8,272
FUN_001ab1d8,0x001AB1D8,0x001AB270,152
FUN_001ab270,0x001AB270,0x001AB440,464
FUN_001ab440,0x001AB440,0x001AB564,292
FUN_001ab568,0x001AB568,0x001ABCE4,1916
FUN_001abce8,0x001ABCE8,0x001ABE0C,292
FUN_001abe10,0x001ABE10,0x001ABE64,84
FUN_001abe68,0x001ABE68,0x001ABF48,224
FUN_001abf48,0x001ABF48,0x001AC650,1800
FUN_001ac650,0x001AC650,0x001ACF00,2224
FUN_001acf00,0x001ACF00,0x001ACF28,40
FUN_001acf28,0x001ACF28,0x001ACF8C,100
FUN_001acf90,0x001ACF90,0x001ACFB8,40
FUN_001acfb8,0x001ACFB8,0x001ACFE0,40
FUN_001acfe0,0x001ACFE0,0x001ACFF8,24
FUN_001acff8,0x001ACFF8,0x001AD010,24
FUN_001ad018,0x001AD018,0x001AD098,128
FUN_001ad098,0x001AD098,0x001AD0F8,96
FUN_001ad120,0x001AD120,0x001AD138,24
FUN_001ad138,0x001AD138,0x001AD150,24
FUN_001ad150,0x001AD150,0x001AD200,176
FUN_001ad200,0x001AD200,0x001AD27C,124
FUN_001ad280,0x001AD280,0x001AD3AC,300
FUN_001ad3b0,0x001AD3B0,0x001AD438,136
FUN_001ad468,0x001AD468,0x001AD490,40
FUN_001ad4c8,0x001AD4C8,0x001AD64C,388
FUN_001ad650,0x001AD650,0x001AD674,36
FUN_001ad678,0x001AD678,0x001AD6A4,44
FUN_001ad6a8,0x001AD6A8,0x001AD728,128
FUN_001ad728,0x001AD728,0x001AD774,76
FUN_001ad778,0x001AD778,0x001AD7B4,60
FUN_001ad7b8,0x001AD7B8,0x001AD7F4,60
FUN_001ad7f8,0x001AD7F8,0x001AD81C,36
FUN_001ad820,0x001AD820,0x001AD8C0,160
FUN_001ad8c0,0x001AD8C0,0x001AD8E4,36
FUN_001ad8e8,0x001AD8E8,0x001AD988,160
FUN_001ad988,0x001AD988,0x001AD9F8,112
FUN_001ad9f8,0x001AD9F8,0x001ADA3C,68
FUN_001ada40,0x001ADA40,0x001ADA58,24
FUN_001ada58,0x001ADA58,0x001ADA68,16
FUN_001ada68,0x001ADA68,0x001ADA80,24
FUN_001ada80,0x001ADA80,0x001ADB30,176
FUN_001adb30,0x001ADB30,0x001ADB40,16
FUN_001adb40,0x001ADB40,0x001ADB74,52
FUN_001adb78,0x001ADB78,0x001ADB88,16
FUN_001adb98,0x001ADB98,0x001ADBA4,12
FUN_001adba8,0x001ADBA8,0x001ADBFC,84
FUN_001adc00,0x001ADC00,0x001ADC2C,44
FUN_001adc68,0x001ADC68,0x001ADD28,192
FUN_001add28,0x001ADD28,0x001ADDBC,148
FUN_001addc0,0x001ADDC0,0x001ADE1C,92
FUN_001adea0,0x001ADEA0,0x001ADF20,128
FUN_001adf20,0x001ADF20,0x001ADFA0,128
FUN_001adfa0,0x001ADFA0,0x001AE020,128
FUN_001ae020,0x001AE020,0x001AE0A0,128
FUN_001ae0a0,0x001AE0A0,0x001AE118,120
FUN_001ae118,0x001AE118,0x001AE13C,36
FUN_001ae140,0x001AE140,0x001AE148,8
FUN_001ae148,0x001AE148,0x001AE1F8,176
FUN_001ae1f8,0x001AE1F8,0x001AE2A8,176
FUN_001ae2a8,0x001AE2A8,0x001AE358,176
FUN_001ae358,0x001AE358,0x001AE408,176
FUN_001ae408,0x001AE408,0x001AE4B8,176
FUN_001ae4e0,0x001AE4E0,0x001AE5F8,280
FUN_001ae5f8,0x001AE5F8,0x001AE608,16
FUN_001ae608,0x001AE608,0x001AE668,96
FUN_001ae668,0x001AE668,0x001AE6CC,100
FUN_001ae6d0,0x001AE6D0,0x001AE70C,60
FUN_001ae710,0x001AE710,0x001AE7B4,164
FUN_001ae7b8,0x001AE7B8,0x001AEE98,1760
FUN_001aee98,0x001AEE98,0x001AF0C8,560
FUN_001af0c8,0x001AF0C8,0x001AF508,1088
FUN_001af508,0x001AF508,0x001AF64C,324
FUN_001af650,0x001AF650,0x001AF740,240
FUN_001af740,0x001AF740,0x001AF7B8,120
FUN_001af7b8,0x001AF7B8,0x001AF84C,148
FUN_001af850,0x001AF850,0x001AF8D0,128
FUN_001af8d0,0x001AF8D0,0x001AF8D8,8
FUN_001af8d8,0x001AF8D8,0x001AF9BC,228
FUN_001af9c0,0x001AF9C0,0x001AFA10,80
FUN_001afa10,0x001AFA10,0x001AFBD8,456
FUN_001afbd8,0x001AFBD8,0x001AFDA8,464
FUN_001afda8,0x001AFDA8,0x001AFDB0,8
FUN_001afdb0,0x001AFDB0,0x001AFE70,192
FUN_001afe70,0x001AFE70,0x001B0030,448
FUN_001b0030,0x001B0030,0x001B0234,516
FUN_001b0238,0x001B0238,0x001B0480,584
FUN_001b0480,0x001B0480,0x001B06CC,588
FUN_001b06d0,0x001B06D0,0x001B090C,572
FUN_001b0910,0x001B0910,0x001B0CC0,944
FUN_001b0cc0,0x001B0CC0,0x001B0E88,456
FUN_001b0e88,0x001B0E88,0x001B10EC,612
FUN_001b10f0,0x001B10F0,0x001B1260,368
FUN_001b1260,0x001B1260,0x001B12E0,128
FUN_001b12e0,0x001B12E0,0x001B13FC,284
FUN_001b1400,0x001B1400,0x001B14BC,188
FUN_001b14c0,0x001B14C0,0x001B15B8,248
FUN_001b15b8,0x001B15B8,0x001B16F0,312
FUN_001b16f0,0x001B16F0,0x001B16F8,8
FUN_001b16f8,0x001B16F8,0x001B1704,12
FUN_001b1708,0x001B1708,0x001B18B4,428
FUN_001b18b8,0x001B18B8,0x001B18FC,68
FUN_001b1900,0x001B1900,0x001B1A34,308
FUN_001b1a38,0x001B1A38,0x001B1C9C,612
FUN_001b1ca0,0x001B1CA0,0x001B1D1C,124
FUN_001b1d20,0x001B1D20,0x001B1D7C,92
FUN_001b1d80,0x001B1D80,0x001B1E4C,204
FUN_001b1e50,0x001B1E50,0x001B1F58,264
FUN_001b1f58,0x001B1F58,0x001B21A8,592
FUN_001b21a8,0x001B21A8,0x001B24B8,784
FUN_001b24b8,0x001B24B8,0x001B25E0,296
FUN_001b25e0,0x001B25E0,0x001B26E0,256
FUN_001b26e0,0x001B26E0,0x001B27E8,264
FUN_001b27e8,0x001B27E8,0x001B287C,148
FUN_001b2880,0x001B2880,0x001B2904,132
FUN_001b2908,0x001B2908,0x001B29D8,208
FUN_001b29d8,0x001B29D8,0x001B2B9C,452
FUN_001b2ba0,0x001B2BA0,0x001B2D5C,444
FUN_001b2d60,0x001B2D60,0x001B2DEC,140
FUN_001b2df0,0x001B2DF0,0x001B2F00,272
FUN_001b2f00,0x001B2F00,0x001B2F40,64
FUN_001b2f40,0x001B2F40,0x001B2F4C,12
FUN_001b2f50,0x001B2F50,0x001B2FE8,152
FUN_001b2fe8,0x001B2FE8,0x001B30EC,260
FUN_001b30f0,0x001B30F0,0x001B31D4,228
FUN_001b31d8,0x001B31D8,0x001B3280,168
FUN_001b3280,0x001B3280,0x001B3368,232
FUN_001b3368,0x001B3368,0x001B33D0,104
FUN_001b33d0,0x001B33D0,0x001B343C,108
FUN_001b3440,0x001B3440,0x001B34FC,188
FUN_001b3500,0x001B3500,0x001B350C,12
FUN_001b3510,0x001B3510,0x001B3548,56
FUN_001b3548,0x001B3548,0x001B35B8,112
FUN_001b35b8,0x001B35B8,0x001B3628,112
FUN_001b3628,0x001B3628,0x001B366C,68
FUN_001b3670,0x001B3670,0x001B3748,216
FUN_001b3748,0x001B3748,0x001B3814,204
FUN_001b38a8,0x001B38A8,0x001B38FC,84
FUN_001b3900,0x001B3900,0x001B3A4C,332
FUN_001b3a50,0x001B3A50,0x001B3E0C,956
FUN_001b3e10,0x001B3E10,0x001B3EC4,180
FUN_001b3ec8,0x001B3EC8,0x001B3F78,176
FUN_001b3f78,0x001B3F78,0x001B3FC4,76
FUN_001b3fc8,0x001B3FC8,0x001B413C,372
FUN_001b4140,0x001B4140,0x001B421C,220
FUN_001b4220,0x001B4220,0x001B4300,224
FUN_001b4300,0x001B4300,0x001B44A8,424
FUN_001b44a8,0x001B44A8,0x001B4604,348
FUN_001b4608,0x001B4608,0x001B4830,552
FUN_001b4830,0x001B4830,0x001B4A50,544
FUN_001b4a50,0x001B4A50,0x001B4AF0,160
FUN_001b4af0,0x001B4AF0,0x001B4BFC,268
FUN_001b4c00,0x001B4C00,0x001B4C18,24
FUN_001b4c28,0x001B4C28,0x001B4CE4,188
FUN_001b4ce8,0x001B4CE8,0x001B4E38,336
FUN_001b4e38,0x001B4E38,0x001B4E90,88
FUN_001b4e90,0x001B4E90,0x001B4F1C,140
FUN_001b4f20,0x001B4F20,0x001B5040,288
FUN_001b5040,0x001B5040,0x001B51D0,400
FUN_001b51d0,0x001B51D0,0x001B51F4,36
FUN_001b51f8,0x001B51F8,0x001B521C,36
FUN_001b5220,0x001B5220,0x001B5490,624
FUN_001b5490,0x001B5490,0x001B54B0,32
FUN_001b54b0,0x001B54B0,0x001B5510,96
FUN_001b5510,0x001B5510,0x001B5568,88
FUN_001b5568,0x001B5568,0x001B5824,700
FUN_001b5838,0x001B5838,0x001B5940,264
FUN_001b5940,0x001B5940,0x001B5A18,216
FUN_001b5a18,0x001B5A18,0x001B5AA4,140
FUN_001b5aa8,0x001B5AA8,0x001B5AE4,60
FUN_001b5ae8,0x001B5AE8,0x001B5B38,80
FUN_001b5b38,0x001B5B38,0x001B5B78,64
FUN_001b5b78,0x001B5B78,0x001B5BBC,68
FUN_001b5bc0,0x001B5BC0,0x001B5C7C,188
FUN_001b5c80,0x001B5C80,0x001B5DA8,296
FUN_001b5da8,0x001B5DA8,0x001B5E44,156
FUN_001b5e48,0x001B5E48,0x001B5E88,64
FUN_001b5e88,0x001B5E88,0x001B5EB0,40
FUN_001b5eb0,0x001B5EB0,0x001B5FD0,288
FUN_001b5fd0,0x001B5FD0,0x001B6008,56
FUN_001b6008,0x001B6008,0x001B61E4,476
FUN_001b61e8,0x001B61E8,0x001B62C4,220
FUN_001b6310,0x001B6310,0x001B6580,624
FUN_001b6580,0x001B6580,0x001B66B4,308
FUN_001b66b8,0x001B66B8,0x001B67F0,312
FUN_001b67f0,0x001B67F0,0x001B6810,32
FUN_001b6810,0x001B6810,0x001B6948,312
FUN_001b6948,0x001B6948,0x001B69B4,108
FUN_001b69b8,0x001B69B8,0x001B6B08,336
FUN_001b6b08,0x001B6B08,0x001B6B9C,148
FUN_001b6ba0,0x001B6BA0,0x001B6CD4,308
FUN_001b6cd8,0x001B6CD8,0x001B6D00,40
FUN_001b6d00,0x001B6D00,0x001B6D4C,76
FUN_001b6d50,0x001B6D50,0x001B6DBC,108
FUN_001b6dc8,0x001B6DC8,0x001B6DD0,8
FUN_001b6dd0,0x001B6DD0,0x001B6E14,68
FUN_001b6e50,0x001B6E50,0x001B6E70,32
FUN_001b6e70,0x001B6E70,0x001B6ED4,100
FUN_001b6ed8,0x001B6ED8,0x001B6F20,72
FUN_001b6f20,0x001B6F20,0x001B6F50,48
FUN_001b6f50,0x001B6F50,0x001B6F70,32
FUN_001b6f70,0x001B6F70,0x001B6FC0,80
FUN_001b6fc0,0x001B6FC0,0x001B6FF0,48
FUN_001b6ff0,0x001B6FF0,0x001B7028,56
FUN_001b7028,0x001B7028,0x001B7078,80
FUN_001b7078,0x001B7078,0x001B70C8,80
FUN_001b70c8,0x001B70C8,0x001B70E0,24
FUN_001b70e0,0x001B70E0,0x001B7188,168
FUN_001b7188,0x001B7188,0x001B74D4,844
FUN_001b74d8,0x001B74D8,0x001B750C,52
FUN_001b7510,0x001B7510,0x001B753C,44
FUN_001b7540,0x001B7540,0x001B7608,200
FUN_001b7608,0x001B7608,0x001B7638,48
FUN_001b7638,0x001B7638,0x001B76C8,144
FUN_001b76c8,0x001B76C8,0x001B7760,152
FUN_001b7760,0x001B7760,0x001B77A4,68
FUN_001b77a8,0x001B77A8,0x001B781C,116
FUN_001b7820,0x001B7820,0x001B78BC,156
FUN_001b78c0,0x001B78C0,0x001B7934,116
FUN_001b7938,0x001B7938,0x001B7A00,200
FUN_001b7a00,0x001B7A00,0x001B7A80,128
FUN_001b7a80,0x001B7A80,0x001B7B60,224
FUN_001b7b60,0x001B7B60,0x001B7BB4,84
FUN_001b7bb8,0x001B7BB8,0x001B7CAC,244
FUN_001b7cb0,0x001B7CB0,0x001B7D6C,188
FUN_001b7d70,0x001B7D70,0x001B7F48,472
FUN_001b7f48,0x001B7F48,0x001B80F4,428
FUN_001b80f8,0x001B80F8,0x001B8214,284
FUN_001b8218,0x001B8218,0x001B82C0,168
FUN_001b82c0,0x001B82C0,0x001B8334,116
FUN_001b8338,0x001B8338,0x001B8424,236
FUN_001b8428,0x001B8428,0x001B8480,88
FUN_001b8480,0x001B8480,0x001B8604,388
FUN_001b8608,0x001B8608,0x001B88E4,732
FUN_001b88e8,0x001B88E8,0x001B8B3C,596
FUN_001b8b40,0x001B8B40,0x001B8FF4,1204
FUN_001b8ff8,0x001B8FF8,0x001B9048,80
FUN_001b9048,0x001B9048,0x001B9138,240
FUN_001b9138,0x001B9138,0x001B91A8,112
FUN_001b91a8,0x001B91A8,0x001B9218,112
FUN_001b9218,0x001B9218,0x001B9288,112
FUN_001b9288,0x001B9288,0x001B9314,140
FUN_001b9318,0x001B9318,0x001B93A4,140
FUN_001b93a8,0x001B93A8,0x001B93BC,20
FUN_001b93c0,0x001B93C0,0x001B93D8,24
FUN_001b93d8,0x001B93D8,0x001B9580,424
FUN_001b9580,0x001B9580,0x001B9834,692
FUN_001b9838,0x001B9838,0x001B98F0,184
FUN_001b98f0,0x001B98F0,0x001B99D8,232
FUN_001b99d8,0x001B99D8,0x001B99EC,20
FUN_001b99f0,0x001B99F0,0x001B9A08,24
FUN_001b9a08,0x001B9A08,0x001B9AA8,160
FUN_001b9aa8,0x001B9AA8,0x001B9B08,96
FUN_001b9b08,0x001B9B08,0x001B9B68,96
FUN_001b9b68,0x001B9B68,0x001B9B98,48
FUN_001b9b98,0x001B9B98,0x001B9D3C,420
FUN_001b9d40,0x001B9D40,0x001B9F44,516
FUN_001b9f48,0x001B9F48,0x001BA184,572
FUN_001ba188,0x001BA188,0x001BA308,384
FUN_001ba308,0x001BA308,0x001BA448,320
FUN_001ba448,0x001BA448,0x001BA548,256
FUN_001ba548,0x001BA548,0x001BA5B0,104
FUN_001ba5b0,0x001BA5B0,0x001BA760,432
FUN_001ba760,0x001BA760,0x001BAB90,1072
FUN_001bab90,0x001BAB90,0x001BAC10,128
FUN_001bac10,0x001BAC10,0x001BAC2C,28
FUN_001bac30,0x001BAC30,0x001BAD50,288
FUN_001bad50,0x001BAD50,0x001BAE48,248
FUN_001bae48,0x001BAE48,0x001BAF68,288
FUN_001baf68,0x001BAF68,0x001BB124,444
FUN_001bb128,0x001BB128,0x001BB1F0,200
FUN_001bb1f0,0x001BB1F0,0x001BB208,24
FUN_001bb208,0x001BB208,0x001BB24C,68
FUN_001bb250,0x001BB250,0x001BB304,180
FUN_001bb308,0x001BB308,0x001BB3B8,176
FUN_001bb3e0,0x001BB3E0,0x001BB44C,108
FUN_001bb450,0x001BB450,0x001BB474,36
FUN_001bb478,0x001BB478,0x001BB4E4,108
FUN_001bb4e8,0x001BB4E8,0x001BB510,40
FUN_001bb510,0x001BB510,0x001BB610,256
FUN_001bb620,0x001BB620,0x001BB730,272
FUN_001bb730,0x001BB730,0x001BB9A8,632
FUN_001bb9a8,0x001BB9A8,0x001BBCF8,848
FUN_001bbcf8,0x001BBCF8,0x001BBDCC,212
FUN_001bbdd0,0x001BBDD0,0x001BBE6C,156
FUN_001bbe70,0x001BBE70,0x001BC0B8,584
FUN_001bc0b8,0x001BC0B8,0x001BC468,944
FUN_001bc468,0x001BC468,0x001BC51C,180
FUN_001bc520,0x001BC520,0x001BC540,32
FUN_001bc540,0x001BC540,0x001BC638,248
FUN_001bc638,0x001BC638,0x001BC7D8,416
FUN_001bc7d8,0x001BC7D8,0x001BC8A8,208
FUN_001bc8a8,0x001BC8A8,0x001BC918,112
FUN_001bc918,0x001BC918,0x001BC964,76
FUN_001bc968,0x001BC968,0x001BCAA8,320
FUN_001bcaa8,0x001BCAA8,0x001BCB78,208
FUN_001bcb78,0x001BCB78,0x001BCD6C,500
FUN_001bcd70,0x001BCD70,0x001BCDB4,68
FUN_001bcdb8,0x001BCDB8,0x001BCE08,80
FUN_001bce08,0x001BCE08,0x001BCFA8,416
FUN_001bcfa8,0x001BCFA8,0x001BD258,688
FUN_001bd258,0x001BD258,0x001BD558,768
FUN_001bd558,0x001BD558,0x001BD63C,228
FUN_001bd640,0x001BD640,0x001BD6E0,160
FUN_001bd6e0,0x001BD6E0,0x001BD8E8,520
FUN_001bd8e8,0x001BD8E8,0x001BDAA0,440
FUN_001bdaa0,0x001BDAA0,0x001BDAB0,16
FUN_001bdab0,0x001BDAB0,0x001BDB30,128
FUN_001bdb30,0x001BDB30,0x001BDDD4,676
FUN_001bddd8,0x001BDDD8,0x001BDE68,144
FUN_001bde68,0x001BDE68,0x001BDED4,108
FUN_001bded8,0x001BDED8,0x001BDFA4,204
FUN_001bdfa8,0x001BDFA8,0x001BE140,408
FUN_001be140,0x001BE140,0x001BE1AC,108
FUN_001be1b0,0x001BE1B0,0x001BE1E4,52
FUN_001be1e8,0x001BE1E8,0x001BE314,300
FUN_001be318,0x001BE318,0x001BE408,240
FUN_001be408,0x001BE408,0x001BE54C,324
FUN_001be550,0x001BE550,0x001BE574,36
FUN_001be578,0x001BE578,0x001BE5A0,40
FUN_001be5a0,0x001BE5A0,0x001BE680,224
FUN_001be680,0x001BE680,0x001BE810,400
FUN_001be810,0x001BE810,0x001BE84C,60
FUN_001be850,0x001BE850,0x001BE8BC,108
FUN_001be8c0,0x001BE8C0,0x001BEC68,936
FUN_001bec68,0x001BEC68,0x001BED08,160
FUN_001bed08,0x001BED08,0x001BEDC8,192
FUN_001bedc8,0x001BEDC8,0x001BEE38,112
FUN_001bee38,0x001BEE38,0x001BEE7C,68
FUN_001bee80,0x001BEE80,0x001BEEC4,68
FUN_001beec8,0x001BEEC8,0x001BEF30,104
FUN_001bef30,0x001BEF30,0x001BF0A8,376
FUN_001bf0a8,0x001BF0A8,0x001BF15C,180
FUN_001bf160,0x001BF160,0x001BF26C,268
FUN_001bf270,0x001BF270,0x001BF2E8,120
FUN_001bf2e8,0x001BF2E8,0x001BF38C,164
FUN_001bf390,0x001BF390,0x001BF47C,236
FUN_001bf480,0x001BF480,0x001BF4CC,76
FUN_001bf4d0,0x001BF4D0,0x001BF5A4,212
FUN_001bf5a8,0x001BF5A8,0x001BF600,88
FUN_001bf600,0x001BF600,0x001BF654,84
FUN_001bf658,0x001BF658,0x001BF6A8,80
FUN_001bf6a8,0x001BF6A8,0x001BF6F4,76
FUN_001bf6f8,0x001BF6F8,0x001BFBBC,1220
FUN_001bfbc0,0x001BFBC0,0x001BFC90,208
FUN_001bfc90,0x001BFC90,0x001BFF70,736
FUN_001bff70,0x001BFF70,0x001C0054,228
FUN_001c0058,0x001C0058,0x001C0124,204
FUN_001c0128,0x001C0128,0x001C01A8,128
FUN_001c01a8,0x001C01A8,0x001C0200,88
FUN_001c0200,0x001C0200,0x001C026C,108
FUN_001c0270,0x001C0270,0x001C02C8,88
FUN_001c02c8,0x001C02C8,0x001C0534,620
FUN_001c0538,0x001C0538,0x001C0AA4,1388
FUN_001c0aa8,0x001C0AA8,0x001C0BA0,248
FUN_001c0ba0,0x001C0BA0,0x001C0C94,244
FUN_001c0c98,0x001C0C98,0x001C0CB8,32
FUN_001c0cb8,0x001C0CB8,0x001C0EB4,508
FUN_001c0eb8,0x001C0EB8,0x001C1040,392
FUN_001c1040,0x001C1040,0x001C10A8,104
FUN_001c10a8,0x001C10A8,0x001C1154,172
FUN_001c1158,0x001C1158,0x001C1928,2000
FUN_001c1928,0x001C1928,0x001C19DC,180
FUN_001c19e0,0x001C19E0,0x001C1A54,116
FUN_001c1a58,0x001C1A58,0x001C1ACC,116
FUN_001c1ad0,0x001C1AD0,0x001C1B20,80
FUN_001c1b20,0x001C1B20,0x001D4CD0,78256
FUN_001c1d50,0x001C1D50,0x001C1E9C,332
FUN_001c1ea0,0x001C1EA0,0x001C1FAC,268
FUN_001c1fb0,0x001C1FB0,0x001C2008,88
FUN_001c2008,0x001C2008,0x001C2094,140
FUN_001c2098,0x001C2098,0x001C2194,252
FUN_001c2198,0x001C2198,0x001C2214,124
FUN_001c2218,0x001C2218,0x001C22BC,164
FUN_001c22c0,0x001C22C0,0x001C2318,88
FUN_001c2318,0x001C2318,0x001C2474,348
FUN_001c2478,0x001C2478,0x001C256C,244
FUN_001c2570,0x001C2570,0x001C263C,204
FUN_001c2640,0x001C2640,0x001C2810,464
FUN_001c2810,0x001C2810,0x001C2854,68
FUN_001c2858,0x001C2858,0x001C299C,324
FUN_001c29a0,0x001C29A0,0x001C29D4,52
FUN_001c29d8,0x001C29D8,0x001C2A28,80
FUN_001c2a28,0x001C2A28,0x001C2AA8,128
FUN_001c2aa8,0x001C2AA8,0x001C2B30,136
FUN_001c2b30,0x001C2B30,0x001C2C80,336
FUN_001c2c80,0x001C2C80,0x001C2E8C,524
FUN_001c2e90,0x001C2E90,0x001C2F10,128
FUN_001c2f10,0x001C2F10,0x001C2FEC,220
FUN_001c2ff0,0x001C2FF0,0x001C303C,76
FUN_001c3040,0x001C3040,0x001C30A4,100
FUN_001c30a8,0x001C30A8,0x001C310C,100
FUN_001c3110,0x001C3110,0x001C3170,96
FUN_001c3170,0x001C3170,0x001C319C,44
FUN_001c31a0,0x001C31A0,0x001C31CC,44
FUN_001c31d0,0x001C31D0,0x001C3284,180
FUN_001c3288,0x001C3288,0x001C3398,272
FUN_001c3398,0x001C3398,0x001C33D8,64
FUN_001c33d8,0x001C33D8,0x001C3410,56
FUN_001c3518,0x001C3518,0x001C3534,28
FUN_001c3538,0x001C3538,0x001C3784,588
FUN_001c3788,0x001C3788,0x001C37D0,72
FUN_001c37d0,0x001C37D0,0x001C3818,72
FUN_001c3818,0x001C3818,0x001C3860,72
FUN_001c3860,0x001C3860,0x001C38A8,72
FUN_001c38a8,0x001C38A8,0x001C38F0,72
FUN_001c38f0,0x001C38F0,0x001C3938,72
FUN_001c3938,0x001C3938,0x001C3980,72
FUN_001c3980,0x001C3980,0x001C3A1C,156
FUN_001c3a20,0x001C3A20,0x001C3A64,68
FUN_001c3a68,0x001C3A68,0x001C3AAC,68
FUN_001c3ab0,0x001C3AB0,0x001C3AF4,68
FUN_001c3af8,0x001C3AF8,0x001C3B3C,68
FUN_001c3b40,0x001C3B40,0x001C3B64,36
FUN_001c3b68,0x001C3B68,0x001C3B8C,36
FUN_001c3b90,0x001C3B90,0x001C3BB4,36
FUN_001c3bb8,0x001C3BB8,0x001C3BDC,36
FUN_001c3be0,0x001C3BE0,0x001C3C04,36
FUN_001c3c08,0x001C3C08,0x001C3C2C,36
FUN_001c3c30,0x001C3C30,0x001C3C54,36
FUN_001c3c58,0x001C3C58,0x001C3C7C,36
FUN_001c3c80,0x001C3C80,0x001C3CA4,36
FUN_001c3ca8,0x001C3CA8,0x001C3D54,172
FUN_001c3d58,0x001C3D58,0x001C3E2C,212
FUN_001c3e30,0x001C3E30,0x001C3E5C,44
FUN_001c3e60,0x001C3E60,0x001C4030,464
FUN_001c4030,0x001C4030,0x001C4118,232
FUN_001c4118,0x001C4118,0x001C419C,132
FUN_001c41a0,0x001C41A0,0x001C41EC,76
FUN_001c41f0,0x001C41F0,0x001C423C,76
FUN_001c4240,0x001C4240,0x001C4258,24
FUN_001c4258,0x001C4258,0x001C4290,56
FUN_001c4290,0x001C4290,0x001C42A8,24
FUN_001c42a8,0x001C42A8,0x001C42F0,72
FUN_001c42f0,0x001C42F0,0x001C4338,72
FUN_001c4338,0x001C4338,0x001C4388,80
FUN_001c4388,0x001C4388,0x001C444C,196
FUN_001c4450,0x001C4450,0x001C44CC,124
FUN_001c44d0,0x001C44D0,0x001C44F8,40
FUN_001c44f8,0x001C44F8,0x001C4520,40
FUN_001c4520,0x001C4520,0x001C4580,96
FUN_001c4580,0x001C4580,0x001C45A8,40
FUN_001c45a8,0x001C45A8,0x001C45B0,8
FUN_001c45b0,0x001C45B0,0x001C4608,88
FUN_001c4608,0x001C4608,0x001C4634,44
FUN_001c4638,0x001C4638,0x001C4640,8
FUN_001c4640,0x001C4640,0x001C4648,8
FUN_001c4648,0x001C4648,0x001C4650,8
FUN_001c4650,0x001C4650,0x001C4684,52
FUN_001c4688,0x001C4688,0x001C46A8,32
FUN_001c46a8,0x001C46A8,0x001C46DC,52
FUN_001c46e0,0x001C46E0,0x001C4700,32
FUN_001c4700,0x001C4700,0x001C4720,32
FUN_001c4720,0x001C4720,0x001C4740,32
FUN_001c4740,0x001C4740,0x001C47A4,100
FUN_001c47a8,0x001C47A8,0x001C48B4,268
FUN_001c48b8,0x001C48B8,0x001C4920,104
FUN_001c4920,0x001C4920,0x001C4A08,232
FUN_001c4a08,0x001C4A08,0x001C4A7C,116
FUN_001c4a80,0x001C4A80,0x001C4AEC,108
FUN_001c4af0,0x001C4AF0,0x001C4B3C,76
FUN_001c4b40,0x001C4B40,0x001C4BB8,120
FUN_001c4bb8,0x001C4BB8,0x001C4BD8,32
FUN_001c4bd8,0x001C4BD8,0x001C4BF8,32
FUN_001c4bf8,0x001C4BF8,0x001C4D38,320
FUN_001c4d38,0x001C4D38,0x001C4DB4,124
FUN_001c4db8,0x001C4DB8,0x001C4E84,204
FUN_001c4e88,0x001C4E88,0x001C4F68,224
FUN_001c4f68,0x001C4F68,0x001C583C,2260
FUN_001c5840,0x001C5840,0x001C5C80,1088
FUN_001c5c80,0x001C5C80,0x001C6268,1512
FUN_001c6268,0x001C6268,0x001C63F4,396
FUN_001c63f8,0x001C63F8,0x001C6530,312
FUN_001c6530,0x001C6530,0x001C6698,360
FUN_001c6698,0x001C6698,0x001C67B0,280
FUN_001c67b0,0x001C67B0,0x001C6920,368
FUN_001c6920,0x001C6920,0x001C69C4,164
FUN_001c69c8,0x001C69C8,0x001C6D78,944
FUN_001c6d78,0x001C6D78,0x001C6DAC,52
FUN_001c6db0,0x001C6DB0,0x001C6DDC,44
FUN_001c6de0,0x001C6DE0,0x001C6E74,148
FUN_001c6e78,0x001C6E78,0x001C7050,472
FUN_001c7050,0x001C7050,0x001C7330,736
FUN_001c7330,0x001C7330,0x001C7354,36
FUN_001c7358,0x001C7358,0x001C7A88,1840
FUN_001c7a88,0x001C7A88,0x001C7AEC,100
FUN_001c7af0,0x001C7AF0,0x001C7B30,64
FUN_001c7b30,0x001C7B30,0x001C7BC0,144
FUN_001c7bc0,0x001C7BC0,0x001C7C18,88
FUN_001c7c18,0x001C7C18,0x001C7C84,108
FUN_001c7c88,0x001C7C88,0x001C804C,964
FUN_001c8050,0x001C8050,0x001C8188,312
FUN_001c8188,0x001C8188,0x001C8358,464
FUN_001c8360,0x001C8360,0x001C84A8,328
FUN_001c84a8,0x001C84A8,0x001C857C,212
FUN_001c8580,0x001C8580,0x001C89C0,1088
FUN_001c89c0,0x001C89C0,0x001C8A10,80
FUN_001c8a10,0x001C8A10,0x001C8A74,100
FUN_001c8a78,0x001C8A78,0x001C8DB8,832
FUN_001c8db8,0x001C8DB8,0x001C8F18,352
FUN_001c8f18,0x001C8F18,0x001C900C,244
FUN_001c9010,0x001C9010,0x001C9254,580
FUN_001c9258,0x001C9258,0x001C9710,1208
FUN_001c9710,0x001C9710,0x001C97C0,176
FUN_001c97c0,0x001C97C0,0x001C9984,452
FUN_001c9988,0x001C9988,0x001C9B50,456
FUN_001c9b50,0x001C9B50,0x001CA520,2512
FUN_001ca520,0x001CA520,0x001CA614,244
FUN_001ca618,0x001CA618,0x001CA624,12
FUN_001ca628,0x001CA628,0x001CA698,112
FUN_001ca698,0x001CA698,0x001CA6D0,56
FUN_001ca6d0,0x001CA6D0,0x001CAB3C,1132
FUN_001cab40,0x001CAB40,0x001CAB88,72
FUN_001cab88,0x001CAB88,0x001CAD68,480
FUN_001cad68,0x001CAD68,0x001CAEEC,388
FUN_001caef0,0x001CAEF0,0x001CB0FC,524
FUN_001cb100,0x001CB100,0x001CB288,392
FUN_001cb288,0x001CB288,0x001CB62C,932
FUN_001cb630,0x001CB630,0x001CBA68,1080
FUN_001cba68,0x001CBA68,0x001CBD70,776
FUN_001cbd70,0x001CBD70,0x001CC0F4,900
FUN_001cc0f8,0x001CC0F8,0x001CC29C,420
FUN_001cc2a0,0x001CC2A0,0x001CC588,744
FUN_001cc588,0x001CC588,0x001CC81C,660
FUN_001cc820,0x001CC820,0x001CCB98,888
FUN_001ccb98,0x001CCB98,0x001CCE58,704
FUN_001cce58,0x001CCE58,0x001CCFE4,396
FUN_001ccfe8,0x001CCFE8,0x001CD254,620
FUN_001cd258,0x001CD258,0x001CD320,200
FUN_001cd320,0x001CD320,0x001CD41C,252
FUN_001cd420,0x001CD420,0x001CD558,312
FUN_001cd558,0x001CD558,0x001CD9C4,1132
FUN_001cd9c8,0x001CD9C8,0x001CDBE8,544
FUN_001cd9e8,0x001CD9E8,0x001CDBE0,504
FUN_001cdbe8,0x001CDBE8,0x001CDCA4,188
FUN_001cdca8,0x001CDCA8,0x001CDD3C,148
FUN_001cdd40,0x001CDD40,0x001CE02C,748
FUN_001ce030,0x001CE030,0x001CE050,32
FUN_001ce050,0x001CE050,0x001CE068,24
FUN_001ce068,0x001CE068,0x001CE108,160
FUN_001ce108,0x001CE108,0x001CE194,140
FUN_001ce198,0x001CE198,0x001CE1B8,32
FUN_001ce1b8,0x001CE1B8,0x001CE1D8,32
FUN_001ce1d8,0x001CE1D8,0x001CE354,380
FUN_001ce358,0x001CE358,0x001CE3CC,116
FUN_001ce3d0,0x001CE3D0,0x001CE3D8,8
FUN_001ce3d8,0x001CE3D8,0x001CE464,140
FUN_001ce468,0x001CE468,0x001CE470,8
FUN_001ce470,0x001CE470,0x001CE4CC,92
FUN_001ce4d0,0x001CE4D0,0x001CE500,48
FUN_001ce500,0x001CE500,0x001CE5A0,160
FUN_001ce5a0,0x001CE5A0,0x001CE630,144
FUN_001ce630,0x001CE630,0x001CEB3C,1292
FUN_001ceb40,0x001CEB40,0x001CEB88,72
FUN_001ceb88,0x001CEB88,0x001CEBB8,48
FUN_001cebb8,0x001CEBB8,0x001CEC10,88
FUN_001cec10,0x001CEC10,0x001CEC40,48
FUN_001cec40,0x001CEC40,0x001CECC8,136
FUN_001cecc8,0x001CECC8,0x001CED14,76
FUN_001ced18,0x001CED18,0x001CED5C,68
FUN_001ced60,0x001CED60,0x001CED90,48
FUN_001ced90,0x001CED90,0x001CEDC8,56
FUN_001cedc8,0x001CEDC8,0x001CEE0C,68
FUN_001cee10,0x001CEE10,0x001CEE48,56
FUN_001cee48,0x001CEE48,0x001CEE8C,68
FUN_001cee90,0x001CEE90,0x001CEED4,68
FUN_001ceed8,0x001CEED8,0x001CEF7C,164
FUN_001cef80,0x001CEF80,0x001CEFC4,68
FUN_001cefc8,0x001CEFC8,0x001CEFF4,44
FUN_001ceff8,0x001CEFF8,0x001CF024,44
FUN_001cf028,0x001CF028,0x001CF050,40
FUN_001cf050,0x001CF050,0x001CF074,36
FUN_001cf078,0x001CF078,0x001CF09C,36
FUN_001cf0a0,0x001CF0A0,0x001CF0C4,36
FUN_001cf0c8,0x001CF0C8,0x001CF104,60
FUN_001cf108,0x001CF108,0x001CF150,72
FUN_001cf150,0x001CF150,0x001CF21C,204
FUN_001cf220,0x001CF220,0x001CF574,852
FUN_001cf578,0x001CF578,0x001CF5A0,40
FUN_001cf5a0,0x001CF5A0,0x001CF5D0,48
FUN_001cf5d0,0x001CF5D0,0x001CF5F8,40
FUN_001cf5f8,0x001CF5F8,0x001CF620,40
FUN_001cf620,0x001CF620,0x001CF678,88
FUN_001cf678,0x001CF678,0x001CF6D0,88
FUN_001cf6d0,0x001CF6D0,0x001CF740,112
FUN_001cf740,0x001CF740,0x001CF890,336
FUN_001cf890,0x001CF890,0x001CF9B4,292
FUN_001cf9b8,0x001CF9B8,0x001D00D8,1824
FUN_001d00d8,0x001D00D8,0x001D0150,120
FUN_001d0150,0x001D0150,0x001D01BC,108
FUN_001d01c0,0x001D01C0,0x001D02B4,244
FUN_001d02b8,0x001D02B8,0x001D0474,444
FUN_001d0478,0x001D0478,0x001D0504,140
FUN_001d0508,0x001D0508,0x001D0610,264
FUN_001d0610,0x001D0610,0x001D064C,60
FUN_001d0650,0x001D0650,0x001D0868,536
FUN_001d0868,0x001D0868,0x001D0900,152
FUN_001d0900,0x001D0900,0x001D099C,156
FUN_001d09a0,0x001D09A0,0x001D0B60,448
FUN_001d0b60,0x001D0B60,0x001D0BBC,92
FUN_001d0bc0,0x001D0BC0,0x001D0E60,672
FUN_001d0e60,0x001D0E60,0x001D0FD8,376
FUN_001d0fd8,0x001D0FD8,0x001D1114,316
FUN_001d1118,0x001D1118,0x001D1180,104
FUN_001d1180,0x001D1180,0x001D11E4,100
FUN_001d11e8,0x001D11E8,0x001D1230,72
FUN_001d1230,0x001D1230,0x001D1294,100
FUN_001d1298,0x001D1298,0x001D13AC,276
FUN_001d13b0,0x001D13B0,0x001D14F8,328
FUN_001d14f8,0x001D14F8,0x001D1554,92
FUN_001d1558,0x001D1558,0x001D15DC,132
FUN_001d15e0,0x001D15E0,0x001D1664,132
FUN_001d1668,0x001D1668,0x001D16F4,140
FUN_001d16f8,0x001D16F8,0x001D1778,128
FUN_001d1778,0x001D1778,0x001D1804,140
FUN_001d1808,0x001D1808,0x001D18B0,168
FUN_001d18b0,0x001D18B0,0x001D1958,168
FUN_001d1958,0x001D1958,0x001D1EC8,1392
FUN_001d1ec8,0x001D1EC8,0x001D2144,636
FUN_001d2148,0x001D2148,0x001D21F4,172
FUN_001d21f8,0x001D21F8,0x001D2260,104
FUN_001d2260,0x001D2260,0x001D22F8,152
FUN_001d22f8,0x001D22F8,0x001D23D0,216
FUN_001d23d0,0x001D23D0,0x001D24E4,276
FUN_001d24e8,0x001D24E8,0x001D260C,292
FUN_001d2610,0x001D2610,0x001D2690,128
FUN_001d2690,0x001D2690,0x001D26E0,80
FUN_001d26e0,0x001D26E0,0x001D2730,80
FUN_001d2730,0x001D2730,0x001D27F4,196
FUN_001d27f8,0x001D27F8,0x001D2C00,1032
FUN_001d2c00,0x001D2C00,0x001D2D0C,268
FUN_001d2d10,0x001D2D10,0x001D2D30,32
FUN_001d2d30,0x001D2D30,0x001D2E84,340
FUN_001d2e88,0x001D2E88,0x001D2EC8,64
FUN_001d2ec8,0x001D2EC8,0x001D2EF0,40
FUN_001d2ef0,0x001D2EF0,0x001D2F04,20
FUN_001d2f08,0x001D2F08,0x001D2FF4,236
FUN_001d2ff8,0x001D2FF8,0x001D310C,276
FUN_001d3110,0x001D3110,0x001D3124,20
FUN_001d3128,0x001D3128,0x001D316C,68
FUN_001d3170,0x001D3170,0x001D3534,964
FUN_001d3538,0x001D3538,0x001D3540,8
FUN_001d3540,0x001D3540,0x001D3564,36
FUN_001d3568,0x001D3568,0x001D35B0,72
FUN_001d35b0,0x001D35B0,0x001D3668,184
FUN_001d3668,0x001D3668,0x001D36B4,76
FUN_001d36b8,0x001D36B8,0x001D378C,212
FUN_001d3790,0x001D3790,0x001D37F8,104
FUN_001d37f8,0x001D37F8,0x001D3850,88
FUN_001d3850,0x001D3850,0x001D38B8,104
FUN_001d38b8,0x001D38B8,0x001D38E8,48
FUN_001d38e8,0x001D38E8,0x001D3978,144
FUN_001d3978,0x001D3978,0x001D3A2C,180
FUN_001d3a30,0x001D3A30,0x001D3A94,100
FUN_001d3a98,0x001D3A98,0x001D3B40,168
FUN_001d3b40,0x001D3B40,0x001D3B80,64
FUN_001d3b80,0x001D3B80,0x001D3BA8,40
FUN_001d3ba8,0x001D3BA8,0x001D3BB0,8
FUN_001d3bb0,0x001D3BB0,0x001D3C10,96
FUN_001d3c10,0x001D3C10,0x001D3C40,48
FUN_001d3c40,0x001D3C40,0x001D3D48,264
FUN_001d3d48,0x001D3D48,0x001D3DF8,176
FUN_001d3df8,0x001D3DF8,0x001D3EA4,172
FUN_001d3ea8,0x001D3EA8,0x001D3F14,108
FUN_001d3f18,0x001D3F18,0x001D401C,260
FUN_001d4020,0x001D4020,0x001D40D8,184
FUN_001d40d8,0x001D40D8,0x001D4370,664
FUN_001d4370,0x001D4370,0x001D4654,740
FUN_001d4658,0x001D4658,0x001D47C8,368
FUN_001d47c8,0x001D47C8,0x001D486C,164
FUN_001d4870,0x001D4870,0x001D49E4,372
FUN_001d49e8,0x001D49E8,0x001D49FC,20
FUN_001d4a00,0x001D4A00,0x001D4A70,112
FUN_001d4a70,0x001D4A70,0x001D4CC4,596
FUN_001d4cd0,0x001D4CD0,0x001D4CE4,20
FUN_001d4d98,0x001D4D98,0x001D4DA8,16
FUN_001d4da8,0x001D4DA8,0x001D4DCC,36
FUN_001d4dd0,0x001D4DD0,0x001D4DE0,16
FUN_001d4de0,0x001D4DE0,0x001D4DF0,16
FUN_001d4df0,0x001D4DF0,0x001D4DFC,12
FUN_001d4e00,0x001D4E00,0x001D4E0C,12
FUN_001d4e10,0x001D4E10,0x001D4E1C,12
FUN_001d4e40,0x001D4E40,0x001D4E50,16
FUN_001d4e50,0x001D4E50,0x001D4E60,16
FUN_001d4e80,0x001D4E80,0x001D4E8C,12
FUN_001d4e90,0x001D4E90,0x001D4E9C,12
FUN_001d4ea0,0x001D4EA0,0x001D4ED4,52
FUN_001d4f10,0x001D4F10,0x001D4F30,32
FUN_001d4f30,0x001D4F30,0x001D5FB8,4232
FUN_001d5fb8,0x001D5FB8,0x001D5FC0,8
FUN_001d5fc0,0x001D5FC0,0x001D5FC8,8
FUN_001d5fc8,0x001D5FC8,0x001D6010,72
FUN_001d6010,0x001D6010,0x001D6060,80
FUN_001d6060,0x001D6060,0x001D609C,60
FUN_001d60a0,0x001D60A0,0x001D60F4,84
FUN_001d60f8,0x001D60F8,0x001D614C,84
FUN_001d6150,0x001D6150,0x001D6174,36
FUN_001d6178,0x001D6178,0x001D61F4,124
FUN_001d61f8,0x001D61F8,0x001D6290,152
FUN_001d6290,0x001D6290,0x001D6318,136
FUN_001d6318,0x001D6318,0x001D6338,32
FUN_001d6338,0x001D6338,0x001D6360,40
FUN_001d6360,0x001D6360,0x001D6388,40
FUN_001d63a8,0x001D63A8,0x001D63B4,12
FUN_001d63d8,0x001D63D8,0x001D6404,44
FUN_001d6408,0x001D6408,0x001D6434,44
FUN_001d6438,0x001D6438,0x001D64A0,104
FUN_001d64a0,0x001D64A0,0x001D6574,212
FUN_001d6578,0x001D6578,0x001D6580,8
FUN_001d6580,0x001D6580,0x001D6C08,1672
FUN_001d6c08,0x001D6C08,0x001D7084,1148
FUN_001d7088,0x001D7088,0x001D70E8,96
FUN_001d70e8,0x001D70E8,0x001D7194,172
FUN_001d7198,0x001D7198,0x001D731C,388
FUN_001d7320,0x001D7320,0x001D73AC,140
FUN_001d73b0,0x001D73B0,0x001D7414,100
FUN_001d7418,0x001D7418,0x001D7570,344
FUN_001d7570,0x001D7570,0x001D75C4,84
FUN_001d75c8,0x001D75C8,0x001D7628,96
FUN_001d7628,0x001D7628,0x001D7684,92
FUN_001d7688,0x001D7688,0x001D771C,148
FUN_001d7720,0x001D7720,0x001D7904,484
FUN_001d7908,0x001D7908,0x001D799C,148
FUN_001d79a0,0x001D79A0,0x001D7A44,164
FUN_001d7a48,0x001D7A48,0x001D7B70,296
FUN_001d7b70,0x001D7B70,0x001D7C30,192
FUN_001d7c30,0x001D7C30,0x001D7E64,564
FUN_001d7e68,0x001D7E68,0x001D7EFC,148
FUN_001d7f00,0x001D7F00,0x001D7F94,148
FUN_001d7f98,0x001D7F98,0x001D7FC8,48
FUN_001d7fc8,0x001D7FC8,0x001D7FF4,44
FUN_001d7ff8,0x001D7FF8,0x001D8068,112
FUN_001d8068,0x001D8068,0x001D8080,24
FUN_001d8080,0x001D8080,0x001D8088,8
FUN_001d8088,0x001D8088,0x001D8128,160
FUN_001d8128,0x001D8128,0x001D81A0,120
FUN_001d81a0,0x001D81A0,0x001D8208,104
FUN_001d8208,0x001D8208,0x001D8270,104
FUN_001d8270,0x001D8270,0x001D82DC,108
FUN_001d82e0,0x001D82E0,0x001D832C,76
FUN_001d8330,0x001D8330,0x001D8388,88
FUN_001d8388,0x001D8388,0x001D8470,232
FUN_001d8470,0x001D8470,0x001D8574,260
FUN_001d8578,0x001D8578,0x001D858C,20
FUN_001d8590,0x001D8590,0x001D8724,404
FUN_001d8728,0x001D8728,0x001D874C,36
FUN_001d8750,0x001D8750,0x001D8788,56
FUN_001d8788,0x001D8788,0x001D87D8,80
FUN_001d87d8,0x001D87D8,0x001D8830,88
FUN_001d8830,0x001D8830,0x001D8880,80
FUN_001d8880,0x001D8880,0x001D88D8,88
FUN_001d88d8,0x001D88D8,0x001D8930,88
FUN_001d8930,0x001D8930,0x001D8980,80
FUN_001d8980,0x001D8980,0x001D8B88,520
FUN_001d8b88,0x001D8B88,0x001D8D08,384
FUN_001d8d08,0x001D8D08,0x001D8E08,256
FUN_001d8e08,0x001D8E08,0x001D8E50,72
FUN_001d8e50,0x001D8E50,0x001D9330,1248
FUN_001d9330,0x001D9330,0x001D9518,488
FUN_001d9518,0x001D9518,0x001D98FC,996
FUN_001d9900,0x001D9900,0x001D9A1C,284
FUN_001d9a20,0x001D9A20,0x001D9A58,56
FUN_001d9a58,0x001D9A58,0x001D9A90,56
FUN_001d9a90,0x001D9A90,0x001D9B20,144
FUN_001d9b20,0x001D9B20,0x001D9B78,88
FUN_001d9b78,0x001D9B78,0x001D9C24,172
FUN_001d9c28,0x001D9C28,0x001D9D28,256
FUN_001d9d28,0x001D9D28,0x001D9DB0,136
FUN_001d9db0,0x001D9DB0,0x001D9F90,480
FUN_001d9f90,0x001D9F90,0x001DA058,200
FUN_001da058,0x001DA058,0x001DA094,60
FUN_001da098,0x001DA098,0x001DA348,688
FUN_001da348,0x001DA348,0x001DA36C,36
FUN_001da370,0x001DA370,0x001DA3CC,92
FUN_001da3d0,0x001DA3D0,0x001DA428,88
FUN_001da428,0x001DA428,0x001DA484,92
FUN_001da488,0x001DA488,0x001DA4E4,92
FUN_001da4e8,0x001DA4E8,0x001DA544,92
FUN_001da548,0x001DA548,0x001DA5A4,92
FUN_001da5a8,0x001DA5A8,0x001DA7A4,508
FUN_001da7a8,0x001DA7A8,0x001DA860,184
FUN_001da860,0x001DA860,0x001DA87C,28
FUN_001da880,0x001DA880,0x001DA8A0,32
FUN_001da8a0,0x001DA8A0,0x001DA8B4,20
FUN_001da8b8,0x001DA8B8,0x001DA96C,180
FUN_001da970,0x001DA970,0x001DA9C4,84
FUN_001da9c8,0x001DA9C8,0x001DA9D0,8
FUN_001da9d0,0x001DA9D0,0x001DAA50,128
FUN_001daa50,0x001DAA50,0x001DAAF0,160
FUN_001daaf0,0x001DAAF0,0x001DAB68,120
FUN_001dab68,0x001DAB68,0x001DABE8,128
FUN_001dabe8,0x001DABE8,0x001DAC74,140
FUN_001dac78,0x001DAC78,0x001DACAC,52
FUN_001dacb0,0x001DACB0,0x001DACE4,52
FUN_001dace8,0x001DACE8,0x001DAD3C,84
FUN_001dad40,0x001DAD40,0x001DAD94,84
FUN_001dad98,0x001DAD98,0x001DAE98,256
FUN_001dae98,0x001DAE98,0x001DAF5C,196
FUN_001daf60,0x001DAF60,0x001DAF88,40
FUN_001daf88,0x001DAF88,0x001DAFB0,40
FUN_001dafb0,0x001DAFB0,0x001DAFC0,16
FUN_001dafc0,0x001DAFC0,0x001DB048,136
FUN_001db048,0x001DB048,0x001DB09C,84
FUN_001db0a0,0x001DB0A0,0x001DB100,96
FUN_001db100,0x001DB100,0x001DB154,84
FUN_001db1b8,0x001DB1B8,0x001DB208,80
FUN_001db208,0x001DB208,0x001DB254,76
FUN_001db258,0x001DB258,0x001DB2B0,88
FUN_001db2b0,0x001DB2B0,0x001DB308,88
FUN_001db308,0x001DB308,0x001DB32C,36
FUN_001db330,0x001DB330,0x001DB354,36
FUN_001db358,0x001DB358,0x001DB3A4,76
FUN_001db3a8,0x001DB3A8,0x001DB404,92
FUN_001db408,0x001DB408,0x001DB468,96
FUN_001db468,0x001DB468,0x001DB4A4,60
FUN_001db518,0x001DB518,0x001DB5A4,140
FUN_001db5a8,0x001DB5A8,0x001DB62C,132
FUN_001db630,0x001DB630,0x001DB670,64
FUN_001db670,0x001DB670,0x001DB6B0,64
FUN_001db6b0,0x001DB6B0,0x001DB6F0,64
FUN_001db6f0,0x001DB6F0,0x001DB730,64
FUN_001db730,0x001DB730,0x001DB770,64
FUN_001db770,0x001DB770,0x001DB7B0,64
FUN_001db7b0,0x001DB7B0,0x001DB7F0,64
FUN_001db7f0,0x001DB7F0,0x001DB830,64
FUN_001db830,0x001DB830,0x001DB8C4,148
FUN_001db8c8,0x001DB8C8,0x001DB944,124
FUN_001db948,0x001DB948,0x001DB988,64
FUN_001db988,0x001DB988,0x001DB9D8,80
FUN_001db9d8,0x001DB9D8,0x001DBA38,96
FUN_001dba38,0x001DBA38,0x001DBA90,88
FUN_001dba90,0x001DBA90,0x001DBAD0,64
FUN_001dbad0,0x001DBAD0,0x001DBC10,320
FUN_001dbc10,0x001DBC10,0x001DBC60,80
FUN_001dbc60,0x001DBC60,0x001DBCA0,64
FUN_001dbca0,0x001DBCA0,0x001DBCE0,64
FUN_001dbce0,0x001DBCE0,0x001DBF1C,572
FUN_001dbf20,0x001DBF20,0x001DBF58,56
FUN_001dbf58,0x001DBF58,0x001DBFB0,88
FUN_001dbfb0,0x001DBFB0,0x001DBFF8,72
FUN_001dbff8,0x001DBFF8,0x001DC02C,52
FUN_001dc030,0x001DC030,0x001DC05C,44
FUN_001dc060,0x001DC060,0x001DC084,36
FUN_001dc088,0x001DC088,0x001DC0A0,24
FUN_001dc0a0,0x001DC0A0,0x001DC0B8,24
FUN_001dc0b8,0x001DC0B8,0x001DC0D0,24
FUN_001dc0d0,0x001DC0D0,0x001DC0E0,16
FUN_001dc0e0,0x001DC0E0,0x001DC0F0,16
FUN_001dc0f0,0x001DC0F0,0x001DC114,36
FUN_001dc118,0x001DC118,0x001DC164,76
FUN_001dc168,0x001DC168,0x001DC174,12
FUN_001dc178,0x001DC178,0x001DC19C,36
FUN_001dc1a0,0x001DC1A0,0x001DC20C,108
FUN_001dc210,0x001DC210,0x001DC27C,108
FUN_001dc280,0x001DC280,0x001DC298,24
FUN_001dc298,0x001DC298,0x001DC2A0,8
FUN_001dc2a0,0x001DC2A0,0x001DC2C0,32
FUN_001dc2c0,0x001DC2C0,0x001DC2CC,12
FUN_001dc2d0,0x001DC2D0,0x001DC31C,76
FUN_001dc320,0x001DC320,0x001DC344,36
FUN_001dc348,0x001DC348,0x001DC36C,36
FUN_001dc380,0x001DC380,0x001DC3A8,40
FUN_001dc3a8,0x001DC3A8,0x001DC424,124
FUN_001dc428,0x001DC428,0x001DC480,88
FUN_001dc480,0x001DC480,0x001DC4BC,60
FUN_001dc4c0,0x001DC4C0,0x001DC51C,92
FUN_001dc520,0x001DC520,0x001DC574,84
FUN_001dc578,0x001DC578,0x001DC5A8,48
FUN_001dc5a8,0x001DC5A8,0x001DC5E0,56
FUN_001dc5e0,0x001DC5E0,0x001DC71C,316
FUN_001dc720,0x001DC720,0x001DC734,20
FUN_001dc738,0x001DC738,0x001DC8A4,364
FUN_001dc8a8,0x001DC8A8,0x001DC914,108
FUN_001dc918,0x001DC918,0x001DC94C,52
FUN_001dc950,0x001DC950,0x001DC9A0,80
FUN_001dc9a0,0x001DC9A0,0x001DCB1C,380
FUN_001dcb20,0x001DCB20,0x001DCB54,52
FUN_001dcb58,0x001DCB58,0x001DCB88,48
FUN_001dcb88,0x001DCB88,0x001DCD18,400
FUN_001dcd18,0x001DCD18,0x001DCD30,24
FUN_001dcd30,0x001DCD30,0x001DCD48,24
FUN_001dcd48,0x001DCD48,0x001DCE8C,324
FUN_001dce90,0x001DCE90,0x001DD068,472
FUN_001dd068,0x001DD068,0x001DD0E0,120
FUN_001dd0e0,0x001DD0E0,0x001DD258,376
FUN_001dd258,0x001DD258,0x001DD418,448
FUN_001dd418,0x001DD418,0x001DD764,844
FUN_001dd768,0x001DD768,0x001DDAF0,904
FUN_001ddaf0,0x001DDAF0,0x001DDBAC,188
FUN_001ddbb0,0x001DDBB0,0x001DDBEC,60
FUN_001ddbf0,0x001DDBF0,0x001DDD50,352
FUN_001ddd50,0x001DDD50,0x001DDFFC,684
FUN_001de000,0x001DE000,0x001DE07C,124
FUN_001de080,0x001DE080,0x001DE11C,156
FUN_001de120,0x001DE120,0x001DE2F4,468
FUN_001de2f8,0x001DE2F8,0x001DE3E0,232
FUN_001de3e0,0x001DE3E0,0x001DE4C0,224
FUN_001de4c0,0x001DE4C0,0x001DE574,180
FUN_001de578,0x001DE578,0x001DE8A4,812
FUN_001de8a8,0x001DE8A8,0x001DED28,1152
FUN_001ded28,0x001DED28,0x001DED74,76
FUN_001ded78,0x001DED78,0x001DEDD4,92
FUN_001dedd8,0x001DEDD8,0x001DEDF4,28
FUN_001dedf8,0x001DEDF8,0x001DEE38,64
FUN_001dee38,0x001DEE38,0x001DEE80,72
FUN_001dee80,0x001DEE80,0x001DEEA8,40
FUN_001deea8,0x001DEEA8,0x001DEF6C,196
FUN_001def70,0x001DEF70,0x001DF19C,556
FUN_001df1a0,0x001DF1A0,0x001DF210,112
FUN_001df210,0x001DF210,0x001DF4A4,660
FUN_001df4a8,0x001DF4A8,0x001DF85C,948
FUN_001df860,0x001DF860,0x001DF974,276
FUN_001df978,0x001DF978,0x001DFA20,168
FUN_001dfa20,0x001DFA20,0x001DFAD0,176
FUN_001dfad0,0x001DFAD0,0x001DFB2C,92
FUN_001dfb30,0x001DFB30,0x001DFBA8,120
FUN_001dfba8,0x001DFBA8,0x001DFBDC,52
FUN_001dfbe0,0x001DFBE0,0x001DFC44,100
FUN_001dfc48,0x001DFC48,0x001DFD88,320
FUN_001dfd88,0x001DFD88,0x001DFE2C,164
FUN_001dfe30,0x001DFE30,0x001DFFE0,432
FUN_001dffe0,0x001DFFE0,0x001E0290,688
FUN_001e0290,0x001E0290,0x001E02A4,20
FUN_001e02a8,0x001E02A8,0x001E030C,100
FUN_001e0310,0x001E0310,0x001E0344,52
FUN_001e0348,0x001E0348,0x001E0358,16
FUN_001e0358,0x001E0358,0x001E0360,8
FUN_001e0360,0x001E0360,0x001E0368,8
FUN_001e0368,0x001E0368,0x001E0370,8
FUN_001e0370,0x001E0370,0x001E0378,8
FUN_001e0378,0x001E0378,0x001E03A8,48
FUN_001e03a8,0x001E03A8,0x001E03C8,32
FUN_001e03c8,0x001E03C8,0x001E0430,104
FUN_001e0430,0x001E0430,0x001E045C,44
FUN_001e0460,0x001E0460,0x001E048C,44
FUN_001e0490,0x001E0490,0x001E04F0,96
FUN_001e04f0,0x001E04F0,0x001E0510,32
FUN_001e0510,0x001E0510,0x001E0550,64
FUN_001e0550,0x001E0550,0x001E05E8,152
FUN_001e05e8,0x001E05E8,0x001E066C,132
FUN_001e0670,0x001E0670,0x001E06A0,48
FUN_001e06a0,0x001E06A0,0x001E06D0,48
FUN_001e06d0,0x001E06D0,0x001E0708,56
FUN_001e0708,0x001E0708,0x001E07FC,244
FUN_001e0800,0x001E0800,0x001E089C,156
FUN_001e08a0,0x001E08A0,0x001E0A20,384
FUN_001e0a20,0x001E0A20,0x001E0AB4,148
FUN_001e0ab8,0x001E0AB8,0x001E0B58,160
FUN_001e0b58,0x001E0B58,0x001E0BD8,128
FUN_001e0bd8,0x001E0BD8,0x001E0C80,168
FUN_001e0c80,0x001E0C80,0x001E0CBC,60
FUN_001e0cc0,0x001E0CC0,0x001E0CCC,12
FUN_001e0cd0,0x001E0CD0,0x001E0D68,152
FUN_001e0d68,0x001E0D68,0x001E0F90,552
FUN_001e0f90,0x001E0F90,0x001E0FE0,80
FUN_001e0fe0,0x001E0FE0,0x001E102C,76
FUN_001e1030,0x001E1030,0x001E107C,76
FUN_001e1080,0x001E1080,0x001E10F4,116
FUN_001e10f8,0x001E10F8,0x001E11D0,216
FUN_001e11d0,0x001E11D0,0x001E1208,56
FUN_001e1208,0x001E1208,0x001E1284,124
FUN_001e1288,0x001E1288,0x001E12D0,72
FUN_001e12d0,0x001E12D0,0x001E16BC,1004
FUN_001e16c0,0x001E16C0,0x001E1D20,1632
FUN_001e23d0,0x001E23D0,0x001E25B0,480
FUN_001e25b0,0x001E25B0,0x001E27A4,500
FUN_001e27a8,0x001E27A8,0x001E294C,420
FUN_001e2950,0x001E2950,0x001E2A88,312
FUN_001e2a88,0x001E2A88,0x001E2E68,992
FUN_001e2e68,0x001E2E68,0x001E3154,748
FUN_001e3158,0x001E3158,0x001E3364,524
FUN_001e3368,0x001E3368,0x001E33E0,120
FUN_001e33e0,0x001E33E0,0x001E347C,156
FUN_001e3480,0x001E3480,0x001E34A8,40
FUN_001e34a8,0x001E34A8,0x001E34F8,80
FUN_001e34f8,0x001E34F8,0x001E3574,124
FUN_001e3578,0x001E3578,0x001E361C,164
FUN_001e3620,0x001E3620,0x001E3660,64
FUN_001e3660,0x001E3660,0x001E370C,172
FUN_001e3710,0x001E3710,0x001E38F0,480
FUN_001e38f0,0x001E38F0,0x001E394C,92
FUN_001e3950,0x001E3950,0x001E3D88,1080
FUN_001e3d88,0x001E3D88,0x001E3F44,444
FUN_001e3f48,0x001E3F48,0x001E4330,1000
FUN_001e4330,0x001E4330,0x001E4A48,1816
FUN_001e4a48,0x001E4A48,0x001E4D7C,820
FUN_001e4d80,0x001E4D80,0x001E53D0,1616
FUN_001e53d0,0x001E53D0,0x001E588C,1212
FUN_001e5890,0x001E5890,0x001E5CE8,1112
FUN_001e5ce8,0x001E5CE8,0x001E62B8,1488
FUN_001e62b8,0x001E62B8,0x001E6CC0,2568
FUN_001e6cc0,0x001E6CC0,0x001E6DC8,264
FUN_001e6dc8,0x001E6DC8,0x001E70F0,808
FUN_001e70f0,0x001E70F0,0x001E72DC,492
FUN_001e72e0,0x001E72E0,0x001E7408,296
FUN_001e7408,0x001E7408,0x001E778C,900
FUN_001e7790,0x001E7790,0x001E7BA0,1040
FUN_001e7ba0,0x001E7BA0,0x001E7E94,756
FUN_001e7e98,0x001E7E98,0x001E7ECC,52
FUN_001e7ed0,0x001E7ED0,0x001E7F38,104
FUN_001e7f38,0x001E7F38,0x001E7FC4,140
FUN_001e7fc8,0x001E7FC8,0x001E80BC,244
FUN_001e80c0,0x001E80C0,0x001E8178,184
FUN_001e8178,0x001E8178,0x001E8438,704
FUN_001e8438,0x001E8438,0x001E8648,528
FUN_001e8648,0x001E8648,0x001E88D8,656
FUN_001e88d8,0x001E88D8,0x001E8D7C,1188
FUN_001e8d80,0x001E8D80,0x001E910C,908
FUN_001e9110,0x001E9110,0x001E9214,260
FUN_001e9218,0x001E9218,0x001E9590,888
FUN_001e9590,0x001E9590,0x001E9D84,2036
FUN_001e9d88,0x001E9D88,0x001E9EC8,320
FUN_001e9ec8,0x001E9EC8,0x001EA298,976
FUN_001ea298,0x001EA298,0x001EA5F8,864
FUN_001ea5f8,0x001EA5F8,0x001EA920,808
FUN_001ea920,0x001EA920,0x001EAB2C,524
FUN_001eab30,0x001EAB30,0x001EAD2C,508
FUN_001ead30,0x001EAD30,0x001EAE64,308
FUN_001eae68,0x001EAE68,0x001EAFBC,340
FUN_001eafc0,0x001EAFC0,0x001EB070,176
FUN_001eb070,0x001EB070,0x001EB120,176
FUN_001eb120,0x001EB120,0x001EB1D0,176
FUN_001eb1d0,0x001EB1D0,0x001EB2D0,256
FUN_001eb2d0,0x001EB2D0,0x001EB39C,204
FUN_001eb3a0,0x001EB3A0,0x001EB4A4,260
FUN_001eb4a8,0x001EB4A8,0x001EB714,620
FUN_001eb718,0x001EB718,0x001EBBB0,1176
FUN_001ebbb0,0x001EBBB0,0x001EC058,1192
FUN_001ec058,0x001EC058,0x001EC170,280
FUN_001ec170,0x001EC170,0x001EC288,280
FUN_001ec288,0x001EC288,0x001EC42C,420
FUN_001ec430,0x001EC430,0x001EC544,276
FUN_001ec548,0x001EC548,0x001EC6B0,360
FUN_001ec6b0,0x001EC6B0,0x001EC964,692
FUN_001ec968,0x001EC968,0x001ECB1C,436
FUN_001ecb20,0x001ECB20,0x001ECC34,276
FUN_001ecc38,0x001ECC38,0x001ECE34,508
FUN_001ece38,0x001ECE38,0x001ECFC0,392
FUN_001ecfc0,0x001ECFC0,0x001ED090,208
FUN_001ed090,0x001ED090,0x001ED0F0,96
FUN_001ed0f0,0x001ED0F0,0x001ED424,820
FUN_001ed428,0x001ED428,0x001ED728,768
FUN_001ed728,0x001ED728,0x001EDB50,1064
FUN_001edb50,0x001EDB50,0x001EE054,1284
FUN_001ee058,0x001EE058,0x001EE210,440
FUN_001ee210,0x001EE210,0x001EE510,768
FUN_001ee510,0x001EE510,0x001EE7D0,704
FUN_001ee7d0,0x001EE7D0,0x001EE8D8,264
FUN_001ee8d8,0x001EE8D8,0x001EE964,140
FUN_001ee968,0x001EE968,0x001EEC30,712
FUN_001eec30,0x001EEC30,0x001EED28,248
FUN_001eed28,0x001EED28,0x001EF0D4,940
FUN_001ef0d8,0x001EF0D8,0x001EF4E4,1036
FUN_001ef4e8,0x001EF4E8,0x001EFCA0,1976
FUN_001efca0,0x001EFCA0,0x001EFF44,676
FUN_001eff48,0x001EFF48,0x001F03F8,1200
FUN_001f03f8,0x001F03F8,0x001F0640,584
FUN_001f0640,0x001F0640,0x001F09EC,940
FUN_001f09f0,0x001F09F0,0x001F0BA4,436
FUN_001f0ba8,0x001F0BA8,0x001F0E84,732
FUN_001f0e88,0x001F0E88,0x001F11B4,812
FUN_001f11b8,0x001F11B8,0x001F192C,1908
FUN_001f1930,0x001F1930,0x001F1E74,1348
FUN_001f1e78,0x001F1E78,0x001F2304,1164
FUN_001f2308,0x001F2308,0x001F2558,592
FUN_001f2558,0x001F2558,0x001F2AB4,1372
FUN_001f2ab8,0x001F2AB8,0x001F2D40,648
FUN_001f2d40,0x001F2D40,0x001F2F90,592
FUN_001f2f90,0x001F2F90,0x001F30DC,332
FUN_001f30e0,0x001F30E0,0x001F3270,400
FUN_001f3270,0x001F3270,0x001F33CC,348
FUN_001f33d0,0x001F33D0,0x001F351C,332
FUN_001f3520,0x001F3520,0x001F3664,324
FUN_001f3668,0x001F3668,0x001F3868,512
FUN_001f3868,0x001F3868,0x001F3B54,748
FUN_001f3b58,0x001F3B58,0x001F3C7C,292
FUN_001f3c80,0x001F3C80,0x001F4148,1224
FUN_001f4148,0x001F4148,0x001F4470,808
FUN_001f4470,0x001F4470,0x001F47C8,856
FUN_001f47c8,0x001F47C8,0x001F4D50,1416
FUN_001f4d50,0x001F4D50,0x001F4E98,328
FUN_001f4e98,0x001F4E98,0x001F545C,1476
FUN_001f5460,0x001F5460,0x001F54B0,80
FUN_001f54b0,0x001F54B0,0x001F551C,108
FUN_001f5520,0x001F5520,0x001F55A8,136
FUN_001f55a8,0x001F55A8,0x001F5650,168
FUN_001f5650,0x001F5650,0x001F56D0,128
FUN_001f56d0,0x001F56D0,0x001F56D8,8
FUN_001f56d8,0x001F56D8,0x001F5744,108
FUN_001f5748,0x001F5748,0x001F5AF0,936
FUN_001f5af0,0x001F5AF0,0x001F5BF0,256
FUN_001f5bf0,0x001F5BF0,0x001F5C10,32
FUN_001f5c10,0x001F5C10,0x001F5C2C,28
FUN_001f5c30,0x001F5C30,0x001F5CE0,176
FUN_001f5ce0,0x001F5CE0,0x001F5EE8,520
FUN_001f5ee8,0x001F5EE8,0x001F5FF4,268
FUN_001f5ff8,0x001F5FF8,0x001F6030,56
FUN_001f6030,0x001F6030,0x001F6120,240
FUN_001f6120,0x001F6120,0x001F64A0,896
FUN_001f64a0,0x001F64A0,0x001F6514,116
FUN_001f6518,0x001F6518,0x001F6BC0,1704
FUN_001f6bc0,0x001F6BC0,0x001F730C,1868
FUN_001f7310,0x001F7310,0x001F7860,1360
FUN_001f7860,0x001F7860,0x001F7DE8,1416
FUN_001f7de8,0x001F7DE8,0x001F84F0,1800
FUN_001f84f0,0x001F84F0,0x001F8884,916
FUN_001f8888,0x001F8888,0x001F8C00,888
FUN_001f8c00,0x001F8C00,0x001F93CC,1996
FUN_001f93d0,0x001F93D0,0x001F97F4,1060
FUN_001f97f8,0x001F97F8,0x001FA498,3232
FUN_001fa498,0x001FA498,0x001FA9D4,1340
FUN_001fa9d8,0x001FA9D8,0x001FAE44,1132
FUN_001fae48,0x001FAE48,0x001FB0F8,688
FUN_001fb0f8,0x001FB0F8,0x001FB440,840
FUN_001fb440,0x001FB440,0x001FB660,544
FUN_001fb660,0x001FB660,0x001FBA90,1072
FUN_001fba90,0x001FBA90,0x001FBD98,776
FUN_001fbd98,0x001FBD98,0x001FBE70,216
FUN_001fbe70,0x001FBE70,0x001FC008,408
FUN_001fc008,0x001FC008,0x001FC1E8,480
FUN_001fc1e8,0x001FC1E8,0x001FC2B0,200
FUN_001fc2b0,0x001FC2B0,0x001FC350,160
FUN_001fc350,0x001FC350,0x001FC598,584
FUN_001fc598,0x001FC598,0x001FC918,896
FUN_001fc918,0x001FC918,0x001FCB60,584
FUN_001fcb60,0x001FCB60,0x001FCEEC,908
FUN_001fcef0,0x001FCEF0,0x001FD2F4,1028
FUN_001fd2f8,0x001FD2F8,0x001FD568,624
FUN_001fd568,0x001FD568,0x001FD958,1008
FUN_001fd958,0x001FD958,0x001FDA18,192
FUN_001fda18,0x001FDA18,0x001FDA60,72
FUN_001fda60,0x001FDA60,0x001FDC8C,556
FUN_001fdc90,0x001FDC90,0x001FDE28,408
FUN_001fde28,0x001FDE28,0x001FDF50,296
FUN_001fdf50,0x001FDF50,0x001FDFA8,88
FUN_001fdfa8,0x001FDFA8,0x001FE358,944
FUN_001fe358,0x001FE358,0x001FE620,712
FUN_001fe620,0x001FE620,0x001FE95C,828
FUN_001fe960,0x001FE960,0x001FEE04,1188
FUN_001fee08,0x001FEE08,0x001FF2A8,1184
FUN_001ff2a8,0x001FF2A8,0x001FF814,1388
FUN_001ff818,0x001FF818,0x001FFABC,676
FUN_001ffac0,0x001FFAC0,0x001FFB7C,188
FUN_001ffb80,0x001FFB80,0x001FFDD4,596
FUN_001ffdd8,0x001FFDD8,0x001FFF74,412
FUN_001fff78,0x001FFF78,0x00200054,220
FUN_00200058,0x00200058,0x00200378,800
FUN_00200378,0x00200378,0x00200408,144
FUN_00200408,0x00200408,0x00200448,64
FUN_00200448,0x00200448,0x00200488,64
FUN_00200488,0x00200488,0x002004C8,64
FUN_002004c8,0x002004C8,0x00200A9C,1492
FUN_00200aa0,0x00200AA0,0x00200B60,192
FUN_00200b60,0x00200B60,0x00200F1C,956
FUN_00200f20,0x00200F20,0x00201218,760
FUN_00201218,0x00201218,0x002012D8,192
FUN_002012d8,0x002012D8,0x002013E0,264
FUN_002013e0,0x002013E0,0x00201E14,2612
FUN_00201e18,0x00201E18,0x00202DB4,3996
FUN_00202db8,0x00202DB8,0x00203164,940
FUN_00203168,0x00203168,0x002033C8,608
FUN_002033c8,0x002033C8,0x002034EC,292
FUN_002034f0,0x002034F0,0x0020360C,284
FUN_00203610,0x00203610,0x00203784,372
FUN_00203788,0x00203788,0x00203900,376
FUN_00203900,0x00203900,0x002039B0,176
FUN_002039b0,0x002039B0,0x00203B18,360
FUN_00203b18,0x00203B18,0x00203BA0,136
FUN_00203ba0,0x00203BA0,0x00203C08,104
FUN_00203c08,0x00203C08,0x00203C40,56
FUN_00203c40,0x00203C40,0x00203CDC,156
FUN_00203ce0,0x00203CE0,0x00203E00,288
FUN_00203e00,0x00203E00,0x00203F4C,332
FUN_00203f50,0x00203F50,0x00203FAC,92
FUN_00203fb0,0x00203FB0,0x00204128,376
FUN_00204128,0x00204128,0x002041FC,212
FUN_00204200,0x00204200,0x00204594,916
FUN_00204598,0x00204598,0x002045FC,100
FUN_00204600,0x00204600,0x002046C4,196
FUN_002046c8,0x002046C8,0x00204744,124
FUN_00204748,0x00204748,0x00204914,460
FUN_00204918,0x00204918,0x00204C38,800
FUN_00204c38,0x00204C38,0x00204C50,24
FUN_00204c50,0x00204C50,0x00204CF4,164
FUN_00204cf8,0x00204CF8,0x00204DB0,184
FUN_00204db0,0x00204DB0,0x00204DF8,72
FUN_00204df8,0x00204DF8,0x00204E24,44
FUN_00204e28,0x00204E28,0x00204E74,76
FUN_00204e78,0x00204E78,0x00204EA0,40
FUN_00204ea0,0x00204EA0,0x00204ECC,44
FUN_00204ed0,0x00204ED0,0x00204EFC,44
FUN_00204f00,0x00204F00,0x00204F2C,44
FUN_00204f30,0x00204F30,0x00204F5C,44
FUN_00204f60,0x00204F60,0x00204F8C,44
FUN_00204f90,0x00204F90,0x00204FBC,44
FUN_00204fc0,0x00204FC0,0x00205064,164
FUN_00205068,0x00205068,0x0020509C,52
FUN_002050a0,0x002050A0,0x002050D4,52
FUN_002050d8,0x002050D8,0x00205158,128
FUN_00205158,0x00205158,0x002051D8,128
FUN_002051d8,0x002051D8,0x002051F8,32
FUN_002051f8,0x002051F8,0x0020522C,52
FUN_00205230,0x00205230,0x0020525C,44
FUN_00205260,0x00205260,0x00205294,52
FUN_00205298,0x00205298,0x002052D4,60
FUN_002052d8,0x002052D8,0x00205330,88
FUN_00205330,0x00205330,0x0020536C,60
FUN_00205370,0x00205370,0x002053AC,60
FUN_002053b0,0x002053B0,0x002053EC,60
FUN_002053f0,0x002053F0,0x002054A0,176
FUN_002054a0,0x002054A0,0x00205524,132
FUN_00205528,0x00205528,0x002055AC,132
FUN_002056a0,0x002056A0,0x002056F4,84
FUN_002056f8,0x002056F8,0x0020574C,84
FUN_00205750,0x00205750,0x002057A4,84
FUN_002057a8,0x002057A8,0x002057FC,84
FUN_00205800,0x00205800,0x00205834,52
FUN_00205838,0x00205838,0x0020586C,52
FUN_00205870,0x00205870,0x002058A4,52
FUN_002058a8,0x002058A8,0x002058E0,56
FUN_002058e0,0x002058E0,0x00205978,152
FUN_00205978,0x00205978,0x00205A10,152
FUN_00205a10,0x00205A10,0x00205A94,132
FUN_00205a98,0x00205A98,0x00205B1C,132
FUN_00205b20,0x00205B20,0x00205B78,88
FUN_00205b78,0x00205B78,0x00205BFC,132
FUN_00205c00,0x00205C00,0x00205C58,88
FUN_00205c58,0x00205C58,0x00205C94,60
FUN_00205c98,0x00205C98,0x00205CC4,44
FUN_00205cc8,0x00205CC8,0x00205D04,60
FUN_00205d08,0x00205D08,0x00205D44,60
FUN_00205d48,0x00205D48,0x00205D84,60
FUN_00205d88,0x00205D88,0x00205DC4,60
FUN_00205dc8,0x00205DC8,0x00205DFC,52
FUN_00205e00,0x00205E00,0x00205E34,52
FUN_00205e38,0x00205E38,0x00205E9C,100
FUN_00205ea0,0x00205EA0,0x00205F18,120
FUN_00205f18,0x00205F18,0x00205F90,120
FUN_00205f90,0x00205F90,0x00205FDC,76
FUN_00205fe0,0x00205FE0,0x0020607C,156
FUN_00206080,0x00206080,0x00206098,24
FUN_00206098,0x00206098,0x002060F4,92
FUN_002060f8,0x002060F8,0x002061B4,188
FUN_002061b8,0x002061B8,0x00206240,136
FUN_00206240,0x00206240,0x002062EC,172
FUN_002062f0,0x002062F0,0x0020634C,92
FUN_00206350,0x00206350,0x00206390,64
FUN_00206390,0x00206390,0x00206774,996
FUN_00206778,0x00206778,0x002067A4,44
FUN_002067a8,0x002067A8,0x00206AA8,768
FUN_00206aa8,0x00206AA8,0x00206AE4,60
FUN_00206ae8,0x00206AE8,0x00206B24,60
FUN_00206b28,0x00206B28,0x00206B6C,68
FUN_00206b70,0x00206B70,0x00206BDC,108
FUN_00206be0,0x00206BE0,0x00206C1C,60
FUN_00206c20,0x00206C20,0x00206C88,104
FUN_00206c88,0x00206C88,0x00206CC0,56
FUN_00206cc0,0x00206CC0,0x00206D24,100
FUN_00206d28,0x00206D28,0x00206D64,60
FUN_00206d68,0x00206D68,0x00206DB8,80
FUN_00206db8,0x00206DB8,0x00206E08,80
FUN_00206e08,0x00206E08,0x00206E44,60
FUN_00206e48,0x00206E48,0x00206E84,60
FUN_00206e88,0x00206E88,0x00206EF0,104
FUN_00206ef0,0x00206EF0,0x00206F30,64
FUN_00206f30,0x00206F30,0x00206F68,56
FUN_00206f68,0x00206F68,0x00206FA4,60
FUN_00206fa8,0x00206FA8,0x00207020,120
FUN_00207020,0x00207020,0x00207054,52
FUN_00207058,0x00207058,0x0020708C,52
FUN_00207090,0x00207090,0x002070F8,104
FUN_002070f8,0x002070F8,0x0020712C,52
FUN_00207130,0x00207130,0x0020716C,60
FUN_00207170,0x00207170,0x002071A4,52
FUN_002071a8,0x002071A8,0x0020720C,100
FUN_00207210,0x00207210,0x0020726C,92
FUN_00207270,0x00207270,0x002072A4,52
FUN_002072a8,0x002072A8,0x002072DC,52
FUN_002072e0,0x002072E0,0x00207314,52
FUN_00207318,0x00207318,0x0020734C,52
FUN_00207350,0x00207350,0x00207384,52
FUN_00207388,0x00207388,0x002073BC,52
FUN_002073c0,0x002073C0,0x002073D4,20
FUN_002073d8,0x002073D8,0x0020745C,132
FUN_00207460,0x00207460,0x002074B8,88
FUN_002074b8,0x002074B8,0x00207570,184
FUN_00207570,0x00207570,0x002075AC,60
FUN_002075b0,0x002075B0,0x002075EC,60
FUN_002075f0,0x002075F0,0x00207620,48
FUN_00207620,0x00207620,0x00207648,40
FUN_00207648,0x00207648,0x002076A4,92
FUN_002076a8,0x002076A8,0x00207704,92
FUN_00207708,0x00207708,0x00207754,76
FUN_00207758,0x00207758,0x0020778C,52
FUN_00207790,0x00207790,0x00207830,160
FUN_00207830,0x00207830,0x002078EC,188
FUN_002078f0,0x002078F0,0x00207944,84
FUN_00207948,0x00207948,0x00207A8C,324
FUN_00207a90,0x00207A90,0x00207B14,132
FUN_00207b18,0x00207B18,0x00207B60,72
FUN_00207b60,0x00207B60,0x00207BB8,88
FUN_00207bb8,0x00207BB8,0x00207C60,168
FUN_00207c60,0x00207C60,0x00207C88,40
FUN_00207c88,0x00207C88,0x00207CB0,40
FUN_00207cb0,0x00207CB0,0x00207D0C,92
FUN_00207d10,0x00207D10,0x00207D44,52
FUN_00207d48,0x00207D48,0x00207D8C,68
FUN_00207d90,0x00207D90,0x00207DCC,60
FUN_00207dd0,0x00207DD0,0x00207E4C,124
FUN_00207e50,0x00207E50,0x00207E78,40
FUN_00207e78,0x00207E78,0x00207EB0,56
FUN_00207eb0,0x00207EB0,0x00207FB0,256
FUN_00207fb0,0x00207FB0,0x00208084,212
FUN_00208088,0x00208088,0x002080C8,64
FUN_002080c8,0x002080C8,0x002080DC,20
FUN_002080e0,0x002080E0,0x0020816C,140
FUN_00208170,0x00208170,0x00208198,40
FUN_00208198,0x00208198,0x002081E8,80
FUN_002081e8,0x002081E8,0x00208224,60
FUN_00208228,0x00208228,0x00208264,60
FUN_00208268,0x00208268,0x002082B0,72
FUN_002082b0,0x002082B0,0x002082EC,60
FUN_002082f0,0x002082F0,0x0020832C,60
FUN_00208330,0x00208330,0x0020835C,44
FUN_00208360,0x00208360,0x002083EC,140
FUN_002083f0,0x002083F0,0x0020842C,60
FUN_00208430,0x00208430,0x00208480,80
FUN_00208480,0x00208480,0x002084B4,52
FUN_002084b8,0x002084B8,0x002084E0,40
FUN_002084e0,0x002084E0,0x00208550,112
FUN_00208550,0x00208550,0x00208584,52
FUN_00208588,0x00208588,0x002085F8,112
FUN_002085f8,0x002085F8,0x00208634,60
FUN_00208638,0x00208638,0x002086BC,132
FUN_002086c0,0x002086C0,0x002088D8,536
FUN_002088d8,0x002088D8,0x00208A24,332
FUN_00208a28,0x00208A28,0x00208A8C,100
FUN_00208a90,0x00208A90,0x00208B58,200
FUN_00208b58,0x00208B58,0x00208B94,60
FUN_00208b98,0x00208B98,0x00208BD4,60
FUN_00208bd8,0x00208BD8,0x00208C30,88
FUN_00208c30,0x00208C30,0x00208C64,52
FUN_00208c68,0x00208C68,0x00208C9C,52
FUN_00208ca0,0x00208CA0,0x00208CD4,52
FUN_00208cd8,0x00208CD8,0x00208D0C,52
FUN_00208d10,0x00208D10,0x00208D44,52
FUN_00208d48,0x00208D48,0x00208D7C,52
FUN_00208d80,0x00208D80,0x00208DA8,40
FUN_00208da8,0x00208DA8,0x00208DDC,52
FUN_00208de0,0x00208DE0,0x00208E18,56
FUN_00208e18,0x00208E18,0x00208E78,96
FUN_00208e78,0x00208E78,0x00208EEC,116
FUN_00208ef0,0x00208EF0,0x00208F2C,60
FUN_00208f30,0x00208F30,0x00208F64,52
FUN_00208f68,0x00208F68,0x00208F9C,52
FUN_00208fa0,0x00208FA0,0x00208FD4,52
FUN_00208fd8,0x00208FD8,0x00209048,112
FUN_00209048,0x00209048,0x00209170,296
FUN_00209170,0x00209170,0x00209324,436
FUN_00209328,0x00209328,0x00209378,80
FUN_00209378,0x00209378,0x002093B0,56
FUN_002093b0,0x002093B0,0x002093E8,56
FUN_002093e8,0x002093E8,0x00209420,56
FUN_00209420,0x00209420,0x00209448,40
FUN_00209448,0x00209448,0x0020947C,52
FUN_00209480,0x00209480,0x002094B4,52
FUN_002094b8,0x002094B8,0x00209550,152
FUN_00209550,0x00209550,0x002095E8,152
FUN_002095e8,0x002095E8,0x00209670,136
FUN_00209670,0x00209670,0x002096E8,120
FUN_002096e8,0x002096E8,0x002097BC,212
FUN_002097c0,0x002097C0,0x00209838,120
FUN_00209838,0x00209838,0x002098C0,136
FUN_002098c0,0x002098C0,0x002098E8,40
FUN_002098e8,0x002098E8,0x00209910,40
FUN_00209910,0x00209910,0x00209978,104
FUN_00209978,0x00209978,0x002099C0,72
FUN_002099c0,0x002099C0,0x002099E8,40
FUN_002099e8,0x002099E8,0x00209ABC,212
FUN_00209ac0,0x00209AC0,0x00209B08,72
FUN_00209b08,0x00209B08,0x00209B34,44
FUN_00209b38,0x00209B38,0x00209CA8,368
FUN_00209ca8,0x00209CA8,0x00209CE0,56
FUN_00209ce0,0x00209CE0,0x00209D08,40
FUN_00209d08,0x00209D08,0x00209D44,60
FUN_00209d48,0x00209D48,0x00209D98,80
FUN_00209d98,0x00209D98,0x00209DF8,96
FUN_00209df8,0x00209DF8,0x00209E34,60
FUN_00209e38,0x00209E38,0x00209E74,60
FUN_00209e78,0x00209E78,0x00209EA0,40
FUN_00209ea0,0x00209EA0,0x00209EE8,72
FUN_00209ee8,0x00209EE8,0x00209F1C,52
FUN_00209f20,0x00209F20,0x00209F54,52
FUN_00209f58,0x00209F58,0x00209F8C,52
FUN_00209f90,0x00209F90,0x00209FC4,52
FUN_00209fc8,0x00209FC8,0x0020A050,136
FUN_0020a050,0x0020A050,0x0020A0C0,112
FUN_0020a0c0,0x0020A0C0,0x0020A124,100
FUN_0020a128,0x0020A128,0x0020A178,80
FUN_0020a178,0x0020A178,0x0020A1DC,100
FUN_0020a1e0,0x0020A1E0,0x0020A230,80
FUN_0020a230,0x0020A230,0x0020A264,52
FUN_0020a268,0x0020A268,0x0020A2A0,56
FUN_0020a2a0,0x0020A2A0,0x0020A2E0,64
FUN_0020a2e0,0x0020A2E0,0x0020A338,88
FUN_0020a338,0x0020A338,0x0020A390,88
FUN_0020a390,0x0020A390,0x0020A3E8,88
FUN_0020a3e8,0x0020A3E8,0x0020A438,80
FUN_0020a438,0x0020A438,0x0020A46C,52
FUN_0020a470,0x0020A470,0x0020A4A4,52
FUN_0020a4a8,0x0020A4A8,0x0020A4DC,52
FUN_0020a4e0,0x0020A4E0,0x0020A530,80
FUN_0020a530,0x0020A530,0x0020A580,80
FUN_0020a580,0x0020A580,0x0020A5B4,52
FUN_0020a5b8,0x0020A5B8,0x0020A5EC,52
FUN_0020a5f0,0x0020A5F0,0x0020A6C4,212
FUN_0020a6c8,0x0020A6C8,0x0020A754,140
FUN_0020a758,0x0020A758,0x0020A7E0,136
FUN_0020a7e0,0x0020A7E0,0x0020A890,176
FUN_0020a890,0x0020A890,0x0020A8F4,100
FUN_0020a8f8,0x0020A8F8,0x0020A95C,100
FUN_0020a960,0x0020A960,0x0020AA18,184
FUN_0020aa18,0x0020AA18,0x0020AA80,104
FUN_0020aa80,0x0020AA80,0x0020AAE8,104
FUN_0020aae8,0x0020AAE8,0x0020AB5C,116
FUN_0020ab60,0x0020AB60,0x0020AC3C,220
FUN_0020ac40,0x0020AC40,0x0020AD4C,268
FUN_0020ad50,0x0020AD50,0x0020AE18,200
FUN_0020ae18,0x0020AE18,0x0020AE88,112
FUN_0020ae88,0x0020AE88,0x0020AFCC,324
FUN_0020afd0,0x0020AFD0,0x0020B030,96
FUN_0020b030,0x0020B030,0x0020B10C,220
FUN_0020b110,0x0020B110,0x0020B200,240
FUN_0020b200,0x0020B200,0x0020B248,72
FUN_0020b248,0x0020B248,0x0020B290,72
FUN_0020b290,0x0020B290,0x0020B334,164
FUN_0020b338,0x0020B338,0x0020B34C,20
FUN_0020b350,0x0020B350,0x0020B364,20
FUN_0020b368,0x0020B368,0x0020B3BC,84
FUN_0020b3c0,0x0020B3C0,0x0020B414,84
FUN_0020b418,0x0020B418,0x0020B4A8,144
FUN_0020b4a8,0x0020B4A8,0x0020B4DC,52
FUN_0020b4e0,0x0020B4E0,0x0020B514,52
FUN_0020b518,0x0020B518,0x0020B54C,52
FUN_0020b550,0x0020B550,0x0020B584,52
FUN_0020b588,0x0020B588,0x0020B5BC,52
FUN_0020b5c0,0x0020B5C0,0x0020B5E8,40
FUN_0020b5e8,0x0020B5E8,0x0020B624,60
FUN_0020b628,0x0020B628,0x0020B688,96
FUN_0020b688,0x0020B688,0x0020B6C4,60
FUN_0020b6c8,0x0020B6C8,0x0020B728,96
FUN_0020b728,0x0020B728,0x0020B788,96
FUN_0020b788,0x0020B788,0x0020B7BC,52
FUN_0020b7c0,0x0020B7C0,0x0020B7FC,60
FUN_0020b800,0x0020B800,0x0020B83C,60
FUN_0020b840,0x0020B840,0x0020B874,52
FUN_0020b878,0x0020B878,0x0020B8F0,120
FUN_0020b8f0,0x0020B8F0,0x0020B92C,60
FUN_0020b930,0x0020B930,0x0020B96C,60
FUN_0020b970,0x0020B970,0x0020B9CC,92
FUN_0020b9d0,0x0020B9D0,0x0020BA10,64
FUN_0020ba10,0x0020BA10,0x0020BA80,112
FUN_0020ba80,0x0020BA80,0x0020BAF0,112
FUN_0020baf0,0x0020BAF0,0x0020BB20,48
FUN_0020bb20,0x0020BB20,0x0020BBD8,184
FUN_0020bbd8,0x0020BBD8,0x0020BC00,40
FUN_0020bc00,0x0020BC00,0x0020BC60,96
FUN_0020bc60,0x0020BC60,0x0020BCC0,96
FUN_0020bcc0,0x0020BCC0,0x0020BD30,112
FUN_0020bd30,0x0020BD30,0x0020BD90,96
FUN_0020bd90,0x0020BD90,0x0020BDF0,96
FUN_0020bdf0,0x0020BDF0,0x0020BE50,96
FUN_0020be50,0x0020BE50,0x0020BE84,52
FUN_0020be88,0x0020BE88,0x0020BEC4,60
FUN_0020bec8,0x0020BEC8,0x0020BF18,80
FUN_0020bf18,0x0020BF18,0x0020BF54,60
FUN_0020bf58,0x0020BF58,0x0020BF94,60
FUN_0020bf98,0x0020BF98,0x0020BFF8,96
FUN_0020bff8,0x0020BFF8,0x0020C07C,132
FUN_0020c080,0x0020C080,0x0020C0E0,96
FUN_0020c0e0,0x0020C0E0,0x0020C30C,556
FUN_0020c310,0x0020C310,0x0020C5C4,692
FUN_0020c5c8,0x0020C5C8,0x0020C750,392
FUN_0020c750,0x0020C750,0x0020C78C,60
FUN_0020c790,0x0020C790,0x0020C7CC,60
FUN_0020c7d0,0x0020C7D0,0x0020C80C,60
FUN_0020c810,0x0020C810,0x0020C84C,60
FUN_0020c850,0x0020C850,0x0020C8C4,116
FUN_0020c8c8,0x0020C8C8,0x0020C93C,116
FUN_0020c940,0x0020C940,0x0020C9B8,120
FUN_0020c9b8,0x0020C9B8,0x0020C9EC,52
FUN_0020c9f0,0x0020C9F0,0x0020D210,2080
FUN_0020d210,0x0020D210,0x0020D27C,108
FUN_0020d280,0x0020D280,0x0020D2C0,64
FUN_0020d2c0,0x0020D2C0,0x0020D3F4,308
FUN_0020d3f8,0x0020D3F8,0x0020D418,32
FUN_0020d418,0x0020D418,0x0020D4C8,176
FUN_0020d4c8,0x0020D4C8,0x0020D5BC,244
FUN_0020d5c0,0x0020D5C0,0x0020D5E0,32
FUN_0020d5e0,0x0020D5E0,0x0020D600,32
FUN_0020d600,0x0020D600,0x0020D6CC,204
FUN_0020d6d0,0x0020D6D0,0x0020D764,148
FUN_0020d768,0x0020D768,0x0020D7E0,120
FUN_0020d7e0,0x0020D7E0,0x0020D800,32
FUN_0020d800,0x0020D800,0x0020D834,52
FUN_0020d838,0x0020D838,0x0020D86C,52
FUN_0020d870,0x0020D870,0x0020D8A4,52
FUN_0020d8a8,0x0020D8A8,0x0020D8DC,52
FUN_0020d8e0,0x0020D8E0,0x0020D900,32
FUN_0020d900,0x0020D900,0x0020D934,52
FUN_0020d938,0x0020D938,0x0020D96C,52
FUN_0020d970,0x0020D970,0x0020D990,32
FUN_0020d990,0x0020D990,0x0020D9CC,60
FUN_0020d9d0,0x0020D9D0,0x0020DA0C,60
FUN_0020da10,0x0020DA10,0x0020DA6C,92
FUN_0020da70,0x0020DA70,0x0020DAB4,68
FUN_0020dab8,0x0020DAB8,0x0020DAFC,68
FUN_0020db00,0x0020DB00,0x0020DB44,68
FUN_0020db48,0x0020DB48,0x0020DB8C,68
FUN_0020db90,0x0020DB90,0x0020DBB8,40
FUN_0020dbb8,0x0020DBB8,0x0020DBE8,48
FUN_0020dbe8,0x0020DBE8,0x0020DC10,40
FUN_0020dc10,0x0020DC10,0x0020DC40,48
FUN_0020dc40,0x0020DC40,0x0020DC60,32
FUN_0020dc60,0x0020DC60,0x0020DC80,32
FUN_0020dc80,0x0020DC80,0x0020DCE4,100
FUN_0020dce8,0x0020DCE8,0x0020DD34,76
FUN_0020dd38,0x0020DD38,0x0020DD94,92
FUN_0020dd98,0x0020DD98,0x0020DDF4,92
FUN_0020ddf8,0x0020DDF8,0x0020DE50,88
FUN_0020de50,0x0020DE50,0x0020DF20,208
FUN_0020df20,0x0020DF20,0x0020DF40,32
FUN_0020df40,0x0020DF40,0x0020DF60,32
FUN_0020df60,0x0020DF60,0x0020DF80,32
FUN_0020df80,0x0020DF80,0x0020DFA0,32
FUN_0020dfa0,0x0020DFA0,0x0020E08C,236
FUN_0020e090,0x0020E090,0x0020E0B4,36
FUN_0020e0b8,0x0020E0B8,0x0020E0DC,36
FUN_0020e0e0,0x0020E0E0,0x0020E104,36
FUN_0020e108,0x0020E108,0x0020E12C,36
FUN_0020e130,0x0020E130,0x0020E154,36
FUN_0020e158,0x0020E158,0x0020E17C,36
FUN_0020e180,0x0020E180,0x0020E1B0,48
FUN_0020e1b0,0x0020E1B0,0x0020E1EC,60
FUN_0020e1f0,0x0020E1F0,0x0020E220,48
FUN_0020e220,0x0020E220,0x0020E250,48
FUN_0020e250,0x0020E250,0x0020E280,48
FUN_0020e280,0x0020E280,0x0020E2A4,36
FUN_0020e2a8,0x0020E2A8,0x0020E2FC,84
FUN_0020e300,0x0020E300,0x0020E33C,60
FUN_0020e340,0x0020E340,0x0020E370,48
FUN_0020e370,0x0020E370,0x0020E3A0,48
FUN_0020e3a0,0x0020E3A0,0x0020E3E4,68
FUN_0020e3e8,0x0020E3E8,0x0020E424,60
FUN_0020e428,0x0020E428,0x0020E44C,36
FUN_0020e450,0x0020E450,0x0020E480,48
FUN_0020e480,0x0020E480,0x0020E5C0,320
FUN_0020e5c0,0x0020E5C0,0x0020E648,136
FUN_0020e648,0x0020E648,0x0020E6F0,168
FUN_0020e6f0,0x0020E6F0,0x0020E798,168
FUN_0020e798,0x0020E798,0x0020E814,124
FUN_0020e818,0x0020E818,0x0020E854,60
FUN_0020e858,0x0020E858,0x0020E8C0,104
FUN_0020e8c0,0x0020E8C0,0x0020E920,96
FUN_0020e920,0x0020E920,0x0020E9C4,164
FUN_0020e9c8,0x0020E9C8,0x0020E9EC,36
FUN_0020e9f0,0x0020E9F0,0x0020EA28,56
FUN_0020ea28,0x0020EA28,0x0020EA60,56
FUN_0020ea60,0x0020EA60,0x0020EA98,56
FUN_0020ea98,0x0020EA98,0x0020EABC,36
FUN_0020eac0,0x0020EAC0,0x0020EAE4,36
FUN_0020eae8,0x0020EAE8,0x0020EB0C,36
FUN_0020eb10,0x0020EB10,0x0020EBB0,160
FUN_0020ebb0,0x0020EBB0,0x0020EBD4,36
FUN_0020ebd8,0x0020EBD8,0x0020EBFC,36
FUN_0020ec00,0x0020EC00,0x0020EC88,136
FUN_0020ec88,0x0020EC88,0x0020ED10,136
FUN_0020ed10,0x0020ED10,0x0020ED60,80
FUN_0020ed60,0x0020ED60,0x0020EDCC,108
FUN_0020edd0,0x0020EDD0,0x0020EE34,100
FUN_0020ee38,0x0020EE38,0x0020EE5C,36
FUN_0020ee60,0x0020EE60,0x0020EEC0,96
FUN_0020eec0,0x0020EEC0,0x0020EF20,96
FUN_0020ef20,0x0020EF20,0x0020F000,224
FUN_0020f000,0x0020F000,0x0020F070,112
FUN_0020f070,0x0020F070,0x0020F0E8,120
FUN_0020f0e8,0x0020F0E8,0x0020F10C,36
FUN_0020f110,0x0020F110,0x0020F134,36
FUN_0020f138,0x0020F138,0x0020F15C,36
FUN_0020f160,0x0020F160,0x0020F184,36
FUN_0020f188,0x0020F188,0x0020F1AC,36
FUN_0020f1b0,0x0020F1B0,0x0020F1D4,36
FUN_0020f1d8,0x0020F1D8,0x0020F22C,84
FUN_0020f230,0x0020F230,0x0020F254,36
FUN_0020f258,0x0020F258,0x0020F27C,36
FUN_0020f280,0x0020F280,0x0020F318,152
FUN_0020f318,0x0020F318,0x0020F3A0,136
FUN_0020f3a0,0x0020F3A0,0x0020F3C4,36
FUN_0020f3c8,0x0020F3C8,0x0020F3F8,48
FUN_0020f3f8,0x0020F3F8,0x0020F424,44
FUN_0020f428,0x0020F428,0x0020F468,64
FUN_0020f468,0x0020F468,0x0020F4A8,64
FUN_0020f4a8,0x0020F4A8,0x0020F4E8,64
FUN_0020f4e8,0x0020F4E8,0x0020F52C,68
FUN_0020f530,0x0020F530,0x0020F59C,108
FUN_0020f5a0,0x0020F5A0,0x0020F658,184
FUN_0020f658,0x0020F658,0x0020F6B4,92
FUN_0020f6b8,0x0020F6B8,0x0020F760,168
FUN_0020f760,0x0020F760,0x0020F808,168
FUN_0020f808,0x0020F808,0x0020F92C,292
FUN_0020f930,0x0020F930,0x0020F9A4,116
FUN_0020f9a8,0x0020F9A8,0x0020FA38,144
FUN_0020fa38,0x0020FA38,0x0020FA80,72
FUN_0020fa80,0x0020FA80,0x0020FACC,76
FUN_0020fad0,0x0020FAD0,0x0020FB2C,92
FUN_0020fb30,0x0020FB30,0x0020FB78,72
FUN_0020fb78,0x0020FB78,0x0020FC08,144
FUN_0020fc08,0x0020FC08,0x0020FC90,136
FUN_0020fc90,0x0020FC90,0x0020FD28,152
FUN_0020fd28,0x0020FD28,0x0020FDB0,136
FUN_0020fdb0,0x0020FDB0,0x0020FE30,128
FUN_0020fe30,0x0020FE30,0x0020FEC0,144
FUN_0020fec0,0x0020FEC0,0x0020FEF8,56
FUN_0020fef8,0x0020FEF8,0x0020FF28,48
FUN_0020ff28,0x0020FF28,0x0020FF64,60
FUN_0020ff68,0x0020FF68,0x0020FFB4,76
FUN_0020ffb8,0x0020FFB8,0x0020FFFC,68
FUN_00210000,0x00210000,0x00210050,80
FUN_00210050,0x00210050,0x002100A0,80
FUN_002100a0,0x002100A0,0x002100F4,84
FUN_002100f8,0x002100F8,0x00210148,80
FUN_00210148,0x00210148,0x0021017C,52
FUN_00210180,0x00210180,0x002101B8,56
FUN_002101b8,0x002101B8,0x002101EC,52
FUN_002101f0,0x002101F0,0x00210210,32
FUN_00210210,0x00210210,0x00210234,36
FUN_00210238,0x00210238,0x00210258,32
FUN_00210258,0x00210258,0x00210290,56
FUN_00210290,0x00210290,0x002102C0,48
FUN_002102c0,0x002102C0,0x002102FC,60
FUN_00210348,0x00210348,0x00210388,64
FUN_00210388,0x00210388,0x002103D4,76
FUN_00210410,0x00210410,0x00210448,56
FUN_00210448,0x00210448,0x0021047C,52
FUN_00210480,0x00210480,0x002104B4,52
FUN_002104b8,0x002104B8,0x002104F0,56
FUN_002104f0,0x002104F0,0x00210524,52
FUN_00210528,0x00210528,0x00210548,32
FUN_00210548,0x00210548,0x0021056C,36
FUN_00210570,0x00210570,0x00210590,32
FUN_00210590,0x00210590,0x002105B0,32
FUN_002105b0,0x002105B0,0x002105D4,36
FUN_002105d8,0x002105D8,0x002105F8,32
FUN_002105f8,0x002105F8,0x00210618,32
FUN_00210618,0x00210618,0x0021063C,36
FUN_00210640,0x00210640,0x00210660,32
FUN_00210660,0x00210660,0x00210680,32
FUN_00210680,0x00210680,0x002106A4,36
FUN_002106a8,0x002106A8,0x002106C8,32
FUN_002106c8,0x002106C8,0x002106E8,32
FUN_002106e8,0x002106E8,0x0021070C,36
FUN_00210710,0x00210710,0x00210730,32
FUN_00210730,0x00210730,0x00210784,84
FUN_00210788,0x00210788,0x002107E0,88
FUN_002107e0,0x002107E0,0x00210834,84
FUN_00210838,0x00210838,0x0021088C,84
FUN_00210890,0x00210890,0x002108E8,88
FUN_002108e8,0x002108E8,0x0021093C,84
FUN_00210940,0x00210940,0x00210A08,200
FUN_00210a08,0x00210A08,0x00210A58,80
FUN_00210a58,0x00210A58,0x00210A98,64
FUN_00210a98,0x00210A98,0x00210AD8,64
FUN_00210ad8,0x00210AD8,0x00210BA4,204
FUN_00210ba8,0x00210BA8,0x00210C30,136
FUN_00210c30,0x00210C30,0x00210C88,88
FUN_00210c88,0x00210C88,0x00210CD8,80
FUN_00210cd8,0x00210CD8,0x00210D44,108
FUN_00210d48,0x00210D48,0x00210D80,56
FUN_00210d80,0x00210D80,0x00210DB8,56
FUN_00210db8,0x00210DB8,0x00210DEC,52
FUN_00210df0,0x00210DF0,0x00210E24,52
FUN_00210e28,0x00210E28,0x00210E5C,52
FUN_00210e60,0x00210E60,0x00210EA8,72
FUN_00210ea8,0x00210EA8,0x00210F00,88
FUN_00210f00,0x00210F00,0x00210F34,52
FUN_00210f38,0x00210F38,0x00210F68,48
FUN_00210f68,0x00210F68,0x00210FA4,60
FUN_00210fa8,0x00210FA8,0x00210FE4,60
FUN_00210fe8,0x00210FE8,0x0021101C,52
FUN_00211020,0x00211020,0x00211050,48
FUN_00211050,0x00211050,0x00211080,48
FUN_00211080,0x00211080,0x002110B0,48
FUN_002110b0,0x002110B0,0x002110F8,72
FUN_002110f8,0x002110F8,0x00211128,48
FUN_00211128,0x00211128,0x00211170,72
FUN_00211170,0x00211170,0x002111A0,48
FUN_002111a0,0x002111A0,0x002111D0,48
FUN_002111d0,0x002111D0,0x00211218,72
FUN_00211218,0x00211218,0x00211254,60
FUN_00211258,0x00211258,0x002112A0,72
FUN_002112a0,0x002112A0,0x002112E8,72
FUN_002112e8,0x002112E8,0x002113BC,212
FUN_002113c0,0x002113C0,0x00211494,212
FUN_00211498,0x00211498,0x002114F8,96
FUN_002114f8,0x002114F8,0x0021152C,52
FUN_00211530,0x00211530,0x00211564,52
FUN_00211568,0x00211568,0x002115B0,72
FUN_002115b0,0x002115B0,0x002115F8,72
FUN_002115f8,0x002115F8,0x0021162C,52
FUN_00211630,0x00211630,0x00211680,80
FUN_00211680,0x00211680,0x002116D0,80
FUN_002116d0,0x002116D0,0x00211718,72
FUN_00211718,0x00211718,0x002117C0,168
FUN_002117c0,0x002117C0,0x00211858,152
FUN_00211858,0x00211858,0x002118D0,120
FUN_002118d0,0x002118D0,0x00211900,48
FUN_00211900,0x00211900,0x0021193C,60
FUN_00211940,0x00211940,0x00211970,48
FUN_00211970,0x00211970,0x002119A0,48
FUN_002119a0,0x002119A0,0x002119D4,52
FUN_002119d8,0x002119D8,0x00211A08,48
FUN_00211a08,0x00211A08,0x00211A5C,84
FUN_00211a60,0x00211A60,0x00211AA8,72
FUN_00211aa8,0x00211AA8,0x00211AF0,72
FUN_00211af0,0x00211AF0,0x00211E74,900
FUN_00211e78,0x00211E78,0x00211F60,232
FUN_00211f60,0x00211F60,0x00211FE8,136
FUN_00211fe8,0x00211FE8,0x00212044,92
FUN_00212048,0x00212048,0x0021207C,52
FUN_00212080,0x00212080,0x002120B4,52
FUN_002120b8,0x002120B8,0x002120EC,52
FUN_002120f0,0x002120F0,0x00212124,52
FUN_00212128,0x00212128,0x0021215C,52
FUN_00212160,0x00212160,0x002121A8,72
FUN_002121a8,0x002121A8,0x00212200,88
FUN_00212200,0x00212200,0x00212234,52
FUN_00212238,0x00212238,0x00212268,48
FUN_00212268,0x00212268,0x002122A4,60
FUN_002122a8,0x002122A8,0x002122E4,60
FUN_002122e8,0x002122E8,0x0021231C,52
FUN_00212320,0x00212320,0x00212350,48
FUN_00212350,0x00212350,0x00212380,48
FUN_00212380,0x00212380,0x002123B0,48
FUN_002123b0,0x002123B0,0x002123E0,48
FUN_002123e0,0x002123E0,0x00212410,48
FUN_00212410,0x00212410,0x00212454,68
FUN_00212458,0x00212458,0x00212488,48
FUN_00212488,0x00212488,0x002124E8,96
FUN_002124e8,0x002124E8,0x00212548,96
FUN_00212548,0x00212548,0x002125C0,120
FUN_002125c0,0x002125C0,0x00212638,120
FUN_00212638,0x00212638,0x002126A0,104
FUN_002126a0,0x002126A0,0x002126D0,48
FUN_002126d0,0x002126D0,0x00212700,48
FUN_00212700,0x00212700,0x00212730,48
FUN_00212730,0x00212730,0x00212760,48
FUN_00212760,0x00212760,0x002127A8,72
FUN_002127a8,0x002127A8,0x00212814,108
FUN_00212818,0x00212818,0x0021284C,52
FUN_00212850,0x00212850,0x00212884,52
FUN_00212888,0x00212888,0x002128BC,52
FUN_002128c0,0x002128C0,0x00212910,80
FUN_00212910,0x00212910,0x0021295C,76
FUN_00212960,0x00212960,0x0021298C,44
FUN_00212990,0x00212990,0x002129AC,28
FUN_002129b0,0x002129B0,0x002129C4,20
FUN_002129c8,0x002129C8,0x002129EC,36
FUN_002129f0,0x002129F0,0x00212A04,20
FUN_00212a08,0x00212A08,0x00212A10,8
FUN_00212a10,0x00212A10,0x00212BA0,400
FUN_00212ba0,0x00212BA0,0x00212C04,100
FUN_00212c08,0x00212C08,0x00212DBC,436
FUN_00212dc0,0x00212DC0,0x00212F90,464
FUN_00212f90,0x00212F90,0x00212FC8,56
FUN_00212fc8,0x00212FC8,0x00212FDC,20
FUN_00212fe0,0x00212FE0,0x00212FF4,20
FUN_00212ff8,0x00212FF8,0x0021321C,548
FUN_00213220,0x00213220,0x00213234,20
FUN_00213238,0x00213238,0x002132E0,168
FUN_002132e0,0x002132E0,0x002132F8,24
FUN_002132f8,0x002132F8,0x00213480,392
FUN_00213480,0x00213480,0x002137E4,868
FUN_002137e8,0x002137E8,0x00213834,76
FUN_00213838,0x00213838,0x0021385C,36
FUN_00213860,0x00213860,0x00213868,8
FUN_00213868,0x00213868,0x0021387C,20
FUN_00213880,0x00213880,0x00213894,20
FUN_00213898,0x00213898,0x002138BC,36
FUN_002138c0,0x002138C0,0x002138D8,24
FUN_002138d8,0x002138D8,0x00213914,60
FUN_00213918,0x00213918,0x002139E4,204
FUN_002139e8,0x002139E8,0x00213AA8,192
FUN_00213aa8,0x00213AA8,0x00213BD0,296
FUN_00213bd0,0x00213BD0,0x00213C78,168
FUN_00213c78,0x00213C78,0x00213CE4,108
FUN_00213ce8,0x00213CE8,0x00213D7C,148
FUN_00213d80,0x00213D80,0x00213DAC,44
FUN_00213db0,0x00213DB0,0x00213DE4,52
FUN_00213de8,0x00213DE8,0x00213E34,76
FUN_00213e38,0x00213E38,0x00214338,1280
FUN_00214338,0x00214338,0x002143E4,172
FUN_002143e8,0x002143E8,0x0021448C,164
FUN_00214490,0x00214490,0x002144A0,16
FUN_002144a0,0x002144A0,0x002144AC,12
FUN_002144b0,0x002144B0,0x00214520,112
FUN_00214520,0x00214520,0x00214544,36
FUN_00214548,0x00214548,0x002145BC,116
FUN_002145c0,0x002145C0,0x002145C8,8
FUN_002145c8,0x002145C8,0x002145D4,12
FUN_002145d8,0x002145D8,0x00214CAC,1748
FUN_00214cb0,0x00214CB0,0x00214CD8,40
FUN_00214cd8,0x00214CD8,0x00214D04,44
FUN_00214d08,0x00214D08,0x00214D30,40
FUN_00214d30,0x00214D30,0x00214D5C,44
FUN_00214d60,0x00214D60,0x00214D8C,44
FUN_00214d90,0x00214D90,0x00214E44,180
FUN_00214e48,0x00214E48,0x00214F38,240
FUN_00214f38,0x00214F38,0x00214FBC,132
FUN_00214fc0,0x00214FC0,0x00214FCC,12
FUN_00214fd0,0x00214FD0,0x00214FDC,12
FUN_00214fe0,0x00214FE0,0x00214FEC,12
FUN_00214ff0,0x00214FF0,0x00214FFC,12
FUN_00215000,0x00215000,0x0021500C,12
FUN_00215010,0x00215010,0x00215114,260
FUN_00215118,0x00215118,0x00215140,40
FUN_00215140,0x00215140,0x002152F0,432
FUN_002152f0,0x002152F0,0x00215350,96
FUN_00215350,0x00215350,0x002153B4,100
FUN_002153b8,0x002153B8,0x002153E0,40
FUN_002153e0,0x002153E0,0x00215420,64
FUN_00215420,0x00215420,0x0021546C,76
FUN_00215470,0x00215470,0x0021553C,204
FUN_00215540,0x00215540,0x002155F0,176
FUN_002155f0,0x002155F0,0x002156E4,244
FUN_002156e8,0x002156E8,0x002156F0,8
FUN_002156f0,0x002156F0,0x00216508,3608
FUN_00216508,0x00216508,0x002166A0,408
FUN_002166a0,0x002166A0,0x00216818,376
FUN_00216818,0x00216818,0x002168F8,224
FUN_002168f8,0x002168F8,0x00216AC0,456
FUN_00216ac0,0x00216AC0,0x00216AF8,56
FUN_00216af8,0x00216AF8,0x00216B44,76
FUN_00216b48,0x00216B48,0x00216C28,224
FUN_00216c28,0x00216C28,0x00216C64,60
FUN_00216c68,0x00216C68,0x00216C8C,36
FUN_00216c90,0x00216C90,0x00216CC8,56
FUN_00216cc8,0x00216CC8,0x00216E00,312
FUN_00216e00,0x00216E00,0x00216E0C,12
FUN_00216e10,0x00216E10,0x00216E1C,12
FUN_00216e20,0x00216E20,0x00216E2C,12
FUN_00216e30,0x00216E30,0x00216E54,36
FUN_00216e58,0x00216E58,0x00216E7C,36
FUN_00216e80,0x00216E80,0x00216EB8,56
FUN_00216eb8,0x00216EB8,0x00216EC4,12
FUN_00216ec8,0x00216EC8,0x00216ED4,12
FUN_00216ed8,0x00216ED8,0x00216EF4,28
FUN_00216ef8,0x00216EF8,0x00217044,332
FUN_00217048,0x00217048,0x0021708C,68
FUN_00217090,0x00217090,0x00217150,192
FUN_00217150,0x00217150,0x00217170,32
FUN_00217170,0x00217170,0x002171A0,48
FUN_002171a0,0x002171A0,0x00217200,96
FUN_00217200,0x00217200,0x00217398,408
FUN_00217398,0x00217398,0x00217410,120
FUN_00217410,0x00217410,0x00217520,272
FUN_00217520,0x00217520,0x002176A4,388
FUN_002176a8,0x002176A8,0x002176F4,76
FUN_002176f8,0x002176F8,0x00217730,56
FUN_00217730,0x00217730,0x002178E4,436
FUN_002178e8,0x002178E8,0x002179CC,228
FUN_002179d0,0x002179D0,0x00217ADC,268
FUN_00217ae0,0x00217AE0,0x00217BD0,240
FUN_00217bd0,0x00217BD0,0x00217C04,52
FUN_00217c08,0x00217C08,0x00217C40,56
FUN_00217c40,0x00217C40,0x00217C74,52
FUN_00217c78,0x00217C78,0x00217CEC,116
FUN_00217cf0,0x00217CF0,0x00217DB8,200
FUN_00217db8,0x00217DB8,0x00217E00,72
FUN_00217e00,0x00217E00,0x00217E38,56
FUN_00217e38,0x00217E38,0x00217EF0,184
FUN_00217ef0,0x00217EF0,0x002180DC,492
FUN_002180e0,0x002180E0,0x0021813C,92
FUN_00218148,0x00218148,0x002182FC,436
FUN_00218308,0x00218308,0x00218364,92
FUN_00218370,0x00218370,0x00218440,208
FUN_00218440,0x00218440,0x00218460,32
FUN_00218460,0x00218460,0x002184A0,64
FUN_002184a0,0x002184A0,0x002184C0,32
FUN_002184c0,0x002184C0,0x00218570,176
FUN_00218570,0x00218570,0x00218578,8
FUN_00218578,0x00218578,0x00218630,184
FUN_00218630,0x00218630,0x00218668,56
FUN_00218668,0x00218668,0x0021877C,276
FUN_00218788,0x00218788,0x002187D4,76
FUN_002187e0,0x002187E0,0x00218848,104
FUN_00218848,0x00218848,0x002188B8,112
FUN_002188b8,0x002188B8,0x00218A44,396
FUN_00218a48,0x00218A48,0x00218A54,12
FUN_00218a58,0x00218A58,0x00218AE8,144
FUN_00218ae8,0x00218AE8,0x00218B08,32
FUN_00218b08,0x00218B08,0x00218B2C,36
FUN_00218b30,0x00218B30,0x00218B54,36
FUN_00218b58,0x00218B58,0x00218B7C,36
FUN_00218b80,0x00218B80,0x00218BA4,36
FUN_00218ba8,0x00218BA8,0x00218D38,400
FUN_00218d38,0x00218D38,0x00218D88,80
FUN_00218d88,0x00218D88,0x00219644,2236
FUN_00219648,0x00219648,0x00219690,72
FUN_00219690,0x00219690,0x002196D0,64
FUN_002196d0,0x002196D0,0x00219710,64
FUN_00219710,0x00219710,0x00219EAC,1948
FUN_0021a0e8,0x0021A0E8,0x0021A370,648
FUN_0021a370,0x0021A370,0x0021A40C,156
FUN_0021a410,0x0021A410,0x0021A4AC,156
FUN_0021a4b0,0x0021A4B0,0x0021A544,148
FUN_0021a548,0x0021A548,0x0021A5E0,152
FUN_0021a5e0,0x0021A5E0,0x0021A648,104
FUN_0021a648,0x0021A648,0x0021A6B0,104
FUN_0021a6b0,0x0021A6B0,0x0021A898,488
FUN_0021a898,0x0021A898,0x0021A918,128
FUN_0021a918,0x0021A918,0x0021A984,108
FUN_0021a988,0x0021A988,0x0021A9B4,44
FUN_0021a9b8,0x0021A9B8,0x0021AAB4,252
FUN_0021aab8,0x0021AAB8,0x0021ABB4,252
FUN_0021abb8,0x0021ABB8,0x0021AC48,144
FUN_0021ac48,0x0021AC48,0x0021AC5C,20
FUN_0021ac60,0x0021AC60,0x0021AC74,20
FUN_0021ac78,0x0021AC78,0x0021ACFC,132
FUN_0021ad00,0x0021AD00,0x0021AD14,20
FUN_0021ad18,0x0021AD18,0x0021AD3C,36
FUN_0021ad40,0x0021AD40,0x0021AD68,40
FUN_0021ad68,0x0021AD68,0x0021AD90,40
FUN_0021ad90,0x0021AD90,0x0021AE2C,156
FUN_0021ae30,0x0021AE30,0x0021AF18,232
FUN_0021af18,0x0021AF18,0x0021B000,232
FUN_0021b000,0x0021B000,0x0021BA88,2696
FUN_0021ba88,0x0021BA88,0x0021BB50,200
FUN_0021bb50,0x0021BB50,0x0021BC9C,332
FUN_0021bca0,0x0021BCA0,0x0021BCF0,80
FUN_0021bcf0,0x0021BCF0,0x0021BDC0,208
FUN_0021bdc0,0x0021BDC0,0x0021BFF0,560
FUN_0021bff0,0x0021BFF0,0x0021C0B8,200
FUN_0021c0b8,0x0021C0B8,0x0021C0DC,36
FUN_0021c5b0,0x0021C5B0,0x0021CA5C,1196
FUN_0021ca60,0x0021CA60,0x0021CC04,420
FUN_0021cc08,0x0021CC08,0x0021CC84,124
FUN_0021cc88,0x0021CC88,0x0021CD20,152
FUN_0021cd20,0x0021CD20,0x0021D000,736
FUN_0021d000,0x0021D000,0x0021D574,1396
FUN_0021d578,0x0021D578,0x0021DB78,1536
FUN_0021db78,0x0021DB78,0x0021DCEC,372
FUN_0021dcf0,0x0021DCF0,0x0021DF80,656
FUN_0021df80,0x0021DF80,0x0021E0DC,348
FUN_0021e0e0,0x0021E0E0,0x0021E518,1080
FUN_0021e518,0x0021E518,0x0021F080,2920
FUN_0021f080,0x0021F080,0x0021F1D8,344
FUN_0021f1d8,0x0021F1D8,0x0021F328,336
FUN_0021f328,0x0021F328,0x0021F39C,116
FUN_0021f3a0,0x0021F3A0,0x0021F438,152
FUN_0021f438,0x0021F438,0x0021F480,72
FUN_0021f480,0x0021F480,0x0021F5D4,340
FUN_0021f5d8,0x0021F5D8,0x0021F644,108
FUN_0021f648,0x0021F648,0x0021F6FC,180
FUN_0021f700,0x0021F700,0x0021F714,20
FUN_0021f718,0x0021F718,0x0021F7F8,224
FUN_0021f7f8,0x0021F7F8,0x0021F80C,20
FUN_0021f810,0x0021F810,0x0021F8B0,160
FUN_0021f8b0,0x0021F8B0,0x0021FA20,368
FUN_0021fa20,0x0021FA20,0x0021FA34,20
FUN_0021fa38,0x0021FA38,0x0021FA84,76
FUN_0021fa88,0x0021FA88,0x0021FAD4,76
FUN_0021fad8,0x0021FAD8,0x0021FAEC,20
FUN_0021faf0,0x0021FAF0,0x0021FB18,40
FUN_0021fb18,0x0021FB18,0x0021FB40,40
FUN_0021fb40,0x0021FB40,0x0021FC0C,204
FUN_0021fc10,0x0021FC10,0x002223FC,10220
FUN_00222400,0x00222400,0x002224C8,200
FUN_002224c8,0x002224C8,0x00222730,616
FUN_00222730,0x00222730,0x002227EC,188
FUN_002227f0,0x002227F0,0x00222B48,856
FUN_00222b48,0x00222B48,0x00222E58,784
FUN_00222e58,0x00222E58,0x002230F4,668
FUN_002230f8,0x002230F8,0x00223510,1048
FUN_00223510,0x00223510,0x00223888,888
FUN_00223888,0x00223888,0x00223C3C,948
FUN_00223c40,0x00223C40,0x00223CAC,108
FUN_00223cb0,0x00223CB0,0x00223D84,212
FUN_00223d88,0x00223D88,0x00223D94,12
FUN_00223d98,0x00223D98,0x00223DB8,32
FUN_00223db8,0x00223DB8,0x00223DD8,32
FUN_00223dd8,0x00223DD8,0x00223FB4,476
FUN_00223fb8,0x00223FB8,0x002240A0,232
FUN_002240a0,0x002240A0,0x002240C8,40
FUN_002240c8,0x002240C8,0x002240F0,40
FUN_002240f0,0x002240F0,0x00224198,168
FUN_00224198,0x00224198,0x00224908,1904
FUN_00224908,0x00224908,0x002249D0,200
FUN_002249d0,0x002249D0,0x00224B50,384
FUN_00224b50,0x00224B50,0x00224B70,32
FUN_00224b70,0x00224B70,0x00224B90,32
FUN_00224b90,0x00224B90,0x00224BAC,28
FUN_00224bb0,0x00224BB0,0x00224BD0,32
FUN_00224bd0,0x00224BD0,0x00224BE4,20
FUN_00224be8,0x00224BE8,0x00224BFC,20
FUN_00224c00,0x00224C00,0x00224C0C,12
FUN_00224c10,0x00224C10,0x00224C24,20
FUN_00224c28,0x00224C28,0x00224CA0,120
FUN_00224ca0,0x00224CA0,0x00224CD4,52
FUN_00224d40,0x00224D40,0x00224DB4,116
FUN_00224db8,0x00224DB8,0x00224E1C,100
FUN_00224e20,0x00224E20,0x00224F00,224
FUN_00224f00,0x00224F00,0x002250C4,452
FUN_002250c8,0x002250C8,0x00225384,700
FUN_00225388,0x00225388,0x0022564C,708
FUN_00225650,0x00225650,0x0022578C,316
FUN_00225790,0x00225790,0x00225A4C,700
FUN_00225a50,0x00225A50,0x00225F24,1236
FUN_00225f28,0x00225F28,0x00226488,1376
FUN_00226488,0x00226488,0x002264A8,32
FUN_002264a8,0x002264A8,0x002264C4,28
FUN_002264c8,0x002264C8,0x002264D4,12
FUN_002264d8,0x002264D8,0x002264E4,12
default,0x002264E8,0x002264F0,8
FUN_00226868,0x00226868,0x00226978,272
FUN_00226978,0x00226978,0x00226BA8,560
FUN_00226ba8,0x00226BA8,0x00226C14,108
FUN_00226c18,0x00226C18,0x00226CAC,148
FUN_00226cb0,0x00226CB0,0x00226D98,232
FUN_00226d98,0x00226D98,0x00227380,1512
FUN_00227380,0x00227380,0x00227464,228
FUN_00227468,0x00227468,0x00227DC0,2392
FUN_00227dc0,0x00227DC0,0x00227EA4,228
FUN_00227ea8,0x00227EA8,0x00228A00,2904
FUN_00228a00,0x00228A00,0x00228A74,116
FUN_00228a78,0x00228A78,0x00228FB0,1336
FUN_00228fb0,0x00228FB0,0x00229024,116
FUN_00229028,0x00229028,0x00229560,1336
FUN_00229560,0x00229560,0x0022993C,988
FUN_00229940,0x00229940,0x00229D20,992
FUN_00229d20,0x00229D20,0x00229DD8,184
FUN_00229dd8,0x00229DD8,0x0022A750,2424
FUN_0022a750,0x0022A750,0x0022A77C,44
FUN_0022a780,0x0022A780,0x0022AB28,936
FUN_0022ab28,0x0022AB28,0x0022AB4C,36
FUN_0022ab50,0x0022AB50,0x0022AF60,1040
FUN_0022af60,0x0022AF60,0x0022AF84,36
FUN_0022af88,0x0022AF88,0x0022B364,988
FUN_0022b368,0x0022B368,0x0022B430,200
FUN_0022b430,0x0022B430,0x0022B4F4,196
FUN_0022b4f8,0x0022B4F8,0x0022B574,124
FUN_0022b578,0x0022B578,0x0022B594,28
FUN_0022b598,0x0022B598,0x0022B5E4,76
FUN_0022b5e8,0x0022B5E8,0x0022B8BC,724
FUN_0022b8c0,0x0022B8C0,0x0022B964,164
FUN_0022b968,0x0022B968,0x0022C838,3792
FUN_0022c838,0x0022C838,0x0022CC58,1056
FUN_0022cc58,0x0022CC58,0x0022CD00,168
FUN_0022cd00,0x0022CD00,0x0022CD68,104
FUN_0022cd68,0x0022CD68,0x0022D870,2824
FUN_0022d870,0x0022D870,0x0022D954,228
FUN_0022d958,0x0022D958,0x0022D98C,52
FUN_0022d990,0x0022D990,0x0022D9AC,28
FUN_0022d9b0,0x0022D9B0,0x0022D9FC,76
FUN_0022da00,0x0022DA00,0x0022DA10,16
FUN_0022da10,0x0022DA10,0x0022DCB8,680
FUN_0022dcb8,0x0022DCB8,0x0022DF2C,628
FUN_0022df30,0x0022DF30,0x0022E014,228
FUN_0022e018,0x0022E018,0x0022E0AC,148
FUN_0022e0b0,0x0022E0B0,0x0022E0D8,40
FUN_0022e0d8,0x0022E0D8,0x0022E100,40
FUN_0022e100,0x0022E100,0x0022E130,48
FUN_0022e130,0x0022E130,0x0022E214,228
FUN_0022e218,0x0022E218,0x0022E9A4,1932
FUN_0022e9a8,0x0022E9A8,0x0022EA70,200
FUN_0022ea70,0x0022EA70,0x0022EC04,404
FUN_0022ec08,0x0022EC08,0x0022EC78,112
FUN_0022ec78,0x0022EC78,0x0022F280,1544
FUN_0022f280,0x0022F280,0x0022F2EC,108
FUN_0022f2f0,0x0022F2F0,0x0022F318,40
FUN_0022f318,0x0022F318,0x0022F340,40
FUN_0022f340,0x0022F340,0x0022F724,996
FUN_0022f728,0x0022F728,0x0022F7F0,200
FUN_0022f7f0,0x0022F7F0,0x0022F88C,156
FUN_0022f890,0x0022F890,0x0022F924,148
FUN_0022f928,0x0022F928,0x0022F938,16
FUN_0022f948,0x0022F948,0x0022F998,80
FUN_0022f998,0x0022F998,0x0022F9A4,12
FUN_0022f9a8,0x0022F9A8,0x0022F9C8,32
FUN_0022f9c8,0x0022F9C8,0x0022F9F0,40
FUN_0022f9f0,0x0022F9F0,0x0022F9F8,8
FUN_0022f9f8,0x0022F9F8,0x0022FAE4,236
FUN_0022fae8,0x0022FAE8,0x0022FB90,168
FUN_0022fb90,0x0022FB90,0x0022FBB0,32
FUN_0022fbb0,0x0022FBB0,0x0022FBD8,40
FUN_0022fbd8,0x0022FBD8,0x0022FC20,72
FUN_0022fc20,0x0022FC20,0x0022FC40,32
FUN_0022fc40,0x0022FC40,0x0022FC80,64
FUN_0022fc80,0x0022FC80,0x0022FD0C,140
FUN_0022fd10,0x0022FD10,0x0022FD50,64
FUN_0022fd50,0x0022FD50,0x0022FDA0,80
FUN_0022fda0,0x0022FDA0,0x0022FE98,248
FUN_0022fe98,0x0022FE98,0x0022FFA4,268
FUN_0022ffa8,0x0022FFA8,0x00230008,96
FUN_00230008,0x00230008,0x002301B0,424
FUN_002301b0,0x002301B0,0x00230214,100
FUN_00230218,0x00230218,0x0023026C,84
FUN_00230270,0x00230270,0x002302EC,124
FUN_002302f0,0x002302F0,0x00230324,52
FUN_00230328,0x00230328,0x00230394,108
FUN_00230398,0x00230398,0x002303C4,44
FUN_002303c8,0x002303C8,0x002304C0,248
FUN_002304c0,0x002304C0,0x00230778,696
FUN_00230778,0x00230778,0x00230904,396
FUN_00230908,0x00230908,0x002309A4,156
FUN_002309a8,0x002309A8,0x00230AA0,248
FUN_00230aa0,0x00230AA0,0x00230AE0,64
FUN_00230ae0,0x00230AE0,0x00230B0C,44
FUN_00230b10,0x00230B10,0x00230B34,36
FUN_00230b38,0x00230B38,0x00230B9C,100
FUN_00230ba0,0x00230BA0,0x00230C34,148
FUN_00230c38,0x00230C38,0x00230CC4,140
FUN_00230cc8,0x00230CC8,0x00230D1C,84
FUN_00230d20,0x00230D20,0x00230D74,84
FUN_00230e10,0x00230E10,0x00230E84,116
FUN_00230e88,0x00230E88,0x00230E98,16
FUN_00230ec0,0x00230EC0,0x00230F48,136
FUN_00230f48,0x00230F48,0x00230F64,28
FUN_00230f68,0x00230F68,0x00230F70,8
FUN_00230f70,0x00230F70,0x00231034,196
FUN_00231038,0x00231038,0x00231148,272
FUN_00231148,0x00231148,0x002311C8,128
FUN_002311c8,0x002311C8,0x00231424,604
FUN_00231428,0x00231428,0x00231590,360
FUN_00231590,0x00231590,0x002315B8,40
FUN_002315b8,0x002315B8,0x0023166C,180
FUN_00231670,0x00231670,0x002316CC,92
FUN_002316d0,0x002316D0,0x00231768,152
FUN_00231768,0x00231768,0x002317C0,88
FUN_002317c0,0x002317C0,0x002317E0,32
FUN_002317e0,0x002317E0,0x00231930,336
FUN_00231930,0x00231930,0x00231F34,1540
FUN_00231f38,0x00231F38,0x00236190,16984
FUN_00236190,0x00236190,0x00236224,148
FUN_00236228,0x00236228,0x002368C8,1696
FUN_002368c8,0x002368C8,0x00236B10,584
FUN_00236b10,0x00236B10,0x002372A4,1940
FUN_002372a8,0x002372A8,0x002374C0,536
FUN_002374c0,0x002374C0,0x00237608,328
FUN_00237608,0x00237608,0x00237834,556
FUN_00237838,0x00237838,0x00237894,92
FUN_00237898,0x00237898,0x00237A10,376
FUN_00237a10,0x00237A10,0x00237B70,352
FUN_00237b70,0x00237B70,0x00237D28,440
FUN_00237d28,0x00237D28,0x0023825C,1332
FUN_00238260,0x00238260,0x00238310,176
FUN_00238310,0x00238310,0x00238384,116
FUN_00238388,0x00238388,0x0023848C,260
FUN_00238490,0x00238490,0x00238540,176
FUN_00238540,0x00238540,0x0023858C,76
FUN_00238590,0x00238590,0x00238638,168
FUN_00238638,0x00238638,0x00238698,96
FUN_00238698,0x00238698,0x002386DC,68
FUN_002387e0,0x002387E0,0x002388FC,284
FUN_00238900,0x00238900,0x0023895C,92
FUN_00238960,0x00238960,0x00238A04,164
FUN_00238a08,0x00238A08,0x00238AEC,228
FUN_00238af0,0x00238AF0,0x00238B34,68
FUN_00238b38,0x00238B38,0x00238C5C,292
FUN_00238c60,0x00238C60,0x00238E94,564
FUN_00238e98,0x00238E98,0x0023922C,916
FUN_00239230,0x00239230,0x00239588,856
FUN_00239588,0x00239588,0x002395D4,76
FUN_002395d8,0x002395D8,0x00239620,72
FUN_00239620,0x00239620,0x00239734,276
FUN_00239738,0x00239738,0x002397E0,168
FUN_002397e0,0x002397E0,0x00239874,148
FUN_00239878,0x00239878,0x002398A4,44
FUN_002398f0,0x002398F0,0x00239934,68
FUN_00239938,0x00239938,0x002399A0,104
FUN_002399a0,0x002399A0,0x002399D4,52
FUN_002399d8,0x002399D8,0x00239A40,104
FUN_00239a40,0x00239A40,0x00239BB0,368
FUN_00239bb0,0x00239BB0,0x00239BD8,40
FUN_00239bd8,0x00239BD8,0x00239C18,64
FUN_00239c18,0x00239C18,0x00239D20,264
FUN_00239d20,0x00239D20,0x00239D38,24
FUN_00239d38,0x00239D38,0x00239E9C,356
FUN_00239ea0,0x00239EA0,0x00239F1C,124
FUN_00239f20,0x00239F20,0x00239F5C,60
FUN_00239f60,0x00239F60,0x00239F90,48
FUN_00239f90,0x00239F90,0x00239FC4,52
FUN_00239fc8,0x00239FC8,0x00239FF0,40
FUN_00239ff0,0x00239FF0,0x0023A194,420
FUN_0023a218,0x0023A218,0x0023A2B8,160
FUN_0023a2b8,0x0023A2B8,0x0023A2D0,24
FUN_0023a2d0,0x0023A2D0,0x0023A454,388
FUN_0023a458,0x0023A458,0x0023A460,8
FUN_0023a488,0x0023A488,0x0023A490,8
FUN_0023a490,0x0023A490,0x0023A5AC,284
FUN_0023a5b0,0x0023A5B0,0x0023A5D0,32
FUN_0023a5d0,0x0023A5D0,0x0023A5F0,32
FUN_0023a5f0,0x0023A5F0,0x0023A668,120
FUN_0023a668,0x0023A668,0x0023A6E4,124
FUN_0023a6e8,0x0023A6E8,0x0023A754,108
FUN_0023a758,0x0023A758,0x0023A788,48
FUN_0023a788,0x0023A788,0x0023A7A0,24
FUN_0023a7a0,0x0023A7A0,0x0023A7B8,24
FUN_0023a7b8,0x0023A7B8,0x0023A7EC,52
FUN_0023a7f0,0x0023A7F0,0x0023A824,52
FUN_0023a828,0x0023A828,0x0023A844,28
FUN_0023a848,0x0023A848,0x0023A864,28
FUN_0023a888,0x0023A888,0x0023A8A8,32
FUN_0023a8a8,0x0023A8A8,0x0023A8C4,28
FUN_0023aa08,0x0023AA08,0x0023AA50,72
FUN_0023aa50,0x0023AA50,0x0023AA94,68
FUN_0023aa98,0x0023AA98,0x0023AABC,36
FUN_0023ab18,0x0023AB18,0x0023AB34,28
FUN_0023ab38,0x0023AB38,0x0023AB8C,84
FUN_0023ab90,0x0023AB90,0x0023AC50,192
FUN_0023ac50,0x0023AC50,0x0023AC5C,12
FUN_0023ac60,0x0023AC60,0x0023AD44,228
FUN_0023ad48,0x0023AD48,0x0023AE28,224
FUN_0023ae48,0x0023AE48,0x0023AE54,12
FUN_0023ae68,0x0023AE68,0x0023AE7C,20
FUN_0023ae80,0x0023AE80,0x0023AE9C,28
FUN_0023aea0,0x0023AEA0,0x0023AEB4,20
FUN_0023aed8,0x0023AED8,0x0023AEF4,28
FUN_0023af28,0x0023AF28,0x0023AF34,12
FUN_0023af48,0x0023AF48,0x0023AF54,12
FUN_0023af68,0x0023AF68,0x0023AF74,12
FUN_0023af88,0x0023AF88,0x0023AF94,12
FUN_0023afa8,0x0023AFA8,0x0023AFBC,20
FUN_0023afe0,0x0023AFE0,0x0023B010,48
FUN_0023b010,0x0023B010,0x0023B040,48
FUN_0023b040,0x0023B040,0x0023B070,48
FUN_0023b070,0x0023B070,0x0023B07C,12
FUN_0023b080,0x0023B080,0x0023B094,20
FUN_0023b0c8,0x0023B0C8,0x0023B398,720
FUN_0023b398,0x0023B398,0x0023B498,256
FUN_0023b498,0x0023B498,0x0023B518,128
FUN_0023b518,0x0023B518,0x0023B64C,308
FUN_0023b650,0x0023B650,0x0023B70C,188
FUN_0023b710,0x0023B710,0x0023B884,372
FUN_0023b888,0x0023B888,0x0023B998,272
FUN_0023b998,0x0023B998,0x0023B9BC,36
FUN_0023b9c0,0x0023B9C0,0x0023B9F8,56
FUN_0023b9f8,0x0023B9F8,0x0023BA20,40
FUN_0023ba68,0x0023BA68,0x0023BAA4,60
FUN_0023baa8,0x0023BAA8,0x0023BB5C,180
FUN_0023bb60,0x0023BB60,0x0023BBFC,156
FUN_0023bc00,0x0023BC00,0x0023BC30,48
FUN_0023bc30,0x0023BC30,0x0023BC38,8
FUN_0023bc38,0x0023BC38,0x0023BD74,316
FUN_0023bd78,0x0023BD78,0x0023BE04,140
FUN_0023be08,0x0023BE08,0x0023C30C,1284
FUN_0023c328,0x0023C328,0x0023C34C,36
FUN_0023c350,0x0023C350,0x0023C378,40
FUN_0023c378,0x0023C378,0x0023C580,520
FUN_0023c580,0x0023C580,0x0023C5BC,60
FUN_0023c5c0,0x0023C5C0,0x0023C648,136
FUN_0023c648,0x0023C648,0x0023C6C4,124
FUN_0023c6c8,0x0023C6C8,0x0023C760,152
FUN_0023c760,0x0023C760,0x0023C804,164
FUN_0023c808,0x0023C808,0x0023C848,64
FUN_0023c848,0x0023C848,0x0023C890,72
FUN_0023c890,0x0023C890,0x0023C8C8,56
FUN_0023c8c8,0x0023C8C8,0x0023C8F8,48
FUN_0023c8f8,0x0023C8F8,0x0023CA8C,404
FUN_0023ca90,0x0023CA90,0x0023CCA4,532
FUN_0023cca8,0x0023CCA8,0x0023CF48,672
FUN_0023cf48,0x0023CF48,0x0023D074,300
FUN_0023d078,0x0023D078,0x0023D0DC,100
FUN_0023d0e0,0x0023D0E0,0x0023D138,88
FUN_0023d138,0x0023D138,0x0023D140,8
FUN_0023d140,0x0023D140,0x0023D148,8
FUN_0023d148,0x0023D148,0x0023D154,12
FUN_0023d158,0x0023D158,0x0023D160,8
FUN_0023d160,0x0023D160,0x0023D19C,60
FUN_0023d1a0,0x0023D1A0,0x0023D1DC,60
FUN_0023d1e0,0x0023D1E0,0x0023D1E8,8
FUN_0023d1e8,0x0023D1E8,0x0023D26C,132
FUN_0023d270,0x0023D270,0x0023D3F0,384
FUN_0023d3f8,0x0023D3F8,0x0023D44C,84
FUN_0023d450,0x0023D450,0x0023D498,72
FUN_0023d498,0x0023D498,0x0023D4BC,36
FUN_0023d4c0,0x0023D4C0,0x0023D510,80
FUN_0023d510,0x0023D510,0x0023DB10,1536
FUN_0023db10,0x0023DB10,0x0023DB44,52
FUN_0023db48,0x0023DB48,0x0023DB64,28
FUN_0023db68,0x0023DB68,0x0023DB84,28
FUN_0023db88,0x0023DB88,0x0023DBBC,52
FUN_0023dbc0,0x0023DBC0,0x0023DC20,96
FUN_0023dc20,0x0023DC20,0x0023DC40,32
FUN_0023dc40,0x0023DC40,0x0023DC68,40
FUN_0023dc68,0x0023DC68,0x0023DC90,40
FUN_0023dc90,0x0023DC90,0x0023DCB8,40
FUN_0023dcb8,0x0023DCB8,0x0023DCDC,36
FUN_0023dce0,0x0023DCE0,0x0023DD04,36
FUN_0023dd08,0x0023DD08,0x0023DD2C,36
FUN_0023dd30,0x0023DD30,0x0023DD58,40
FUN_0023dd58,0x0023DD58,0x0023DD74,28
FUN_0023dd78,0x0023DD78,0x0023DDF4,124
FUN_0023ddf8,0x0023DDF8,0x0023DE30,56
FUN_0023de30,0x0023DE30,0x0023DE3C,12
FUN_0023de40,0x0023DE40,0x0023DE4C,12
FUN_0023de60,0x0023DE60,0x0023DED4,116
FUN_0023ded8,0x0023DED8,0x0023DF38,96
FUN_0023df38,0x0023DF38,0x0023DF98,96
FUN_0023df98,0x0023DF98,0x0023DFF8,96
FUN_0023dff8,0x0023DFF8,0x0023E040,72
FUN_0023e040,0x0023E040,0x0023E47C,1084
FUN_0023e480,0x0023E480,0x0023E598,280
FUN_0023e598,0x0023E598,0x0023E608,112
FUN_0023e608,0x0023E608,0x0023E6A0,152
FUN_0023e6a0,0x0023E6A0,0x0023E6F0,80
FUN_0023e6f0,0x0023E6F0,0x0023E770,128
FUN_0023e770,0x0023E770,0x0023E950,480
FUN_0023e950,0x0023E950,0x0023E9D0,128
FUN_0023e9d0,0x0023E9D0,0x0023EACC,252
FUN_0023ead0,0x0023EAD0,0x0023EB48,120
FUN_0023eb48,0x0023EB48,0x0023EB80,56
FUN_0023eb80,0x0023EB80,0x0023EBB0,48
FUN_0023ebb0,0x0023EBB0,0x0023EBD4,36
FUN_0023ebd8,0x0023EBD8,0x0023EC48,112
FUN_0023ec48,0x0023EC48,0x0023EE08,448
FUN_0023ee08,0x0023EE08,0x0023EE74,108
FUN_0023ee78,0x0023EE78,0x0023EF04,140
FUN_0023ef08,0x0023EF08,0x0023EF94,140
FUN_0023ef98,0x0023EF98,0x0023EFCC,52
FUN_0023efd0,0x0023EFD0,0x0023EFF0,32
FUN_0023eff0,0x0023EFF0,0x0023F0B0,192
FUN_0023f0b0,0x0023F0B0,0x0023F0EC,60
FUN_0023f3c8,0x0023F3C8,0x0023F434,108
FUN_0023f438,0x0023F438,0x0023F478,64
FUN_0023f478,0x0023F478,0x0023F5DC,356
FUN_0023f5e0,0x0023F5E0,0x0023F61C,60
FUN_0023f620,0x0023F620,0x0023F6AC,140
FUN_0023f6b0,0x0023F6B0,0x0023F6DC,44
FUN_0023f6e0,0x0023F6E0,0x0023F704,36
FUN_0023f708,0x0023F708,0x0023F9CC,708
FUN_0023f9d0,0x0023F9D0,0x0023F9FC,44
FUN_0023fa00,0x0023FA00,0x0023FA2C,44
FUN_0023fa30,0x0023FA30,0x0023FA3C,12
FUN_0023fa40,0x0023FA40,0x0023FA54,20
FUN_0023fa58,0x0023FA58,0x0023FA64,12
FUN_0023fa68,0x0023FA68,0x0023FA84,28
FUN_0023fb10,0x0023FB10,0x0023FB1C,12
FUN_0023fb20,0x0023FB20,0x0023FB70,80
FUN_0023fb70,0x0023FB70,0x0023FB98,40
FUN_0023fb98,0x0023FB98,0x0023FBA0,8
FUN_0023fba0,0x0023FBA0,0x0023FBF8,88
FUN_0023fbf8,0x0023FBF8,0x0023FC40,72
FUN_0023fc40,0x0023FC40,0x0023FC7C,60
FUN_0023fc80,0x0023FC80,0x0023FCD4,84
FUN_0023fcd8,0x0023FCD8,0x0023FCFC,36
FUN_0023fd08,0x0023FD08,0x0023FD24,28
FUN_0023fda8,0x0023FDA8,0x0023FDB0,8
FUN_0023fdb0,0x0023FDB0,0x0023FE70,192
FUN_0023fe70,0x0023FE70,0x0023FEAC,60
FUN_0023feb0,0x0023FEB0,0x0023FEF8,72
FUN_0023fef8,0x0023FEF8,0x0023FF34,60
FUN_0023ff38,0x0023FF38,0x0023FF74,60
FUN_0023ff78,0x0023FF78,0x00240110,408
FUN_00240110,0x00240110,0x00240124,20
FUN_00240128,0x00240128,0x00240164,60
FUN_00240168,0x00240168,0x002403F8,656
FUN_002403f8,0x002403F8,0x002405F8,512
FUN_002405f8,0x002405F8,0x00240940,840
FUN_00240940,0x00240940,0x00240990,80
FUN_00240990,0x00240990,0x002409B4,36
FUN_00240aa0,0x00240AA0,0x00240AB4,20
FUN_00240ab8,0x00240AB8,0x00240AC8,16
FUN_00240ac8,0x00240AC8,0x00240AFC,52
FUN_00240b00,0x00240B00,0x00240BD8,216
FUN_00240bd8,0x00240BD8,0x00240BF8,32
FUN_00240bf8,0x00240BF8,0x00240C68,112
FUN_00240c68,0x00240C68,0x00240CD4,108
FUN_00240cd8,0x00240CD8,0x00240D44,108
FUN_00240d48,0x00240D48,0x00240DB4,108
FUN_00240db8,0x00240DB8,0x00241238,1152
FUN_00241238,0x00241238,0x00241298,96
FUN_00241298,0x00241298,0x002412C4,44
FUN_002412c8,0x002412C8,0x00241308,64
FUN_00241308,0x00241308,0x0024162C,804
FUN_00241630,0x00241630,0x00241814,484
FUN_00241818,0x00241818,0x00241958,320
FUN_00241958,0x00241958,0x00241980,40
FUN_00241980,0x00241980,0x002419C0,64
FUN_002419c0,0x002419C0,0x002419F4,52
FUN_002419f8,0x002419F8,0x00241E34,1084
FUN_00241e38,0x00241E38,0x00241E58,32
FUN_00241e58,0x00241E58,0x00241E8C,52
FUN_00241ea0,0x00241EA0,0x00241EC8,40
FUN_00241ec8,0x00241EC8,0x00241EF8,48
FUN_00241ef8,0x00241EF8,0x00241F10,24
FUN_00241f10,0x00241F10,0x0024204C,316
FUN_00242050,0x00242050,0x00242170,288
FUN_00242170,0x00242170,0x002425F0,1152
FUN_002425f0,0x002425F0,0x00242664,116
FUN_00242668,0x00242668,0x002426DC,116
FUN_002426e0,0x002426E0,0x0024279C,188
FUN_002427a0,0x002427A0,0x002428B8,280
FUN_002428b8,0x002428B8,0x00242960,168
FUN_00242960,0x00242960,0x002429E4,132
FUN_002429e8,0x002429E8,0x00242A6C,132
FUN_00242a70,0x00242A70,0x00242AC4,84
FUN_00242b08,0x00242B08,0x00242B44,60
FUN_00242b48,0x00242B48,0x00242B74,44
FUN_00242b78,0x00242B78,0x00242BA4,44
FUN_00242ba8,0x00242BA8,0x00242BD4,44
FUN_00242bd8,0x00242BD8,0x00242C04,44
FUN_00242c38,0x00242C38,0x00242C64,44
FUN_00242c68,0x00242C68,0x00242C94,44
FUN_00242c98,0x00242C98,0x00242CC4,44
FUN_00242cc8,0x00242CC8,0x00242CF4,44
FUN_00242cf8,0x00242CF8,0x00242D24,44
FUN_00242d28,0x00242D28,0x00242F18,496
FUN_00242f18,0x00242F18,0x00242F4C,52
FUN_00242f50,0x00242F50,0x00242F98,72
FUN_00242f98,0x00242F98,0x00242FE0,72
FUN_00242fe0,0x00242FE0,0x00243028,72
FUN_00243028,0x00243028,0x0024307C,84
FUN_00243080,0x00243080,0x002430D4,84
FUN_002430d8,0x002430D8,0x0024312C,84
FUN_00243160,0x00243160,0x00243190,48
FUN_00243190,0x00243190,0x00243244,180
FUN_00243248,0x00243248,0x002432BC,116
FUN_002432c0,0x002432C0,0x00243310,80
FUN_00243310,0x00243310,0x002433B8,168
FUN_002433b8,0x002433B8,0x0024346C,180
FUN_00243470,0x00243470,0x002434C4,84
FUN_002434c8,0x002434C8,0x00243564,156
FUN_00243568,0x00243568,0x002435C0,88
FUN_002435c0,0x002435C0,0x002435F8,56
FUN_002435f8,0x002435F8,0x00243628,48
FUN_00243628,0x00243628,0x00243678,80
FUN_00243678,0x00243678,0x00243690,24
FUN_00243690,0x00243690,0x002436A8,24
FUN_002436a8,0x002436A8,0x00243740,152
FUN_00243740,0x00243740,0x00243868,296
FUN_00243868,0x00243868,0x0024392C,196
FUN_00243930,0x00243930,0x00243948,24
FUN_00243948,0x00243948,0x00243960,24
FUN_00243960,0x00243960,0x00243978,24
FUN_00243978,0x00243978,0x00243990,24
FUN_00243990,0x00243990,0x002439A8,24
FUN_002439a8,0x002439A8,0x00243BC8,544
FUN_00243bc8,0x00243BC8,0x00243C44,124
FUN_00243c48,0x00243C48,0x00243CC4,124
FUN_00243cc8,0x00243CC8,0x00243CE0,24
FUN_00243ce0,0x00243CE0,0x00243D5C,124
FUN_00243d60,0x00243D60,0x00243E24,196
FUN_00243e28,0x00243E28,0x00243E40,24
FUN_00243e40,0x00243E40,0x00243E58,24
FUN_00243e58,0x00243E58,0x00243E70,24
FUN_00243e70,0x00243E70,0x00243E88,24
FUN_00243e88,0x00243E88,0x00243EA0,24
FUN_00243ea0,0x00243EA0,0x00243EB8,24
FUN_00243eb8,0x00243EB8,0x00243ED0,24
FUN_00243ed0,0x00243ED0,0x002440C8,504
FUN_002440c8,0x002440C8,0x002440F0,40
FUN_002440f0,0x002440F0,0x0024410C,28
FUN_00244110,0x00244110,0x00244134,36
FUN_00244138,0x00244138,0x0024414C,20
FUN_00244170,0x00244170,0x002441D4,100
FUN_002441d8,0x002441D8,0x00244220,72
FUN_00244220,0x00244220,0x00244280,96
FUN_00244280,0x00244280,0x00244464,484
FUN_002446b0,0x002446B0,0x002446EC,60
FUN_002446f0,0x002446F0,0x00244720,48
FUN_00244720,0x00244720,0x00244750,48
FUN_00244750,0x00244750,0x002447EC,156
FUN_002447f0,0x002447F0,0x00244830,64
FUN_00244830,0x00244830,0x00244870,64
FUN_00244870,0x00244870,0x00244880,16
FUN_00244890,0x00244890,0x00244BF4,868
FUN_00244bf8,0x00244BF8,0x00244C10,24
FUN_00244c10,0x00244C10,0x00244C88,120
FUN_00244c88,0x00244C88,0x00244C90,8
FUN_00244c90,0x00244C90,0x00244CFC,108
FUN_00244d00,0x00244D00,0x00244D70,112
FUN_00244d70,0x00244D70,0x00244DA4,52
FUN_00244da8,0x00244DA8,0x00244E1C,116
FUN_00244e20,0x00244E20,0x00245108,744
FUN_00245108,0x00245108,0x00245370,616
FUN_00245370,0x00245370,0x0024546C,252
FUN_00245470,0x00245470,0x002454A0,48
FUN_002454a0,0x002454A0,0x002454E0,64
FUN_002454e0,0x002454E0,0x00245664,388
FUN_00245668,0x00245668,0x002456E8,128
FUN_002456e8,0x002456E8,0x00245740,88
FUN_00245740,0x00245740,0x00245874,308
FUN_00245878,0x00245878,0x002458A8,48
FUN_002459b0,0x002459B0,0x00245A04,84
FUN_00245a08,0x00245A08,0x00245A34,44
FUN_00245a38,0x00245A38,0x00245A4C,20
FUN_00245a50,0x00245A50,0x00245DE8,920
FUN_00245de8,0x00245DE8,0x00245F58,368
FUN_00245f90,0x00245F90,0x00245FB8,40
FUN_00245fb8,0x00245FB8,0x00246184,460
FUN_00246188,0x00246188,0x002463B0,552
FUN_002463b0,0x002463B0,0x00246780,976
FUN_00246780,0x00246780,0x00246798,24
FUN_00246798,0x00246798,0x0024681C,132
FUN_00246820,0x00246820,0x00246828,8
FUN_00246828,0x00246828,0x00246870,72
FUN_00246870,0x00246870,0x00246888,24
FUN_00246970,0x00246970,0x002469F4,132
FUN_002469f8,0x002469F8,0x00246A24,44
FUN_00246a28,0x00246A28,0x00246A84,92
FUN_00246a88,0x00246A88,0x00246B1C,148
FUN_00246b20,0x00246B20,0x00246CCC,428
FUN_00246cd0,0x00246CD0,0x00246FB8,744
FUN_00246fb8,0x00246FB8,0x00247040,136
FUN_00247040,0x00247040,0x00247104,196
FUN_00247108,0x00247108,0x002472D8,464
FUN_002472d8,0x002472D8,0x002472FC,36
FUN_00247300,0x00247300,0x00247324,36
FUN_00247328,0x00247328,0x00247358,48
FUN_00247358,0x00247358,0x0024737C,36
FUN_002473c8,0x002473C8,0x002473D4,12
FUN_002473d8,0x002473D8,0x00247468,144
FUN_00247468,0x00247468,0x002474FC,148
FUN_00247500,0x00247500,0x00247578,120
FUN_00247578,0x00247578,0x0024765C,228
FUN_00247660,0x00247660,0x00247A68,1032
FUN_00247688,0x00247688,0x002476D8,80
FUN_002476d8,0x002476D8,0x00247720,72
FUN_00247720,0x00247720,0x00247778,88
FUN_00247778,0x00247778,0x002477D0,88
FUN_002477d0,0x002477D0,0x00247824,84
FUN_00247828,0x00247828,0x00247850,40
FUN_00247850,0x00247850,0x00247910,192
FUN_00247910,0x00247910,0x00247974,100
FUN_00247978,0x00247978,0x00247A60,232
FUN_00247a68,0x00247A68,0x00247AF4,140
FUN_00247af8,0x00247AF8,0x00247D30,568
FUN_00247d30,0x00247D30,0x00247D5C,44
FUN_00247d60,0x00247D60,0x00247D6C,12
FUN_00247d70,0x00247D70,0x00247D98,40
FUN_00247d98,0x00247D98,0x00247F50,440
FUN_00247f50,0x00247F50,0x00247F68,24
FUN_00247f68,0x00247F68,0x00247FE0,120
FUN_00247fe0,0x00247FE0,0x00247FE8,8
FUN_00247fe8,0x00247FE8,0x00248024,60
FUN_00248028,0x00248028,0x00248054,44
FUN_00248058,0x00248058,0x00248160,264
FUN_00248160,0x00248160,0x00248BE4,2692
FUN_00248be8,0x00248BE8,0x00248D20,312
FUN_00248d20,0x00248D20,0x00248D3C,28
FUN_00248d78,0x00248D78,0x00248DC8,80
FUN_00248dc8,0x00248DC8,0x00248E1C,84
FUN_00248e20,0x00248E20,0x00248E74,84
FUN_00248e78,0x00248E78,0x00248ECC,84
FUN_00248ed0,0x00248ED0,0x00248F24,84
FUN_00248f28,0x00248F28,0x00248F30,8
FUN_00248f30,0x00248F30,0x00248F38,8
FUN_00248f38,0x00248F38,0x00248FBC,132
FUN_00248fc0,0x00248FC0,0x00248FD4,20
FUN_00248fd8,0x00248FD8,0x00249000,40
FUN_00249000,0x00249000,0x00249054,84
FUN_00249058,0x00249058,0x00249094,60
FUN_00249098,0x00249098,0x002490DC,68
FUN_002490f8,0x002490F8,0x00249114,28
FUN_00249118,0x00249118,0x00249144,44
FUN_00249148,0x00249148,0x00249164,28
FUN_00249168,0x00249168,0x0024917C,20
FUN_00249180,0x00249180,0x00249240,192
FUN_00249240,0x00249240,0x002492E0,160
FUN_002492e0,0x002492E0,0x0024930C,44
FUN_00249310,0x00249310,0x0024933C,44
FUN_00249340,0x00249340,0x0024936C,44
FUN_00249370,0x00249370,0x0024939C,44
FUN_002493a0,0x002493A0,0x002493CC,44
FUN_002493d0,0x002493D0,0x00249404,52
FUN_00249408,0x00249408,0x0024941C,20
FUN_00249420,0x00249420,0x00249498,120
FUN_00249498,0x00249498,0x00249534,156
FUN_00249538,0x00249538,0x00249574,60
FUN_00249578,0x00249578,0x002495A0,40
FUN_002495a0,0x002495A0,0x002495B4,20
FUN_002495b8,0x002495B8,0x00249628,112
FUN_00249628,0x00249628,0x0024964C,36
FUN_00249650,0x00249650,0x00249684,52
FUN_00249688,0x00249688,0x002496A8,32
FUN_002496a8,0x002496A8,0x002496BC,20
FUN_002496c0,0x002496C0,0x002496E8,40
FUN_002496e8,0x002496E8,0x00249720,56
FUN_00249720,0x00249720,0x00249744,36
FUN_00249748,0x00249748,0x00249750,8
FUN_00249750,0x00249750,0x00249778,40
FUN_00249778,0x00249778,0x00249828,176
FUN_00249828,0x00249828,0x00249850,40
FUN_00249850,0x00249850,0x00249880,48
FUN_00249880,0x00249880,0x002498A0,32
FUN_002498a0,0x002498A0,0x00249910,112
FUN_00249910,0x00249910,0x002499AC,156
FUN_002499b0,0x002499B0,0x002499C8,24
FUN_002499c8,0x002499C8,0x00249A24,92
FUN_00249a28,0x00249A28,0x00249AB8,144
FUN_00249ab8,0x00249AB8,0x00249B58,160
FUN_00249b58,0x00249B58,0x00249BAC,84
FUN_00249bb0,0x00249BB0,0x00249BD8,40
FUN_00249bd8,0x00249BD8,0x00249C48,112
FUN_00249c48,0x00249C48,0x00249C5C,20
FUN_00249c60,0x00249C60,0x00249CBC,92
FUN_00249cd8,0x00249CD8,0x00249CEC,20
FUN_00249cf0,0x00249CF0,0x00249D80,144
FUN_00249d80,0x00249D80,0x00249DC0,64
FUN_00249dc0,0x00249DC0,0x0024A140,896
FUN_0024a140,0x0024A140,0x0024A2C0,384
FUN_0024a2c0,0x0024A2C0,0x0024A360,160
FUN_0024a360,0x0024A360,0x0024A3B0,80
FUN_0024a3b0,0x0024A3B0,0x0024A4B8,264
FUN_0024a4b8,0x0024A4B8,0x0024A7B0,760
FUN_0024a7b0,0x0024A7B0,0x0024A9CC,540
FUN_0024a9d0,0x0024A9D0,0x0024AB70,416
FUN_0024ab70,0x0024AB70,0x0024AD04,404
FUN_0024ad08,0x0024AD08,0x0024ADF8,240
FUN_0024adf8,0x0024ADF8,0x0024AF18,288
FUN_0024af18,0x0024AF18,0x0024B0C8,432
FUN_0024b0c8,0x0024B0C8,0x0024B0EC,36
FUN_0024b0f0,0x0024B0F0,0x0024B114,36
FUN_0024b118,0x0024B118,0x0024B158,64
FUN_0024b158,0x0024B158,0x0024B1DC,132
FUN_0024b1e0,0x0024B1E0,0x0024B234,84
FUN_0024b238,0x0024B238,0x0024B28C,84
FUN_0024b290,0x0024B290,0x0024B2E8,88
FUN_0024b2e8,0x0024B2E8,0x0024B304,28
FUN_0024b308,0x0024B308,0x0024B360,88
FUN_0024b360,0x0024B360,0x0024B3AC,76
FUN_0024b3b0,0x0024B3B0,0x0024B400,80
FUN_0024b400,0x0024B400,0x0024B450,80
FUN_0024b450,0x0024B450,0x0024B4C0,112
FUN_0024b4c0,0x0024B4C0,0x0024B510,80
FUN_0024b510,0x0024B510,0x0024B6E8,472
FUN_0024b6e8,0x0024B6E8,0x0024B7A8,192
FUN_0024b7a8,0x0024B7A8,0x0024B8A0,248
FUN_0024b8a0,0x0024B8A0,0x0024B90C,108
FUN_0024b910,0x0024B910,0x0024B9A8,152
FUN_0024b9a8,0x0024B9A8,0x0024BAC0,280
FUN_0024bac0,0x0024BAC0,0x0024BB10,80
FUN_0024bb10,0x0024BB10,0x0024BBA8,152
FUN_0024bba8,0x0024BBA8,0x0024BBE8,64
FUN_0024bbe8,0x0024BBE8,0x0024BF58,880
FUN_0024bf58,0x0024BF58,0x0024C1A4,588
FUN_0024c1a8,0x0024C1A8,0x0024C590,1000
FUN_0024c590,0x0024C590,0x0024C604,116
FUN_0024c608,0x0024C608,0x0024C664,92
FUN_0024c668,0x0024C668,0x0024C728,192
FUN_0024c728,0x0024C728,0x0024C7FC,212
FUN_0024c800,0x0024C800,0x0024C890,144
FUN_0024c890,0x0024C890,0x0024C954,196
FUN_0024c958,0x0024C958,0x0024CC84,812
FUN_0024cc88,0x0024CC88,0x0024D02C,932
FUN_0024d038,0x0024D038,0x0024D174,316
FUN_0024d178,0x0024D178,0x0024D238,192
FUN_0024d238,0x0024D238,0x0024D32C,244
FUN_0024d330,0x0024D330,0x0024D38C,92
FUN_0024d390,0x0024D390,0x0024D410,128
FUN_0024d410,0x0024D410,0x0024D498,136
FUN_0024d498,0x0024D498,0x0024D4CC,52
FUN_0024d4d0,0x0024D4D0,0x0024D514,68
FUN_0024d518,0x0024D518,0x0024D610,248
FUN_0024d610,0x0024D610,0x0024D770,352
FUN_0024d770,0x0024D770,0x0024D778,8
FUN_0024d778,0x0024D778,0x0024D794,28
FUN_0024d798,0x0024D798,0x0024D7F8,96
FUN_0024d7f8,0x0024D7F8,0x0024D908,272
FUN_0024d908,0x0024D908,0x0024D91C,20
FUN_0024d920,0x0024D920,0x0024D9D0,176
FUN_0024d9d0,0x0024D9D0,0x0024DB24,340
FUN_0024db28,0x0024DB28,0x0024DC58,304
FUN_0024dc58,0x0024DC58,0x0024DCB4,92
FUN_0024dcb8,0x0024DCB8,0x0024DD20,104
FUN_0024dd20,0x0024DD20,0x0024DD80,96
FUN_0024dd80,0x0024DD80,0x0024DDEC,108
FUN_0024ddf0,0x0024DDF0,0x0024E100,784
FUN_0024e100,0x0024E100,0x0024E238,312
FUN_0024e238,0x0024E238,0x0024E2AC,116
FUN_0024e2b0,0x0024E2B0,0x0024E3B4,260
FUN_0024e3b8,0x0024E3B8,0x0024E3F4,60
FUN_0024e3f8,0x0024E3F8,0x0024E4FC,260
FUN_0024e500,0x0024E500,0x0024E50C,12
FUN_0024e510,0x0024E510,0x0024E54C,60
FUN_0024e550,0x0024E550,0x0024E5A0,80
FUN_0024e5a0,0x0024E5A0,0x0024E5B4,20
FUN_0024e5b8,0x0024E5B8,0x0024E6B0,248
FUN_0024e6b0,0x0024E6B0,0x0024E6FC,76
FUN_0024e700,0x0024E700,0x0024E790,144
FUN_0024e790,0x0024E790,0x0024E810,128
FUN_0024e810,0x0024E810,0x0024E860,80
FUN_0024e860,0x0024E860,0x0024E868,8
FUN_0024e868,0x0024E868,0x0024E8E8,128
FUN_0024e8e8,0x0024E8E8,0x0024E910,40
FUN_0024e910,0x0024E910,0x0024E9C8,184
FUN_0024e9c8,0x0024E9C8,0x0024E9E0,24
FUN_0024e9e0,0x0024E9E0,0x0024EB2C,332
FUN_0024eb38,0x0024EB38,0x0024EB6C,52
FUN_0024eb70,0x0024EB70,0x0024EC80,272
FUN_0024ec80,0x0024EC80,0x0024ECBC,60
FUN_0024ecc0,0x0024ECC0,0x0024F170,1200
FUN_0024f170,0x0024F170,0x0024F194,36
FUN_0024f198,0x0024F198,0x0024F1F0,88
FUN_0024f1f0,0x0024F1F0,0x0024F264,116
FUN_0024f268,0x0024F268,0x0024F3EC,388
FUN_0024f3f0,0x0024F3F0,0x0024F428,56
FUN_0024f428,0x0024F428,0x0024F48C,100
FUN_0024f490,0x0024F490,0x0024F534,164
FUN_0024f538,0x0024F538,0x0024F564,44
FUN_0024f568,0x0024F568,0x0024F5D4,108
FUN_0024f5d8,0x0024F5D8,0x0024F860,648
FUN_0024f860,0x0024F860,0x0024F8A8,72
FUN_0024f8a8,0x0024F8A8,0x0024F930,136
FUN_0024f970,0x0024F970,0x0024F9B0,64
FUN_0024f9b0,0x0024F9B0,0x0024F9F0,64
FUN_0024f9f0,0x0024F9F0,0x0024FA08,24
FUN_0024fa08,0x0024FA08,0x0024FA20,24
FUN_0024fa20,0x0024FA20,0x0024FA50,48
FUN_0024fa50,0x0024FA50,0x0024FDA4,852
FUN_0024fda8,0x0024FDA8,0x0024FE78,208
FUN_0024fe78,0x0024FE78,0x0024FFE4,364
FUN_0024ffe8,0x0024FFE8,0x002500B0,200
FUN_002500b0,0x002500B0,0x002500E4,52
FUN_002500e8,0x002500E8,0x00250284,412
FUN_00250308,0x00250308,0x002504D0,456
FUN_00250508,0x00250508,0x00250570,104
FUN_00250570,0x00250570,0x002505A8,56
FUN_002505a8,0x002505A8,0x002505B8,16
FUN_002505d0,0x002505D0,0x00250828,600
FUN_00250828,0x00250828,0x00250888,96
FUN_00250888,0x00250888,0x0025093C,180
FUN_00250940,0x00250940,0x002509BC,124
FUN_002509c0,0x002509C0,0x00250B28,360
FUN_00250b28,0x00250B28,0x00250B84,92
FUN_00250b88,0x00250B88,0x00250C34,172
FUN_00250c38,0x00250C38,0x00250CB4,124
FUN_00250cb8,0x00250CB8,0x00250CD0,24
FUN_00250cd0,0x00250CD0,0x00250D34,100
FUN_00250d38,0x00250D38,0x00250D68,48
FUN_00250d68,0x00250D68,0x00250DAC,68
FUN_00250db0,0x00250DB0,0x00250DE8,56
FUN_00250de8,0x00250DE8,0x00251758,2416
FUN_00251758,0x00251758,0x00251940,488
FUN_00251940,0x00251940,0x00251A0C,204
FUN_00251a10,0x00251A10,0x00251A48,56
FUN_00251a48,0x00251A48,0x00252564,2844
FUN_00252568,0x00252568,0x002526E0,376
FUN_002526e0,0x002526E0,0x002527AC,204
FUN_002527b0,0x002527B0,0x00252A14,612
FUN_00252a18,0x00252A18,0x00252A34,28
FUN_00252a38,0x00252A38,0x00252A90,88
FUN_00252a90,0x00252A90,0x00252AC8,56
FUN_00252ac8,0x00252AC8,0x00252AD8,16
FUN_00252ad8,0x00252AD8,0x00252AE4,12
FUN_00252ae8,0x00252AE8,0x00252B0C,36
FUN_00252b10,0x00252B10,0x00252BA4,148
FUN_00252ba8,0x00252BA8,0x00252BE8,64
FUN_00252be8,0x00252BE8,0x00252C10,40
FUN_00252c18,0x00252C18,0x00252C60,72
FUN_00252c60,0x00252C60,0x00252C8C,44
FUN_00252ce8,0x00252CE8,0x00252D14,44
FUN_00252d78,0x00252D78,0x00252DA4,44
FUN_00252da8,0x00252DA8,0x00252EC4,284
FUN_00252ec8,0x00252EC8,0x00252F10,72
FUN_00252f10,0x00252F10,0x00252F44,52
FUN_00252f48,0x00252F48,0x00252F64,28
FUN_00252f68,0x00252F68,0x00252FBC,84
FUN_00252fc0,0x00252FC0,0x00253138,376
FUN_00253138,0x00253138,0x00253190,88
FUN_00253190,0x00253190,0x002531C4,52
FUN_002531c8,0x002531C8,0x0025326C,164
FUN_00253270,0x00253270,0x002532A4,52
FUN_002532a8,0x002532A8,0x00253314,108
FUN_00253318,0x00253318,0x002534B4,412
FUN_002534b8,0x002534B8,0x00253600,328
FUN_00253608,0x00253608,0x002537C4,444
FUN_002537c8,0x002537C8,0x00253970,424
FUN_00253970,0x00253970,0x00253B28,440
FUN_00253b28,0x00253B28,0x00253CD8,432
FUN_00253ce8,0x00253CE8,0x00253DCC,228
FUN_00253dd0,0x00253DD0,0x00253EB8,232
FUN_00253ed8,0x00253ED8,0x00253F2C,84
FUN_00253f30,0x00253F30,0x002540A8,376
FUN_002540a8,0x002540A8,0x00254100,88
FUN_00254100,0x00254100,0x00254134,52
FUN_00254138,0x00254138,0x002541DC,164
FUN_002541e0,0x002541E0,0x00254214,52
FUN_00254218,0x00254218,0x00254284,108
FUN_00254288,0x00254288,0x00254424,412
FUN_00254428,0x00254428,0x00254570,328
FUN_00254578,0x00254578,0x00254768,496
FUN_00254768,0x00254768,0x00254940,472
FUN_00254958,0x00254958,0x00254A0C,180
FUN_00254a20,0x00254A20,0x00254A9C,124
FUN_00254aa0,0x00254AA0,0x00254C34,404
FUN_00254c38,0x00254C38,0x00254D70,312
FUN_00254d70,0x00254D70,0x00254DE4,116
FUN_00254de8,0x00254DE8,0x00254E28,64
FUN_00254e28,0x00254E28,0x00254E30,8
FUN_00254e30,0x00254E30,0x00254E68,56
FUN_00254e68,0x00254E68,0x00254F0C,164
FUN_00254f10,0x00254F10,0x00254F44,52
FUN_00254f48,0x00254F48,0x00254F80,56
FUN_00254f80,0x00254F80,0x00254FDC,92
FUN_00254fe0,0x00254FE0,0x00255078,152
FUN_00255078,0x00255078,0x002550F4,124
FUN_002550f8,0x002550F8,0x00255168,112
FUN_00255168,0x00255168,0x002551E0,120
FUN_002551e0,0x002551E0,0x00255250,112
FUN_00255250,0x00255250,0x0025537C,300
FUN_00255380,0x00255380,0x002554B4,308
FUN_002554b8,0x002554B8,0x002554D8,32
FUN_002554d8,0x002554D8,0x00255504,44
FUN_00255508,0x00255508,0x00255544,60
FUN_00255580,0x00255580,0x002555FC,124
FUN_00255600,0x00255600,0x00255690,144
FUN_00255690,0x00255690,0x00255710,128
FUN_00255728,0x00255728,0x00255730,8
FUN_002557a8,0x002557A8,0x002557E4,60
FUN_002557e8,0x002557E8,0x0025583C,84
FUN_00255840,0x00255840,0x00255898,88
FUN_00255898,0x00255898,0x002558B4,28
FUN_002558b8,0x002558B8,0x002558D4,28
FUN_002558d8,0x002558D8,0x002558E8,16
FUN_002558e8,0x002558E8,0x002558FC,20
FUN_00255918,0x00255918,0x0025592C,20
FUN_00255930,0x00255930,0x00255974,68
FUN_00255978,0x00255978,0x002559BC,68
FUN_002559c0,0x002559C0,0x00255A40,128
FUN_00255a40,0x00255A40,0x00255AC8,136
FUN_00255ac8,0x00255AC8,0x00255B28,96
FUN_00255b28,0x00255B28,0x00255B88,96
FUN_00255b88,0x00255B88,0x00255BD4,76
FUN_00255bd8,0x00255BD8,0x00255BF0,24
FUN_00255bf0,0x00255BF0,0x00255C08,24
FUN_00255c20,0x00255C20,0x00255C34,20
FUN_00255c38,0x00255C38,0x00255C94,92
FUN_00255ca8,0x00255CA8,0x00255CBC,20
FUN_00255cd8,0x00255CD8,0x00255CEC,20
FUN_00255cf0,0x00255CF0,0x00255D20,48
FUN_00255d20,0x00255D20,0x00255D48,40
FUN_00255d48,0x00255D48,0x00255DC0,120
FUN_00255dc0,0x00255DC0,0x00255E38,120
FUN_00255e38,0x00255E38,0x00255E70,56
FUN_00255e70,0x00255E70,0x00255E84,20
FUN_00255e88,0x00255E88,0x00255EE4,92
FUN_00255ee8,0x00255EE8,0x00255F50,104
FUN_00255f50,0x00255F50,0x00255F84,52
FUN_00255f88,0x00255F88,0x00255FEC,100
FUN_00255ff0,0x00255FF0,0x00256028,56
FUN_00256028,0x00256028,0x00256038,16
FUN_00256038,0x00256038,0x002560A0,104
FUN_002560a0,0x002560A0,0x002560B8,24
FUN_002560b8,0x002560B8,0x002560F0,56
FUN_002560f0,0x002560F0,0x00256124,52
FUN_00256128,0x00256128,0x00256130,8
FUN_00256158,0x00256158,0x00256168,16
FUN_00256168,0x00256168,0x00256178,16
FUN_00256178,0x00256178,0x00256188,16
FUN_00256188,0x00256188,0x00256198,16
FUN_00256198,0x00256198,0x002561A8,16
FUN_002561a8,0x002561A8,0x002561B8,16
FUN_002561b8,0x002561B8,0x002561E0,40
FUN_002561e0,0x002561E0,0x00256208,40
FUN_00256208,0x00256208,0x00256230,40
FUN_00256230,0x00256230,0x00256258,40
FUN_00256258,0x00256258,0x00256280,40
FUN_00256280,0x00256280,0x002562A8,40
FUN_002562a8,0x002562A8,0x00256380,216
FUN_00256380,0x00256380,0x0025639C,28
FUN_002563a0,0x002563A0,0x002564B4,276
FUN_002564b8,0x002564B8,0x002565C0,264
FUN_002565c0,0x002565C0,0x002565F0,48
FUN_002565f0,0x002565F0,0x00256634,68
FUN_00256638,0x00256638,0x0025673C,260
FUN_00256740,0x00256740,0x0025678C,76
FUN_002567c0,0x002567C0,0x00256844,132
FUN_00256848,0x00256848,0x002568F4,172
FUN_002568f8,0x002568F8,0x00256AC8,464
FUN_00256ac8,0x00256AC8,0x00256B58,144
FUN_00256b58,0x00256B58,0x00256C38,224
FUN_00256c38,0x00256C38,0x00256CB8,128
FUN_00256cb8,0x00256CB8,0x00256E00,328
FUN_00256e00,0x00256E00,0x00256F5C,348
FUN_00256f60,0x00256F60,0x00257058,248
FUN_00257058,0x00257058,0x00257120,200
FUN_00257120,0x00257120,0x002571FC,220
FUN_00257200,0x00257200,0x00257234,52
FUN_00257238,0x00257238,0x002574F0,696
FUN_002574f0,0x002574F0,0x002577B0,704
FUN_002577b0,0x002577B0,0x002577F4,68
FUN_002577f8,0x002577F8,0x0025782C,52
FUN_00257850,0x00257850,0x00257870,32
FUN_00257870,0x00257870,0x002579BC,332
FUN_002579c0,0x002579C0,0x002579DC,28
FUN_002579e0,0x002579E0,0x00257A40,96
FUN_00257a50,0x00257A50,0x00257AAC,92
FUN_00257ab0,0x00257AB0,0x00257AE4,52
FUN_00257ae8,0x00257AE8,0x00257B80,152
FUN_00257b80,0x00257B80,0x00257D9C,540
FUN_00257da0,0x00257DA0,0x00257E7C,220
FUN_00257e80,0x00257E80,0x00257EB4,52
FUN_00257eb8,0x00257EB8,0x00257F20,104
FUN_00257f20,0x00257F20,0x00257F40,32
FUN_00257f40,0x00257F40,0x00257F5C,28
FUN_00257f60,0x00257F60,0x00257FC8,104
FUN_00257fc8,0x00257FC8,0x00257FE8,32
FUN_00257fe8,0x00257FE8,0x00258004,28
FUN_00258008,0x00258008,0x00258034,44
FUN_00258038,0x00258038,0x00258050,24
FUN_00258050,0x00258050,0x00258098,72
FUN_00258098,0x00258098,0x00258140,168
FUN_00258140,0x00258140,0x00258174,52
FUN_00258178,0x00258178,0x002581A4,44
FUN_002581a8,0x002581A8,0x002581E0,56
FUN_002581e0,0x002581E0,0x002581E8,8
FUN_002581e8,0x002581E8,0x00258248,96
FUN_00258248,0x00258248,0x00258268,32
FUN_00258268,0x00258268,0x0025828C,36
FUN_00258290,0x00258290,0x002582B0,32
FUN_002582b0,0x002582B0,0x002582D8,40
FUN_002582d8,0x002582D8,0x0025833C,100
FUN_00258340,0x00258340,0x0025846C,300
FUN_00258470,0x00258470,0x002585C4,340
FUN_002585c8,0x002585C8,0x002585EC,36
FUN_002585f0,0x002585F0,0x00258614,36
FUN_00258618,0x00258618,0x00258634,28
FUN_00258638,0x00258638,0x00258674,60
FUN_00258678,0x00258678,0x002586B0,56
FUN_002586b0,0x002586B0,0x002586E0,48
FUN_002586e0,0x002586E0,0x00258710,48
FUN_00258710,0x00258710,0x00258724,20
FUN_00258728,0x00258728,0x00258748,32
FUN_00258748,0x00258748,0x0025880C,196
FUN_002589a8,0x002589A8,0x002589C4,28
FUN_002589c8,0x002589C8,0x002589D0,8
FUN_002589d0,0x002589D0,0x002589DC,12
FUN_002589e0,0x002589E0,0x002589EC,12
FUN_002589f0,0x002589F0,0x00258A60,112
FUN_00258a60,0x00258A60,0x00258A98,56
FUN_00258a98,0x00258A98,0x00258AD0,56
FUN_00258ad0,0x00258AD0,0x00258AFC,44
FUN_00258b00,0x00258B00,0x00258B1C,28
FUN_00258b20,0x00258B20,0x00258B5C,60
FUN_00258b60,0x00258B60,0x00258BF8,152
FUN_00258bf8,0x00258BF8,0x00258C14,28
FUN_00258c18,0x00258C18,0x00258C54,60
FUN_00258c58,0x00258C58,0x00258C94,60
FUN_00258c98,0x00258C98,0x00258D1C,132
FUN_00258d20,0x00258D20,0x00258D94,116
FUN_00258d98,0x00258D98,0x00258DAC,20
FUN_00258db0,0x00258DB0,0x00258DB8,8
FUN_00258db8,0x00258DB8,0x00259008,592
FUN_00259008,0x00259008,0x0025902C,36
FUN_00259030,0x00259030,0x00259070,64
FUN_00259070,0x00259070,0x00259284,532
FUN_00259288,0x00259288,0x002592D4,76
FUN_002592d8,0x002592D8,0x00259360,136
FUN_00259360,0x00259360,0x002593CC,108
FUN_002593d0,0x002593D0,0x002593DC,12
FUN_002593e0,0x002593E0,0x002593EC,12
FUN_002593f0,0x002593F0,0x00259418,40
FUN_00259418,0x00259418,0x0025943C,36
FUN_00259440,0x00259440,0x00259468,40
FUN_00259468,0x00259468,0x0025948C,36
FUN_00259490,0x00259490,0x002594AC,28
FUN_002594b0,0x002594B0,0x002594C4,20
FUN_002594c8,0x002594C8,0x002594E8,32
FUN_002594e8,0x002594E8,0x00259510,40
FUN_00259510,0x00259510,0x00259524,20
FUN_00259528,0x00259528,0x00259534,12
FUN_00259538,0x00259538,0x00259570,56
FUN_00259570,0x00259570,0x0025967C,268
FUN_00259680,0x00259680,0x002596E0,96
FUN_002596e0,0x002596E0,0x00259720,64
FUN_00259720,0x00259720,0x00259764,68
FUN_00259768,0x00259768,0x002597A0,56
FUN_002597a0,0x002597A0,0x00259860,192
FUN_00259860,0x00259860,0x002598C4,100
FUN_002598c8,0x002598C8,0x0025990C,68
FUN_00259910,0x00259910,0x002599E8,216
FUN_002599e8,0x002599E8,0x00259A14,44
FUN_00259a18,0x00259A18,0x00259AD0,184
FUN_00259ad0,0x00259AD0,0x00259C20,336
FUN_00259c20,0x00259C20,0x00259D8C,364
FUN_00259d90,0x00259D90,0x00259E20,144
FUN_00259e20,0x00259E20,0x00259E40,32
FUN_00259e40,0x00259E40,0x00259E64,36
FUN_00259e68,0x00259E68,0x00259EB0,72
FUN_00259eb0,0x00259EB0,0x00259EC4,20
FUN_00259ec8,0x00259EC8,0x00259FAC,228
FUN_00259fb0,0x00259FB0,0x00259FE0,48
FUN_00259fe0,0x00259FE0,0x0025A068,136
FUN_0025a068,0x0025A068,0x0025A0A4,60
FUN_0025a0a8,0x0025A0A8,0x0025A2D8,560
FUN_0025a2d8,0x0025A2D8,0x0025A3C4,236
FUN_0025a3c8,0x0025A3C8,0x0025A438,112
FUN_0025a438,0x0025A438,0x0025A4F4,188
FUN_0025a4f8,0x0025A4F8,0x0025A534,60
FUN_0025a538,0x0025A538,0x0025A574,60
FUN_0025a578,0x0025A578,0x0025A5B4,60
FUN_0025a5b8,0x0025A5B8,0x0025A5F4,60
FUN_0025a5f8,0x0025A5F8,0x0025A628,48
FUN_0025a628,0x0025A628,0x0025A664,60
FUN_0025a668,0x0025A668,0x0025A6A4,60
FUN_0025a6a8,0x0025A6A8,0x0025A7CC,292
FUN_0025a7d0,0x0025A7D0,0x0025A810,64
FUN_0025a810,0x0025A810,0x0025A900,240
FUN_0025a900,0x0025A900,0x0025A9F0,240
FUN_0025a9f0,0x0025A9F0,0x0025AA30,64
FUN_0025aa30,0x0025AA30,0x0025AA38,8
FUN_0025aa38,0x0025AA38,0x0025AAA0,104
FUN_0025aaa0,0x0025AAA0,0x0025AAF4,84
FUN_0025aaf8,0x0025AAF8,0x0025ADB8,704
FUN_0025adb8,0x0025ADB8,0x0025ADF8,64
FUN_0025adf8,0x0025ADF8,0x0025AE68,112
FUN_0025ae68,0x0025AE68,0x0025AE98,48
FUN_0025ae98,0x0025AE98,0x0025AF74,220
FUN_0025af78,0x0025AF78,0x0025B154,476
FUN_0025b158,0x0025B158,0x0025B1DC,132
FUN_0025b1e0,0x0025B1E0,0x0025B284,164
FUN_0025b288,0x0025B288,0x0025B2C0,56
FUN_0025b2c0,0x0025B2C0,0x0025B2C8,8
FUN_0025b2c8,0x0025B2C8,0x0025B33C,116
FUN_0025b340,0x0025B340,0x0025B4F8,440
FUN_0025b4f8,0x0025B4F8,0x0025B5B8,192
FUN_0025b5b8,0x0025B5B8,0x0025B7AC,500
FUN_0025b7b0,0x0025B7B0,0x0025B840,144
FUN_0025b840,0x0025B840,0x0025B8FC,188
FUN_0025b900,0x0025B900,0x0025B9A0,160
FUN_0025b9a0,0x0025B9A0,0x0025BA08,104
FUN_0025ba08,0x0025BA08,0x0025BBAC,420
FUN_0025bbb0,0x0025BBB0,0x0025BE54,676
FUN_0025be58,0x0025BE58,0x0025C17C,804
FUN_0025c180,0x0025C180,0x0025C1F0,112
FUN_0025c1f0,0x0025C1F0,0x0025C2A4,180
FUN_0025c2a8,0x0025C2A8,0x0025C610,872
FUN_0025c610,0x0025C610,0x0025C648,56
FUN_0025c648,0x0025C648,0x0025CC38,1520
FUN_0025cc38,0x0025CC38,0x0025CC70,56
FUN_0025cc70,0x0025CC70,0x0025CC98,40
FUN_0025cc98,0x0025CC98,0x0025CCD0,56
FUN_0025ccd0,0x0025CCD0,0x0025CCE4,20
FUN_0025cce8,0x0025CCE8,0x0025CFBC,724
FUN_0025cfc0,0x0025CFC0,0x0025D0C0,256
FUN_0025d0c0,0x0025D0C0,0x0025D0F8,56
FUN_0025d0f8,0x0025D0F8,0x0025D1B0,184
FUN_0025d1b0,0x0025D1B0,0x0025D1F8,72
FUN_0025d1f8,0x0025D1F8,0x0025D240,72
FUN_0025d268,0x0025D268,0x0025D28C,36
FUN_0025d290,0x0025D290,0x0025D390,256
FUN_0025d390,0x0025D390,0x0025D3C8,56
FUN_0025d3c8,0x0025D3C8,0x0025D3F0,40
FUN_0025d3f0,0x0025D3F0,0x0025D414,36
FUN_0025d418,0x0025D418,0x0025D43C,36
FUN_0025d468,0x0025D468,0x0025D494,44
FUN_0025d498,0x0025D498,0x0025D4D4,60
FUN_0025d4d8,0x0025D4D8,0x0025D4F8,32
FUN_0025d4f8,0x0025D4F8,0x0025D530,56
FUN_0025d530,0x0025D530,0x0025D538,8
FUN_0025d538,0x0025D538,0x0025D544,12
FUN_0025d548,0x0025D548,0x0025D554,12
FUN_0025d558,0x0025D558,0x0025D564,12
FUN_0025d568,0x0025D568,0x0025D574,12
FUN_0025d578,0x0025D578,0x0025D638,192
FUN_0025d638,0x0025D638,0x0025D850,536
FUN_0025d850,0x0025D850,0x0025D8CC,124
FUN_0025d8d0,0x0025D8D0,0x0025D948,120
FUN_0025d948,0x0025D948,0x0025D9C0,120
FUN_0025d9c0,0x0025D9C0,0x0025DA58,152
FUN_0025da58,0x0025DA58,0x0025DC0C,436
FUN_0025dc10,0x0025DC10,0x0025DC1C,12
FUN_0025dc20,0x0025DC20,0x0025DDB0,400
FUN_0025ddb0,0x0025DDB0,0x0025DE64,180
FUN_0025de68,0x0025DE68,0x0025DF30,200
FUN_0025df30,0x0025DF30,0x0025DFF8,200
FUN_0025dff8,0x0025DFF8,0x0025E11C,292
FUN_0025e120,0x0025E120,0x0025E190,112
FUN_0025e190,0x0025E190,0x0025E300,368
FUN_0025e300,0x0025E300,0x0025E370,112
FUN_0025e370,0x0025E370,0x0025E45C,236
FUN_0025e460,0x0025E460,0x0025E5E4,388
FUN_0025e5e8,0x0025E5E8,0x0025E728,320
FUN_0025e728,0x0025E728,0x0025E824,252
FUN_0025e828,0x0025E828,0x0025E864,60
FUN_0025e868,0x0025E868,0x0025EA4C,484
FUN_0025ea50,0x0025EA50,0x0025EC74,548
FUN_0025ec78,0x0025EC78,0x0025ECC8,80
FUN_0025ecc8,0x0025ECC8,0x0025EF94,716
FUN_0025efc8,0x0025EFC8,0x0025F044,124
FUN_0025f0d0,0x0025F0D0,0x0025F18C,188
FUN_0025f190,0x0025F190,0x0025F244,180
FUN_0025f2e8,0x0025F2E8,0x0025F380,152
FUN_0025f458,0x0025F458,0x0025F4C4,108
FUN_0025f4c8,0x0025F4C8,0x0025F570,168
FUN_0025f570,0x0025F570,0x0025F610,160
FUN_0025f610,0x0025F610,0x0025FC4C,1596
FUN_0025fe00,0x0025FE00,0x00260010,528
FUN_00260010,0x00260010,0x00260018,8
FUN_00260018,0x00260018,0x00260020,8
FUN_00260020,0x00260020,0x0026002C,12
FUN_00260030,0x00260030,0x00260050,32
FUN_00260050,0x00260050,0x0026007C,44
FUN_002600b0,0x002600B0,0x002600C4,20
FUN_002600c8,0x002600C8,0x002600DC,20
FUN_002600e0,0x002600E0,0x00260118,56
FUN_00260118,0x00260118,0x0026013C,36
FUN_00260140,0x00260140,0x00260158,24
FUN_00260158,0x00260158,0x002604C0,872
FUN_002604c0,0x002604C0,0x00260900,1088
FUN_00260900,0x00260900,0x00260D20,1056
FUN_00260fb0,0x00260FB0,0x0026112C,380
FUN_00261130,0x00261130,0x002612B0,384
FUN_002612b0,0x002612B0,0x00261400,336
FUN_002614b0,0x002614B0,0x00261574,196
FUN_00261578,0x00261578,0x00261594,28
FUN_00261598,0x00261598,0x002615C0,40
FUN_002615c0,0x002615C0,0x00261650,144
FUN_00261738,0x00261738,0x0026178C,84
FUN_00261790,0x00261790,0x002617EC,92
FUN_002617f0,0x002617F0,0x00261A54,612
FUN_00261b90,0x00261B90,0x00261C74,228
FUN_00261c78,0x00261C78,0x00261D0C,148
FUN_00261d10,0x00261D10,0x00261EA8,408
FUN_00261ea8,0x00261EA8,0x00261EB0,8
FUN_00261eb0,0x00261EB0,0x00261ED4,36
FUN_00261ed8,0x00261ED8,0x00262890,2488
FUN_00262890,0x00262890,0x00262A18,392
FUN_00262a18,0x00262A18,0x00262A64,76
FUN_00262a68,0x00262A68,0x00262AEC,132
FUN_00262af0,0x00262AF0,0x00262B2C,60
FUN_00262b30,0x00262B30,0x00262B78,72
FUN_00262b78,0x00262B78,0x00262BBC,68
FUN_00262bc0,0x00262BC0,0x00262BC8,8
FUN_00262bc8,0x00262BC8,0x00262BD4,12
FUN_00262bd8,0x00262BD8,0x00262C28,80
FUN_00262c30,0x00262C30,0x00262E70,576
FUN_00262e70,0x00262E70,0x00262F6C,252
FUN_00262f70,0x00262F70,0x00262FF0,128
FUN_00263028,0x00263028,0x00263030,8
FUN_00263030,0x00263030,0x0026303C,12
FUN_00263098,0x00263098,0x002630A0,8
FUN_002630a0,0x002630A0,0x002630A8,8
FUN_002630b0,0x002630B0,0x002630B8,8
FUN_002630d8,0x002630D8,0x002630E0,8
FUN_002630e8,0x002630E8,0x00263198,176
FUN_00263198,0x00263198,0x0026323C,164
FUN_00263240,0x00263240,0x00263278,56
FUN_00263278,0x00263278,0x00263478,512
FUN_00263478,0x00263478,0x00263490,24
FUN_00263490,0x00263490,0x002634D8,72
FUN_002634d8,0x002634D8,0x00263504,44
FUN_00263508,0x00263508,0x00263558,80
FUN_00263558,0x00263558,0x002635B0,88
FUN_002635b0,0x002635B0,0x002635C8,24
FUN_002635c8,0x002635C8,0x002636F8,304
FUN_002636f8,0x002636F8,0x00263F54,2140
FUN_00263f58,0x00263F58,0x00264094,316
FUN_00264098,0x00264098,0x002642F4,604
FUN_002642f8,0x002642F8,0x00264398,160
FUN_00264398,0x00264398,0x002649A4,1548
FUN_002649a8,0x002649A8,0x00264A50,168
FUN_00264a58,0x00264A58,0x00264A8C,52
FUN_00264a90,0x00264A90,0x00264AAC,28
FUN_00264ab8,0x00264AB8,0x00264AF0,56
FUN_00264af0,0x00264AF0,0x00264B14,36
FUN_00264b18,0x00264B18,0x00264B64,76
FUN_00264b68,0x00264B68,0x00264BCC,100
FUN_00264bd0,0x00264BD0,0x00264BEC,28
FUN_00264bf0,0x00264BF0,0x00264D70,384
FUN_00264d70,0x00264D70,0x00264D90,32
FUN_00264d90,0x00264D90,0x00264D98,8
FUN_00264d98,0x00264D98,0x00264E18,128
FUN_00264e18,0x00264E18,0x00264EC0,168
FUN_00264ec0,0x00264EC0,0x00264F6C,172
FUN_00264f78,0x00264F78,0x00264FF8,128
FUN_00264ff8,0x00264FF8,0x002650D8,224
FUN_002650d8,0x002650D8,0x002650E8,16
FUN_002650e8,0x002650E8,0x00265104,28
FUN_00265108,0x00265108,0x002651BC,180
FUN_002651c0,0x002651C0,0x00265294,212
FUN_00265298,0x00265298,0x00265414,380
FUN_00265418,0x00265418,0x00265470,88
FUN_00265470,0x00265470,0x0026549C,44
FUN_002654a0,0x002654A0,0x002654C4,36
FUN_002654d8,0x002654D8,0x00265528,80
FUN_00265528,0x00265528,0x00265578,80
FUN_00265578,0x00265578,0x00265654,220
FUN_00265658,0x00265658,0x00265698,64
FUN_00265728,0x00265728,0x002657B0,136
FUN_002657b0,0x002657B0,0x00265800,80
FUN_00265800,0x00265800,0x00265850,80
FUN_00265850,0x00265850,0x0026596C,284
FUN_00265970,0x00265970,0x0026599C,44
FUN_002659a0,0x002659A0,0x00265A1C,124
FUN_00265aa0,0x00265AA0,0x00265AD0,48
FUN_00265ad0,0x00265AD0,0x00265B14,68
FUN_00265b18,0x00265B18,0x00265B44,44
FUN_00265b48,0x00265B48,0x00265B7C,52
FUN_00265b80,0x00265B80,0x00265BFC,124
FUN_00265c00,0x00265C00,0x00265C7C,124
FUN_00265c80,0x00265C80,0x00265C98,24
FUN_00265c98,0x00265C98,0x00265CC4,44
FUN_00265cc8,0x00265CC8,0x00265CE4,28
FUN_00265d00,0x00265D00,0x00265D1C,28
FUN_00265d38,0x00265D38,0x00265D50,24
FUN_00265d50,0x00265D50,0x00265D68,24
FUN_00265d68,0x00265D68,0x00265D94,44
FUN_00265d98,0x00265D98,0x00265DB4,28
FUN_00265db8,0x00265DB8,0x00265DD0,24
FUN_00265dd0,0x00265DD0,0x00265DEC,28
FUN_00265e08,0x00265E08,0x00265E20,24
FUN_00265e20,0x00265E20,0x00265E38,24
FUN_00265e38,0x00265E38,0x00265E98,96
FUN_00265e98,0x00265E98,0x00265EB4,28
FUN_00265eb8,0x00265EB8,0x00265ED0,24
FUN_00265ed0,0x00265ED0,0x00265EEC,28
FUN_00265f08,0x00265F08,0x00265F24,28
FUN_00265f40,0x00265F40,0x00265F58,24
FUN_00265f58,0x00265F58,0x00265F70,24
FUN_00265f70,0x00265F70,0x00265F88,24
FUN_00265f88,0x00265F88,0x00265FA0,24
FUN_00265fa0,0x00265FA0,0x00265FB8,24
FUN_00265fb8,0x00265FB8,0x00265FD4,28
FUN_00265ff0,0x00265FF0,0x0026600C,28
FUN_00266028,0x00266028,0x00266040,24
FUN_00266040,0x00266040,0x00266058,24
FUN_00266058,0x00266058,0x00266070,24
FUN_00266070,0x00266070,0x00266088,24
FUN_00266088,0x00266088,0x002662A4,540
FUN_002662a8,0x002662A8,0x00266600,856
FUN_00266608,0x00266608,0x00266650,72
FUN_00266650,0x00266650,0x0026669C,76
FUN_002666a0,0x002666A0,0x002666E8,72
FUN_002666e8,0x002666E8,0x00266724,60
FUN_00266728,0x00266728,0x00266754,44
FUN_00266758,0x00266758,0x00266804,172
FUN_00266808,0x00266808,0x00266854,76
FUN_00266858,0x00266858,0x00266A0C,436
FUN_00266a10,0x00266A10,0x00266AA4,148
FUN_00266aa8,0x00266AA8,0x00266B3C,148
FUN_00266b40,0x00266B40,0x00266BD4,148
FUN_00266bd8,0x00266BD8,0x00266CC0,232
FUN_00266cc0,0x00266CC0,0x00266CC8,8
FUN_00266cc8,0x00266CC8,0x00266D7C,180
FUN_00266d80,0x00266D80,0x00266F10,400
FUN_00266f10,0x00266F10,0x00266FA0,144
FUN_00266fa0,0x00266FA0,0x00266FDC,60
FUN_00266fe0,0x00266FE0,0x00267044,100
FUN_00267048,0x00267048,0x002670B4,108
FUN_002670b8,0x002670B8,0x00267390,728
FUN_00267398,0x00267398,0x0026749C,260
FUN_002674a0,0x002674A0,0x0026756C,204
FUN_00267570,0x00267570,0x00267584,20
FUN_00267588,0x00267588,0x002675D4,76
FUN_002675d8,0x002675D8,0x002676F8,288
FUN_002676f8,0x002676F8,0x00267958,608
FUN_00267958,0x00267958,0x00267998,64
FUN_00267998,0x00267998,0x00267AB8,288
FUN_00267ab8,0x00267AB8,0x00267AC4,12
FUN_00267ac8,0x00267AC8,0x00267AFC,52
FUN_00267b00,0x00267B00,0x00267B8C,140
FUN_00267b90,0x00267B90,0x00267BB4,36
FUN_00267bb8,0x00267BB8,0x00267BC8,16
FUN_00267bc8,0x00267BC8,0x00267CDC,276
FUN_00267ce0,0x00267CE0,0x00267DC0,224
FUN_00267dc0,0x00267DC0,0x00267F98,472
FUN_00267f98,0x00267F98,0x00268188,496
FUN_00268188,0x00268188,0x00268208,128
FUN_00268208,0x00268208,0x0026821C,20
FUN_00268248,0x00268248,0x002684E4,668
FUN_002684e8,0x002684E8,0x00268674,396
FUN_00268678,0x00268678,0x0026889C,548
FUN_002688a0,0x002688A0,0x00268930,144
FUN_00268930,0x00268930,0x00268B24,500
FUN_00268b28,0x00268B28,0x00268B60,56
FUN_00268b60,0x00268B60,0x00268DAC,588
FUN_00268db0,0x00268DB0,0x00268F78,456
FUN_00268f78,0x00268F78,0x00269130,440
FUN_00269130,0x00269130,0x0026913C,12
FUN_00269150,0x00269150,0x0026915C,12
FUN_00269170,0x00269170,0x0026917C,12
FUN_00269180,0x00269180,0x0026918C,12
FUN_00269190,0x00269190,0x002691E8,88
FUN_002691e8,0x002691E8,0x002691FC,20
FUN_00269200,0x00269200,0x00269214,20
FUN_00269228,0x00269228,0x002692D4,172
FUN_002692d8,0x002692D8,0x00269304,44
FUN_00269308,0x00269308,0x00269350,72
FUN_00269350,0x00269350,0x002693B8,104
FUN_002693b8,0x002693B8,0x002693D4,28
FUN_00269440,0x00269440,0x002694BC,124
FUN_002694c0,0x002694C0,0x00269528,104
FUN_00269528,0x00269528,0x00269550,40
FUN_00269550,0x00269550,0x002695D8,136
FUN_002695d8,0x002695D8,0x00269654,124
FUN_00269658,0x00269658,0x002696C0,104
FUN_002696c0,0x002696C0,0x002696E8,40
FUN_002696e8,0x002696E8,0x00269750,104
FUN_00269750,0x00269750,0x00269778,40
FUN_00269778,0x00269778,0x002697E0,104
FUN_002697e0,0x002697E0,0x00269808,40
FUN_00269808,0x00269808,0x00269890,136
FUN_00269890,0x00269890,0x002698DC,76
FUN_002698e0,0x002698E0,0x00269968,136
FUN_00269968,0x00269968,0x002699A4,60
FUN_002699a8,0x002699A8,0x00269A30,136
FUN_00269a30,0x00269A30,0x00269A80,80
FUN_00269a80,0x00269A80,0x00269B08,136
FUN_00269b08,0x00269B08,0x00269B48,64
FUN_00269b48,0x00269B48,0x00269DF4,684
FUN_00269df8,0x00269DF8,0x00269E38,64
FUN_00269e38,0x00269E38,0x00269E5C,36
FUN_00269e60,0x00269E60,0x00269EDC,124
FUN_00269ee0,0x00269EE0,0x00269F18,56
FUN_00269f18,0x00269F18,0x0026A38C,1140
FUN_0026a390,0x0026A390,0x0026A3C8,56
FUN_0026a3c8,0x0026A3C8,0x0026A3E0,24
FUN_0026a3e0,0x0026A3E0,0x0026A438,88
FUN_0026a438,0x0026A438,0x0026A4CC,148
FUN_0026a4d0,0x0026A4D0,0x0026A580,176
FUN_0026a580,0x0026A580,0x0026A5C8,72
FUN_0026a5c8,0x0026A5C8,0x0026A668,160
FUN_0026a668,0x0026A668,0x0026A6E8,128
FUN_0026a6e8,0x0026A6E8,0x0026A750,104
FUN_0026a750,0x0026A750,0x0026A810,192
FUN_0026a810,0x0026A810,0x0026A8E4,212
FUN_0026a8e8,0x0026A8E8,0x0026A930,72
FUN_0026a930,0x0026A930,0x0026A9D0,160
FUN_0026a9d0,0x0026A9D0,0x0026AA40,112
FUN_0026aa40,0x0026AA40,0x0026AA6C,44
FUN_0026aa70,0x0026AA70,0x0026AB24,180
FUN_0026ab28,0x0026AB28,0x0026AB4C,36
FUN_0026ab50,0x0026AB50,0x0026ABB0,96
FUN_0026abb0,0x0026ABB0,0x0026ACB0,256
FUN_0026acb0,0x0026ACB0,0x0026AD08,88
FUN_0026ad08,0x0026AD08,0x0026AD94,140
FUN_0026ad98,0x0026AD98,0x0026ADF0,88
FUN_0026adf0,0x0026ADF0,0x0026AE04,20
FUN_0026ae60,0x0026AE60,0x0026B000,416
FUN_0026b000,0x0026B000,0x0026B058,88
FUN_0026b058,0x0026B058,0x0026B094,60
FUN_0026b098,0x0026B098,0x0026B0D0,56
FUN_0026b0d0,0x0026B0D0,0x0026B1BC,236
FUN_0026b1c0,0x0026B1C0,0x0026B1F8,56
FUN_0026b1f8,0x0026B1F8,0x0026B2BC,196
FUN_0026b2c0,0x0026B2C0,0x0026B388,200
FUN_0026b388,0x0026B388,0x0026B3AC,36
FUN_0026b3b0,0x0026B3B0,0x0026B410,96
FUN_0026b410,0x0026B410,0x0026B468,88
FUN_0026b468,0x0026B468,0x0026B57C,276
FUN_0026b580,0x0026B580,0x0026B5B8,56
FUN_0026b5b8,0x0026B5B8,0x0026B5E8,48
FUN_0026b5e8,0x0026B5E8,0x0026B620,56
FUN_0026b620,0x0026B620,0x0026B698,120
FUN_0026b698,0x0026B698,0x0026B6D0,56
FUN_0026b6d0,0x0026B6D0,0x0026B754,132
FUN_0026b758,0x0026B758,0x0026B790,56
FUN_0026b790,0x0026B790,0x0026B7C8,56
FUN_0026b7c8,0x0026B7C8,0x0026B810,72
FUN_0026b810,0x0026B810,0x0026B85C,76
FUN_0026b860,0x0026B860,0x0026B898,56
FUN_0026b898,0x0026B898,0x0026B8C8,48
FUN_0026b8c8,0x0026B8C8,0x0026B900,56
FUN_0026b900,0x0026B900,0x0026B930,48
FUN_0026b930,0x0026B930,0x0026B9A8,120
FUN_0026b9a8,0x0026B9A8,0x0026BA20,120
FUN_0026ba20,0x0026BA20,0x0026BA4C,44
FUN_0026ba50,0x0026BA50,0x0026BADC,140
FUN_0026bae0,0x0026BAE0,0x0026BC6C,396
FUN_0026bc70,0x0026BC70,0x0026BCA8,56
FUN_0026bca8,0x0026BCA8,0x0026BCC0,24
FUN_0026bcc0,0x0026BCC0,0x0026BCF8,56
FUN_0026bcf8,0x0026BCF8,0x0026BD10,24
FUN_0026bd10,0x0026BD10,0x0026BD58,72
FUN_0026bd58,0x0026BD58,0x0026BD88,48
FUN_0026bd88,0x0026BD88,0x0026BDC0,56
FUN_0026bdc0,0x0026BDC0,0x0026BE20,96
FUN_0026be30,0x0026BE30,0x0026BE6C,60
FUN_0026be70,0x0026BE70,0x0026BEA4,52
FUN_0026bea8,0x0026BEA8,0x0026BEE0,56
FUN_0026bee0,0x0026BEE0,0x0026BF14,52
FUN_0026bf18,0x0026BF18,0x0026BF50,56
FUN_0026bf50,0x0026BF50,0x0026BF84,52
FUN_0026bfc0,0x0026BFC0,0x0026BFD4,20
FUN_0026c010,0x0026C010,0x0026C024,20
FUN_0026c028,0x0026C028,0x0026C050,40
FUN_0026c050,0x0026C050,0x0026C064,20
FUN_0026c068,0x0026C068,0x0026C07C,20
FUN_0026c0a0,0x0026C0A0,0x0026C0B8,24
FUN_0026c0b8,0x0026C0B8,0x0026C0D0,24
FUN_0026c0d0,0x0026C0D0,0x0026C0F8,40
FUN_0026c0f8,0x0026C0F8,0x0026C118,32
FUN_0026c118,0x0026C118,0x0026C138,32
FUN_0026c138,0x0026C138,0x0026C158,32
FUN_0026c158,0x0026C158,0x0026C2C8,368
FUN_0026c2c8,0x0026C2C8,0x0026C2E4,28
FUN_0026c410,0x0026C410,0x0026C44C,60
FUN_0026c450,0x0026C450,0x0026C470,32
FUN_0026c470,0x0026C470,0x0026C4CC,92
FUN_0026c4d0,0x0026C4D0,0x0026C540,112
FUN_0026c540,0x0026C540,0x0026C58C,76
FUN_0026c590,0x0026C590,0x0026C658,200
FUN_0026c658,0x0026C658,0x0026C684,44
FUN_0026c688,0x0026C688,0x0026C734,172
FUN_0026c7a8,0x0026C7A8,0x0026C7E4,60
FUN_0026c7e8,0x0026C7E8,0x0026C808,32
FUN_0026c808,0x0026C808,0x0026C864,92
FUN_0026c868,0x0026C868,0x0026C914,172
FUN_0026ca20,0x0026CA20,0x0026CA58,56
FUN_0026ca58,0x0026CA58,0x0026CA90,56
FUN_0026ca90,0x0026CA90,0x0026CABC,44
FUN_0026cac0,0x0026CAC0,0x0026CB00,64
FUN_0026cb00,0x0026CB00,0x0026CB24,36
FUN_0026cb28,0x0026CB28,0x0026CB3C,20
FUN_0026cb40,0x0026CB40,0x0026CBC8,136
FUN_0026cbc8,0x0026CBC8,0x0026CC38,112
FUN_0026cc38,0x0026CC38,0x0026CD1C,228
FUN_0026cd20,0x0026CD20,0x0026CD48,40
FUN_0026cd48,0x0026CD48,0x0026CD70,40
FUN_0026cd70,0x0026CD70,0x0026CD88,24
FUN_0026cd88,0x0026CD88,0x0026CDE0,88
FUN_0026cde0,0x0026CDE0,0x0026CE78,152
FUN_0026ce78,0x0026CE78,0x0026CF7C,260
FUN_0026cf80,0x0026CF80,0x0026D070,240
FUN_0026d070,0x0026D070,0x0026D1A8,312
FUN_0026d1a8,0x0026D1A8,0x0026D27C,212
FUN_0026d280,0x0026D280,0x0026D2D0,80
FUN_0026d2d0,0x0026D2D0,0x0026D320,80
FUN_0026d320,0x0026D320,0x0026D334,20
FUN_0026d338,0x0026D338,0x0026D39C,100
FUN_0026d3a0,0x0026D3A0,0x0026D400,96
FUN_0026d400,0x0026D400,0x0026D4A4,164
FUN_0026d4a8,0x0026D4A8,0x0026D560,184
FUN_0026d560,0x0026D560,0x0026D5E8,136
FUN_0026d5e8,0x0026D5E8,0x0026D670,136
FUN_0026d670,0x0026D670,0x0026D708,152
FUN_0026d708,0x0026D708,0x0026D7D8,208
FUN_0026d7d8,0x0026D7D8,0x0026D7E4,12
FUN_0026d7e8,0x0026D7E8,0x0026D7F8,16
FUN_0026d7f8,0x0026D7F8,0x0026D80C,20
FUN_0026d810,0x0026D810,0x0026D9A0,400
FUN_0026d9a0,0x0026D9A0,0x0026D9F0,80
FUN_0026d9f0,0x0026D9F0,0x0026DA84,148
FUN_0026da88,0x0026DA88,0x0026DB54,204
FUN_0026db58,0x0026DB58,0x0026DC24,204
FUN_0026dc28,0x0026DC28,0x0026DCF4,204
FUN_0026dcf8,0x0026DCF8,0x0026DE28,304
FUN_0026de28,0x0026DE28,0x0026DEF4,204
FUN_0026def8,0x0026DEF8,0x0026DFC4,204
FUN_0026dfc8,0x0026DFC8,0x0026DFDC,20
FUN_0026dfe0,0x0026DFE0,0x0026DFF4,20
FUN_0026e008,0x0026E008,0x0026E130,296
FUN_0026e130,0x0026E130,0x0026E144,20
FUN_0026e148,0x0026E148,0x0026E15C,20
FUN_0026e160,0x0026E160,0x0026E1E8,136
FUN_0026e1e8,0x0026E1E8,0x0026E264,124
FUN_0026e268,0x0026E268,0x0026E28C,36
FUN_0026e290,0x0026E290,0x0026E2C4,52
FUN_0026e328,0x0026E328,0x0026E388,96
FUN_0026e388,0x0026E388,0x0026E39C,20
FUN_0026e628,0x0026E628,0x0026E6D4,172
FUN_0026e6d8,0x0026E6D8,0x0026E6FC,36
FUN_0026e768,0x0026E768,0x0026E798,48
FUN_0026e798,0x0026E798,0x0026E7C8,48
FUN_0026e7c8,0x0026E7C8,0x0026E844,124
FUN_0026e848,0x0026E848,0x0026E898,80
FUN_0026e898,0x0026E898,0x0026E8AC,20
FUN_0026e8c0,0x0026E8C0,0x0026E8F0,48
FUN_0026e8f0,0x0026E8F0,0x0026E970,128
FUN_0026e970,0x0026E970,0x0026E9E8,120
FUN_0026e9e8,0x0026E9E8,0x0026EA68,128
FUN_0026ea68,0x0026EA68,0x0026EA7C,20
FUN_0026eac0,0x0026EAC0,0x0026EAFC,60
FUN_0026eb00,0x0026EB00,0x0026EB34,52
FUN_0026eb38,0x0026EB38,0x0026EB6C,52
FUN_0026eb70,0x0026EB70,0x0026EB84,20
FUN_0026ebd0,0x0026EBD0,0x0026EBE8,24
FUN_0026ebe8,0x0026EBE8,0x00280FB8,74704
FUN_0026ec00,0x0026EC00,0x0026EC18,24
FUN_0026ec18,0x0026EC18,0x0026EC2C,20
FUN_0026ec80,0x0026EC80,0x0026EC94,20
FUN_0026ecb0,0x0026ECB0,0x0026ECB8,8
FUN_0026ecb8,0x0026ECB8,0x0026ECCC,20
FUN_0026ecd0,0x0026ECD0,0x0026ED08,56
FUN_0026ed08,0x0026ED08,0x0026ED1C,20
FUN_0026ed38,0x0026ED38,0x0026ED4C,20
FUN_0026ed50,0x0026ED50,0x0026ED64,20
FUN_0026ed68,0x0026ED68,0x0026ED7C,20
FUN_0026ed80,0x0026ED80,0x0026ED94,20
FUN_0026ed98,0x0026ED98,0x0026EDAC,20
FUN_0026edb0,0x0026EDB0,0x0026EDE4,52
FUN_0026ede8,0x0026EDE8,0x0026EDFC,20
FUN_0026ee18,0x0026EE18,0x0026EE2C,20
FUN_0026ee30,0x0026EE30,0x0026EE44,20
FUN_0026ee48,0x0026EE48,0x0026EE5C,20
FUN_0026ee60,0x0026EE60,0x0026EE74,20
FUN_0026ee78,0x0026EE78,0x0026EE8C,20
FUN_0026ee90,0x0026EE90,0x0026EEA4,20
FUN_0026ef20,0x0026EF20,0x0026EF34,20
FUN_0026ef48,0x0026EF48,0x0026EF5C,20
FUN_0026ef60,0x0026EF60,0x0026EF74,20
FUN_0026ef78,0x0026EF78,0x0026EF80,8
FUN_0026ef88,0x0026EF88,0x0026EFA8,32
FUN_0026efa8,0x0026EFA8,0x0026EFBC,20
FUN_0026efc0,0x0026EFC0,0x0026EFD4,20
FUN_0026efd8,0x0026EFD8,0x0026F02C,84
FUN_0026f030,0x0026F030,0x0026F078,72
FUN_0026f078,0x0026F078,0x0026F0B4,60
FUN_0026f0b8,0x0026F0B8,0x0026F224,364
FUN_0026f228,0x0026F228,0x0026F288,96
FUN_0026f288,0x0026F288,0x0026F290,8
FUN_0026f290,0x0026F290,0x0026F2D0,64
FUN_0026f2e0,0x0026F2E0,0x0026F320,64
FUN_0026f320,0x0026F320,0x0026F34C,44
FUN_0026f350,0x0026F350,0x0026F37C,44
FUN_0026f380,0x0026F380,0x0026F3AC,44
FUN_0026f3b0,0x0026F3B0,0x0026F6B8,776
FUN_0026f6b8,0x0026F6B8,0x002879B8,99072
FUN_0026f7d8,0x0026F7D8,0x0026FB64,908
FUN_0026fb68,0x0026FB68,0x0026FD4C,484
FUN_0026fd50,0x0026FD50,0x0026FDDC,140
FUN_0026fde0,0x0026FDE0,0x0026FE90,176
FUN_0026fe90,0x0026FE90,0x0026FF34,164
FUN_0026ff38,0x0026FF38,0x00270084,332
FUN_00270088,0x00270088,0x002701C4,316
FUN_002701c8,0x002701C8,0x00270228,96
FUN_00270228,0x00270228,0x00270230,8
FUN_00270230,0x00270230,0x00270238,8
FUN_00270238,0x00270238,0x00270250,24
FUN_00270250,0x00270250,0x00270258,8
FUN_00270270,0x00270270,0x00270288,24
FUN_00270288,0x00270288,0x0027029C,20
FUN_002702b8,0x002702B8,0x002702E8,48
FUN_002702e8,0x002702E8,0x00287778,95376
FUN_00270300,0x00270300,0x00270360,96
FUN_00270360,0x00270360,0x0027036C,12
FUN_00270370,0x00270370,0x0027037C,12
FUN_00270380,0x00270380,0x00270388,8
FUN_00270390,0x00270390,0x00270398,8
FUN_002703a0,0x002703A0,0x002703A8,8
FUN_002703b0,0x002703B0,0x002703C8,24
FUN_002703c8,0x002703C8,0x002879C8,95744
FUN_002703e0,0x002703E0,0x002703F8,24
FUN_002703f8,0x002703F8,0x00270410,24
FUN_00270410,0x00270410,0x00287A88,95864
FUN_00270428,0x00270428,0x00287A90,95848
FUN_00270440,0x00270440,0x00270458,24
FUN_00270458,0x00270458,0x00287AA0,95816
FUN_00270470,0x00270470,0x00287AB0,95808
FUN_00270488,0x00270488,0x00287AA8,95776
FUN_002704a0,0x002704A0,0x00287AB8,95768
FUN_002704b8,0x002704B8,0x002704E4,44
FUN_002704e8,0x002704E8,0x00287AD8,95728
FUN_00270500,0x00270500,0x00287AE0,95712
FUN_00270518,0x00270518,0x00270530,24
FUN_00270530,0x00270530,0x00270588,88
FUN_00270588,0x00270588,0x002705EC,100
FUN_002705f0,0x002705F0,0x00270648,88
FUN_00270650,0x00270650,0x00270668,24
FUN_00270668,0x00270668,0x00270670,8
FUN_00270670,0x00270670,0x00270688,24
FUN_00270688,0x00270688,0x002706A0,24
FUN_002706a8,0x002706A8,0x002706B0,8
FUN_002706e0,0x002706E0,0x00270728,72
FUN_00270730,0x00270730,0x0027077C,76
FUN_00270780,0x00270780,0x00270888,264
FUN_00270888,0x00270888,0x0027095C,212
FUN_00270960,0x00270960,0x00270A30,208
FUN_00270a30,0x00270A30,0x00270A78,72
FUN_00270a78,0x00270A78,0x00270ABC,68
FUN_00270ac0,0x00270AC0,0x00270AEC,44
FUN_00270af0,0x00270AF0,0x00270B48,88
FUN_00270b48,0x00270B48,0x00270BB4,108
FUN_00270bb8,0x00270BB8,0x00270C2C,116
FUN_00270c30,0x00270C30,0x00270C9C,108
FUN_00270ca0,0x00270CA0,0x00270CD8,56
FUN_00270cd8,0x00270CD8,0x00270D04,44
FUN_00270d08,0x00270D08,0x00270D48,64
FUN_00270d48,0x00270D48,0x00270D74,44
FUN_00270d78,0x00270D78,0x00270DC4,76
FUN_00270dd0,0x00270DD0,0x00270E08,56
FUN_00270e08,0x00270E08,0x00270E10,8
FUN_00270e10,0x00270E10,0x00270E58,72
FUN_00270e58,0x00270E58,0x00270E74,28
FUN_00270e78,0x00270E78,0x00270EB0,56
FUN_00270eb0,0x00270EB0,0x00270EC8,24
FUN_00270ec8,0x00270EC8,0x00270F00,56
FUN_00270f00,0x00270F00,0x00270F38,56
FUN_00270f38,0x00270F38,0x00270F78,64
FUN_00270f78,0x00270F78,0x00270FC0,72
FUN_00270fc0,0x00270FC0,0x00271004,68
FUN_00271008,0x00271008,0x00271034,44
FUN_00271038,0x00271038,0x002710A0,104
FUN_002710a0,0x002710A0,0x002710CC,44
FUN_002710d0,0x002710D0,0x00271120,80
FUN_00271120,0x00271120,0x0027116C,76
FUN_00271170,0x00271170,0x0027117C,12
FUN_00271180,0x00271180,0x002711BC,60
FUN_002711c0,0x002711C0,0x002711D8,24
FUN_002711d8,0x002711D8,0x002711F0,24
FUN_00271618,0x00271618,0x002718C0,680
FUN_002718c0,0x002718C0,0x002718E4,36
FUN_002718e8,0x002718E8,0x00271964,124
FUN_00271968,0x00271968,0x0027198C,36
FUN_00271990,0x00271990,0x002719A4,20
FUN_002719a8,0x002719A8,0x002719B0,8
FUN_002719b0,0x002719B0,0x002719F8,72
FUN_002719f8,0x002719F8,0x00271A24,44
FUN_00271a28,0x00271A28,0x00271A80,88
FUN_00271a80,0x00271A80,0x00271A98,24
FUN_00271a98,0x00271A98,0x00271AD0,56
FUN_00271ad0,0x00271AD0,0x00271AD8,8
FUN_00271ad8,0x00271AD8,0x00271B30,88
FUN_00271b30,0x00271B30,0x00271B40,16
FUN_00271b40,0x00271B40,0x00271B88,72
FUN_00271b88,0x00271B88,0x00271B94,12
FUN_00271ba0,0x00271BA0,0x00271BD8,56
FUN_00271bd8,0x00271BD8,0x00271BE0,8
FUN_00271be0,0x00271BE0,0x00271C18,56
FUN_00271c18,0x00271C18,0x00271C30,24
FUN_00271c30,0x00271C30,0x00271C68,56
FUN_00271c68,0x00271C68,0x00271C70,8
FUN_00271c70,0x00271C70,0x00271CA8,56
FUN_00271ca8,0x00271CA8,0x00271CBC,20
FUN_00271cc0,0x00271CC0,0x00271CF8,56
FUN_00271cf8,0x00271CF8,0x00271D0C,20
FUN_00271d10,0x00271D10,0x00271D48,56
FUN_00271d48,0x00271D48,0x00271D5C,20
FUN_00271d60,0x00271D60,0x00271D9C,60
FUN_00271da0,0x00271DA0,0x00271DA8,8
FUN_00271da8,0x00271DA8,0x00271DE0,56
FUN_00271de0,0x00271DE0,0x00271DE8,8
FUN_00271de8,0x00271DE8,0x00271E14,44
FUN_00271e28,0x00271E28,0x00271E70,72
FUN_00271e70,0x00271E70,0x00271EC8,88
FUN_00271ec8,0x00271EC8,0x00271F10,72
FUN_00271f10,0x00271F10,0x00271F3C,44
FUN_00271f40,0x00271F40,0x00271F7C,60
FUN_00271f80,0x00271F80,0x00272000,128
FUN_00272000,0x00272000,0x0027203C,60
FUN_00272040,0x00272040,0x00272050,16
FUN_00272050,0x00272050,0x0027208C,60
FUN_00272090,0x00272090,0x002720AC,28
FUN_002720f0,0x002720F0,0x00272128,56
FUN_00272128,0x00272128,0x00272134,12
FUN_00272138,0x00272138,0x00272170,56
FUN_00272170,0x00272170,0x0027217C,12
FUN_00272180,0x00272180,0x002721B8,56
FUN_002721b8,0x002721B8,0x002721C0,8
FUN_002721c0,0x002721C0,0x002721EC,44
FUN_002721f0,0x002721F0,0x00272278,136
FUN_00272278,0x00272278,0x0027228C,20
FUN_00272290,0x00272290,0x002722A4,20
FUN_002722a8,0x002722A8,0x002722BC,20
FUN_002722c0,0x002722C0,0x002722D4,20
FUN_002722d8,0x002722D8,0x002722EC,20
FUN_002722f0,0x002722F0,0x00272308,24
FUN_00272308,0x00272308,0x00272408,256
FUN_00272408,0x00272408,0x00272464,92
FUN_00272468,0x00272468,0x002724CC,100
FUN_002724d0,0x002724D0,0x00272534,100
FUN_002725e8,0x002725E8,0x00272634,76
FUN_00272638,0x00272638,0x00272684,76
FUN_002726a8,0x002726A8,0x002726BC,20
FUN_00272740,0x00272740,0x0027276C,44
FUN_00272770,0x00272770,0x00272784,20
FUN_002727c0,0x002727C0,0x002727D4,20
FUN_002728d8,0x002728D8,0x00272930,88
FUN_00272930,0x00272930,0x00272C48,792
FUN_00272c48,0x00272C48,0x00272C90,72
FUN_00272c90,0x00272C90,0x00272CE4,84
FUN_00272ce8,0x00272CE8,0x00272D10,40
FUN_00272d10,0x00272D10,0x00272D38,40
FUN_00272d38,0x00272D38,0x00272D60,40
FUN_00272d60,0x00272D60,0x00272D8C,44
FUN_00272d90,0x00272D90,0x00272F64,468
FUN_00272f90,0x00272F90,0x00272FF0,96
FUN_00272ff0,0x00272FF0,0x00273014,36
FUN_00273018,0x00273018,0x0027302C,20
FUN_00273030,0x00273030,0x00273138,264
FUN_00273138,0x00273138,0x00273204,204
FUN_002732d0,0x002732D0,0x002732FC,44
FUN_00273300,0x00273300,0x002733A0,160
FUN_002733a0,0x002733A0,0x002733CC,44
FUN_002733d0,0x002733D0,0x00273490,192
FUN_00273490,0x00273490,0x002734C8,56
FUN_002734c8,0x002734C8,0x002734F8,48
FUN_002734f8,0x002734F8,0x00273524,44
FUN_00273528,0x00273528,0x00273560,56
FUN_00273560,0x00273560,0x002735AC,76
FUN_002735b0,0x002735B0,0x00273678,200
FUN_00273678,0x00273678,0x002736C4,76
FUN_002736c8,0x002736C8,0x002737F4,300
FUN_002737f8,0x002737F8,0x00273810,24
FUN_00273810,0x00273810,0x0027385C,76
FUN_00273860,0x00273860,0x00273B54,756
FUN_00273b58,0x00273B58,0x00273B90,56
FUN_00273b90,0x00273B90,0x00273BE0,80
FUN_00273be0,0x00273BE0,0x00273C18,56
FUN_00273c18,0x00273C18,0x00273C64,76
FUN_00273c68,0x00273C68,0x00273CA0,56
FUN_00273ca0,0x00273CA0,0x00273CEC,76
FUN_00273cf0,0x00273CF0,0x00273D28,56
FUN_00273d28,0x00273D28,0x00273D74,76
FUN_00273d78,0x00273D78,0x00273DB0,56
FUN_00273db0,0x00273DB0,0x00273DFC,76
FUN_00273e00,0x00273E00,0x00273E38,56
FUN_00273e38,0x00273E38,0x00287A20,80872
FUN_00273e88,0x00273E88,0x00273ED4,76
FUN_00273ed8,0x00273ED8,0x00273FEC,276
FUN_00273ff0,0x00273FF0,0x00274038,72
FUN_00274038,0x00274038,0x00274074,60
FUN_00274078,0x00274078,0x002740B4,60
FUN_002740b8,0x002740B8,0x0027413C,132
FUN_00274140,0x00274140,0x00274178,56
FUN_00274178,0x00274178,0x002741A8,48
FUN_002741a8,0x002741A8,0x002741E4,60
FUN_002741e8,0x002741E8,0x00274258,112
FUN_00274258,0x00274258,0x00274290,56
FUN_00274290,0x00274290,0x002742C0,48
FUN_002742c0,0x002742C0,0x002742F8,56
FUN_002742f8,0x002742F8,0x00274314,28
FUN_00274318,0x00274318,0x00274360,72
FUN_00274360,0x00274360,0x0027437C,28
FUN_00274380,0x00274380,0x002743B8,56
FUN_002743b8,0x002743B8,0x00287B08,79696
FUN_002743d0,0x002743D0,0x00274408,56
FUN_00274408,0x00274408,0x00274450,72
FUN_00274450,0x00274450,0x0027448C,60
FUN_002744c8,0x002744C8,0x002744D0,8
FUN_002744d8,0x002744D8,0x00274504,44
FUN_00274508,0x00274508,0x0027451C,20
FUN_00274520,0x00274520,0x0027455C,60
FUN_00274560,0x00274560,0x00274598,56
FUN_00274598,0x00274598,0x002745F4,92
FUN_002745f8,0x002745F8,0x002746A8,176
FUN_002746a8,0x002746A8,0x002746D4,44
FUN_002746d8,0x002746D8,0x00274754,124
FUN_00274758,0x00274758,0x00274794,60
FUN_00274798,0x00274798,0x002747F0,88
FUN_002747f8,0x002747F8,0x00274830,56
FUN_00274830,0x00274830,0x00274890,96
FUN_00274890,0x00274890,0x002748D8,72
FUN_002748d8,0x002748D8,0x00274940,104
FUN_00274940,0x00274940,0x00274980,64
FUN_00274980,0x00274980,0x00274A64,228
FUN_00274a68,0x00274A68,0x00274AA0,56
FUN_00274aa0,0x00274AA0,0x00274B0C,108
FUN_00274b10,0x00274B10,0x00274B4C,60
FUN_00274b50,0x00274B50,0x00274B58,8
FUN_00274b58,0x00274B58,0x00274B90,56
FUN_00274b90,0x00274B90,0x00274BE4,84
FUN_00274be8,0x00274BE8,0x00274C0C,36
FUN_00274c10,0x00274C10,0x00274CFC,236
FUN_00274d78,0x00274D78,0x00274DA8,48
FUN_00274da8,0x00274DA8,0x00274DD4,44
FUN_00274dd8,0x00274DD8,0x00274E14,60
FUN_00274e18,0x00274E18,0x00274E50,56
FUN_00274e50,0x00274E50,0x00274E80,48
FUN_00274e80,0x00274E80,0x00274EBC,60
FUN_00274ec0,0x00274EC0,0x00274FEC,300
FUN_00274ff0,0x00274FF0,0x00275028,56
FUN_00275028,0x00275028,0x00275058,48
FUN_00275058,0x00275058,0x00275094,60
FUN_00275098,0x00275098,0x002750C8,48
FUN_002750c8,0x002750C8,0x00275100,56
FUN_00275100,0x00275100,0x00275130,48
FUN_00275130,0x00275130,0x0027516C,60
FUN_00275170,0x00275170,0x0027529C,300
FUN_002752a0,0x002752A0,0x002752D8,56
FUN_002752d8,0x002752D8,0x00275308,48
FUN_00275308,0x00275308,0x00275334,44
FUN_00275338,0x00275338,0x0027534C,20
FUN_00275388,0x00275388,0x0027539C,20
FUN_002753a0,0x002753A0,0x002753EC,76
FUN_002753f0,0x002753F0,0x0027543C,76
FUN_00275440,0x00275440,0x00275448,8
FUN_00275448,0x00275448,0x00275450,8
FUN_00275450,0x00275450,0x00275488,56
FUN_00275488,0x00275488,0x00275490,8
FUN_00275490,0x00275490,0x002754BC,44
FUN_002754c0,0x002754C0,0x002754D8,24
FUN_00275508,0x00275508,0x0027551C,20
FUN_00275568,0x00275568,0x0027564C,228
FUN_00275650,0x00275650,0x00275688,56
FUN_00275688,0x00275688,0x00275690,8
FUN_00275690,0x00275690,0x002756CC,60
FUN_002756d0,0x002756D0,0x002756D8,8
FUN_002756d8,0x002756D8,0x00275720,72
FUN_00275720,0x00275720,0x00275738,24
FUN_00275738,0x00275738,0x00275774,60
FUN_00275778,0x00275778,0x002757AC,52
FUN_002757b0,0x002757B0,0x002757E8,56
FUN_002757e8,0x002757E8,0x002757F0,8
FUN_002757f0,0x002757F0,0x0027583C,76
FUN_00275840,0x00275840,0x00275858,24
FUN_00275858,0x00275858,0x00275890,56
FUN_00275890,0x00275890,0x002758C8,56
FUN_002758c8,0x002758C8,0x00275900,56
FUN_00275900,0x00275900,0x00275938,56
FUN_00275938,0x00275938,0x00275984,76
FUN_00275988,0x00275988,0x002759B8,48
FUN_002759b8,0x002759B8,0x00275A50,152
FUN_00275a90,0x00275A90,0x00275AE8,88
FUN_00275ae8,0x00275AE8,0x00275C8C,420
FUN_00275c90,0x00275C90,0x00275D48,184
FUN_00275d48,0x00275D48,0x00275D84,60
FUN_00275d88,0x00275D88,0x00275DB8,48
FUN_00275db8,0x00275DB8,0x00275DE4,44
FUN_00275de8,0x00275DE8,0x00275DFC,20
FUN_00275e00,0x00275E00,0x00275E38,56
FUN_00275e38,0x00275E38,0x00275E40,8
FUN_00275e40,0x00275E40,0x00275E7C,60
FUN_00275e80,0x00275E80,0x00275E98,24
FUN_00275e98,0x00275E98,0x00275ED4,60
FUN_00275ed8,0x00275ED8,0x00275EF0,24
FUN_00275ef0,0x00275EF0,0x00275F28,56
FUN_00275f28,0x00275F28,0x00275F40,24
FUN_00275f40,0x00275F40,0x00275F8C,76
FUN_00275f90,0x00275F90,0x00276088,248
FUN_00276088,0x00276088,0x002760E4,92
FUN_002760e8,0x002760E8,0x0027619C,180
FUN_00276200,0x00276200,0x0027623C,60
FUN_00276240,0x00276240,0x00276258,24
FUN_00276258,0x00276258,0x002762A4,76
FUN_002762a8,0x002762A8,0x00276380,216
FUN_00276380,0x00276380,0x002763CC,76
FUN_002763d0,0x002763D0,0x00276540,368
FUN_00276540,0x00276540,0x0027657C,60
FUN_00276580,0x00276580,0x002765FC,124
FUN_00276600,0x00276600,0x002766B8,184
FUN_002766b8,0x002766B8,0x00276850,408
FUN_00276850,0x00276850,0x00276918,200
FUN_00276918,0x00276918,0x00276980,104
FUN_00276980,0x00276980,0x00276C64,740
FUN_00276c68,0x00276C68,0x00277074,1036
FUN_00277090,0x00277090,0x0027720C,380
FUN_00277210,0x00277210,0x0027730C,252
FUN_00277310,0x00277310,0x00277514,516
FUN_00277518,0x00277518,0x00277520,8
FUN_00277520,0x00277520,0x0027760C,236
FUN_00277860,0x00277860,0x002778E0,128
FUN_002778e0,0x002778E0,0x00277978,152
FUN_00277978,0x00277978,0x002779A4,44
FUN_002779a8,0x002779A8,0x00277A6C,196
FUN_00277a70,0x00277A70,0x00277AA8,56
FUN_00277aa8,0x00277AA8,0x00277B14,108
FUN_00277b18,0x00277B18,0x00277B44,44
FUN_00277b48,0x00277B48,0x00277B6C,36
FUN_00277bf8,0x00277BF8,0x00277CAC,180
FUN_00277cb0,0x00277CB0,0x00277D34,132
FUN_00277d38,0x00277D38,0x00277E0C,212
FUN_00277e10,0x00277E10,0x00277EA8,152
FUN_00277ea8,0x00277EA8,0x00277F08,96
FUN_00277f08,0x00277F08,0x00277FDC,212
FUN_00277fe0,0x00277FE0,0x002780A4,196
FUN_002780a8,0x002780A8,0x00278124,124
FUN_00278128,0x00278128,0x00278134,12
FUN_00278138,0x00278138,0x002781E0,168
FUN_002781e0,0x002781E0,0x00278308,296
FUN_00278308,0x00278308,0x0027836C,100
FUN_00278370,0x00278370,0x0027837C,12
FUN_00278380,0x00278380,0x002784C4,324
FUN_002784c8,0x002784C8,0x0027852C,100
FUN_00278530,0x00278530,0x002785A4,116
FUN_002785a8,0x002785A8,0x00278610,104
FUN_00278610,0x00278610,0x00278678,104
FUN_00278678,0x00278678,0x002786E0,104
FUN_002786e0,0x002786E0,0x00278744,100
FUN_00278748,0x00278748,0x002787A0,88
FUN_002787a0,0x002787A0,0x002787FC,92
FUN_00278800,0x00278800,0x00278864,100
FUN_00278868,0x00278868,0x002788CC,100
FUN_002788d0,0x002788D0,0x0027898C,188
FUN_00278990,0x00278990,0x00278A5C,204
FUN_00278a60,0x00278A60,0x00278ABC,92
FUN_00278ac0,0x00278AC0,0x00278B18,88
FUN_00278b18,0x00278B18,0x00278B60,72
FUN_00278b60,0x00278B60,0x00278CA0,320
FUN_00278ca0,0x00278CA0,0x00278D04,100
FUN_00278d08,0x00278D08,0x00278D60,88
FUN_00278d60,0x00278D60,0x00278DC4,100
FUN_00278dc8,0x00278DC8,0x00278E84,188
FUN_00278e88,0x00278E88,0x00278F2C,164
FUN_00278f30,0x00278F30,0x00279040,272
FUN_00279040,0x00279040,0x00279114,212
FUN_00279118,0x00279118,0x00279170,88
FUN_00279170,0x00279170,0x0027922C,188
FUN_00279230,0x00279230,0x002792EC,188
FUN_002792f0,0x002792F0,0x002793AC,188
FUN_002793b0,0x002793B0,0x00279434,132
FUN_00279438,0x00279438,0x00279460,40
FUN_00279460,0x00279460,0x002794C4,100
FUN_002794c8,0x002794C8,0x0027952C,100
FUN_00279530,0x00279530,0x002795EC,188
FUN_002795f8,0x002795F8,0x00279700,264
FUN_00279700,0x00279700,0x002797BC,188
FUN_002797c0,0x002797C0,0x0027988C,204
FUN_00279890,0x00279890,0x00279950,192
FUN_00279950,0x00279950,0x002799A0,80
FUN_002799a0,0x002799A0,0x00279A38,152
FUN_00279a38,0x00279A38,0x00279A58,32
FUN_00279a58,0x00279A58,0x00279AF0,152
FUN_00279af0,0x00279AF0,0x00279BA4,180
FUN_00279ba8,0x00279BA8,0x00279C48,160
FUN_00279c48,0x00279C48,0x00279D08,192
FUN_00279d08,0x00279D08,0x00279D64,92
FUN_00279d68,0x00279D68,0x00279D98,48
FUN_00279d98,0x00279D98,0x00279E1C,132
FUN_00279e20,0x00279E20,0x00279EC0,160
FUN_00279ec0,0x00279EC0,0x00279FAC,236
FUN_00279fb0,0x00279FB0,0x0027A060,176
FUN_0027a060,0x0027A060,0x0027A068,8
FUN_0027a068,0x0027A068,0x0027A094,44
FUN_0027a098,0x0027A098,0x0027A0C0,40
FUN_0027a0c0,0x0027A0C0,0x0027A18C,204
FUN_0027a1b0,0x0027A1B0,0x0027A1C0,16
FUN_0027a1d0,0x0027A1D0,0x0027A224,84
FUN_0027a238,0x0027A238,0x0027A344,268
FUN_0027a348,0x0027A348,0x0027A364,28
FUN_0027a368,0x0027A368,0x0027A3D0,104
FUN_0027a3d0,0x0027A3D0,0x0027A4EC,284
FUN_0027a530,0x0027A530,0x0027A718,488
FUN_0027a718,0x0027A718,0x0027A8E4,460
FUN_0027a8f8,0x0027A8F8,0x0027AA00,264
FUN_0027aa20,0x0027AA20,0x0027AA88,104
FUN_0027aa88,0x0027AA88,0x0027AAC0,56
FUN_0027aac0,0x0027AAC0,0x0027AAF8,56
FUN_0027aaf8,0x0027AAF8,0x0027AB30,56
FUN_0027ab30,0x0027AB30,0x0027AB68,56
FUN_0027ab78,0x0027AB78,0x0027ABB4,60
FUN_0027abb8,0x0027ABB8,0x0027AC54,156
FUN_0027ac58,0x0027AC58,0x0027ACA4,76
FUN_0027aca8,0x0027ACA8,0x0027AD74,204
FUN_0027ad98,0x0027AD98,0x0027ADB8,32
FUN_0027adc8,0x0027ADC8,0x0027AE04,60
FUN_0027ae80,0x0027AE80,0x0027AEB4,52
FUN_0027aeb8,0x0027AEB8,0x0027AEEC,52
FUN_0027aef0,0x0027AEF0,0x0027AF74,132
FUN_0027af78,0x0027AF78,0x0027B030,184
FUN_0027b030,0x0027B030,0x0027B0A4,116
FUN_0027b0a8,0x0027B0A8,0x0027B10C,100
FUN_0027b110,0x0027B110,0x0027B164,84
FUN_0027b168,0x0027B168,0x0027B1DC,116
FUN_0027b1e0,0x0027B1E0,0x0027B290,176
FUN_0027b290,0x0027B290,0x0027B310,128
FUN_0027b310,0x0027B310,0x0027B37C,108
FUN_0027b380,0x0027B380,0x0027B3CC,76
FUN_0027b3e8,0x0027B3E8,0x0027B458,112
FUN_0027b4a0,0x0027B4A0,0x0027B638,408
FUN_0027b638,0x0027B638,0x0027B69C,100
FUN_0027b6a0,0x0027B6A0,0x0027B6AC,12
FUN_0027b6b0,0x0027B6B0,0x0027B6BC,12
FUN_0027b6c0,0x0027B6C0,0x0027B830,368
FUN_0027b830,0x0027B830,0x0027B920,240
FUN_0027b920,0x0027B920,0x0027B998,120
FUN_0027b998,0x0027B998,0x0027BAA0,264
FUN_0027baa0,0x0027BAA0,0x0027BB00,96
FUN_0027bb00,0x0027BB00,0x0027BB30,48
FUN_0027bb30,0x0027BB30,0x0027BB60,48
FUN_0027bb60,0x0027BB60,0x0027BBB8,88
FUN_0027bc08,0x0027BC08,0x0027BCCC,196
FUN_0027bcd0,0x0027BCD0,0x0027BD48,120
FUN_0027bd48,0x0027BD48,0x0027BD60,24
FUN_0027bd60,0x0027BD60,0x0027BDD8,120
FUN_0027bdd8,0x0027BDD8,0x0027BE60,136
FUN_0027be60,0x0027BE60,0x0027BF20,192
FUN_0027bf58,0x0027BF58,0x0027BF74,28
FUN_0027bf78,0x0027BF78,0x0027C0F0,376
FUN_0027c0f0,0x0027C0F0,0x0027C148,88
FUN_0027c148,0x0027C148,0x0027C1DC,148
FUN_0027c1e0,0x0027C1E0,0x0027C218,56
FUN_0027c218,0x0027C218,0x0027C3BC,420
FUN_0027c3c0,0x0027C3C0,0x0027C4A4,228
FUN_0027c4a8,0x0027C4A8,0x0027C4E0,56
FUN_0027c4e0,0x0027C4E0,0x0027C4E8,8
FUN_0027c4e8,0x0027C4E8,0x0027C534,76
FUN_0027c538,0x0027C538,0x0027C544,12
FUN_0027c588,0x0027C588,0x0027C620,152
FUN_0027c620,0x0027C620,0x0027C630,16
FUN_0027c630,0x0027C630,0x0027C650,32
FUN_0027c650,0x0027C650,0x0027C658,8
FUN_0027c658,0x0027C658,0x0027C66C,20
FUN_0027c670,0x0027C670,0x0027C678,8
FUN_0027c678,0x0027C678,0x0027C680,8
FUN_0027c680,0x0027C680,0x0027C79C,284
FUN_0027c7a0,0x0027C7A0,0x0027C844,164
FUN_0027c848,0x0027C848,0x0027C87C,52
FUN_0027c880,0x0027C880,0x0027C8D4,84
FUN_0027c8d8,0x0027C8D8,0x0027C96C,148
FUN_0027c970,0x0027C970,0x0027CB04,404
FUN_0027cb08,0x0027CB08,0x0027CC90,392
FUN_0027cc90,0x0027CC90,0x0027CE20,400
FUN_0027ce20,0x0027CE20,0x0027CEE8,200
FUN_0027cee8,0x0027CEE8,0x0027CF0C,36
FUN_0027cf10,0x0027CF10,0x0027CF4C,60
FUN_0027cf50,0x0027CF50,0x0027D010,192
FUN_0027d010,0x0027D010,0x0027D0EC,220
FUN_0027d0f0,0x0027D0F0,0x0027D26C,380
FUN_0027d270,0x0027D270,0x0027D3B8,328
FUN_0027d3b8,0x0027D3B8,0x0027D3DC,36
FUN_0027d3e0,0x0027D3E0,0x0027D400,32
FUN_0027d400,0x0027D400,0x0027D4C8,200
FUN_0027d4d8,0x0027D4D8,0x0027D4EC,20
FUN_0027d4f0,0x0027D4F0,0x0027D560,112
FUN_0027d560,0x0027D560,0x0027D5B8,88
FUN_0027d5b8,0x0027D5B8,0x0027D6CC,276
FUN_0027d6d0,0x0027D6D0,0x0027D6E8,24
FUN_0027d6e8,0x0027D6E8,0x0027D73C,84
FUN_0027d740,0x0027D740,0x0027D7D4,148
FUN_0027d7d8,0x0027D7D8,0x0027D974,412
FUN_0027d978,0x0027D978,0x0027DAD8,352
FUN_0027dad8,0x0027DAD8,0x0027DC90,440
FUN_0027dc90,0x0027DC90,0x0027DDC0,304
FUN_0027ddc0,0x0027DDC0,0x0027DE88,200
FUN_0027de88,0x0027DE88,0x0027DEAC,36
FUN_0027deb0,0x0027DEB0,0x0027DEFC,76
FUN_0027df00,0x0027DF00,0x0027E058,344
FUN_0027e058,0x0027E058,0x0027E07C,36
FUN_0027e0b0,0x0027E0B0,0x0027E130,128
FUN_0027e140,0x0027E140,0x0027E1A4,100
FUN_0027e1c8,0x0027E1C8,0x0027E1D4,12
FUN_0027e1e8,0x0027E1E8,0x0027E248,96
FUN_0027e248,0x0027E248,0x0027E280,56
FUN_0027e280,0x0027E280,0x0027E388,264
FUN_0027e388,0x0027E388,0x0027E3B4,44
FUN_0027e3b8,0x0027E3B8,0x0027E408,80
FUN_0027e408,0x0027E408,0x0027E444,60
FUN_0027e448,0x0027E448,0x0027E450,8
FUN_0027e450,0x0027E450,0x0027E498,72
FUN_0027e498,0x0027E498,0x0027E4BC,36
FUN_0027e4c0,0x0027E4C0,0x0027E538,120
FUN_0027e538,0x0027E538,0x0027E6D0,408
FUN_0027e6d0,0x0027E6D0,0x0027E6FC,44
FUN_0027e700,0x0027E700,0x0027E740,64
FUN_0027e740,0x0027E740,0x0027E76C,44
FUN_0027e770,0x0027E770,0x0027E7D8,104
FUN_0027e7d8,0x0027E7D8,0x0027E804,44
FUN_0027e808,0x0027E808,0x0027E88C,132
FUN_0027e890,0x0027E890,0x0027E8CC,60
FUN_0027e8d0,0x0027E8D0,0x0027E90C,60
FUN_0027e910,0x0027E910,0x0027E934,36
FUN_0027e938,0x0027E938,0x0027E998,96
FUN_0027e998,0x0027E998,0x0027E9D0,56
FUN_0027e9d0,0x0027E9D0,0x0027EA00,48
FUN_0027ea00,0x0027EA00,0x0027EA38,56
FUN_0027ea38,0x0027EA38,0x0027EA68,48
FUN_0027ea68,0x0027EA68,0x0027EAB0,72
FUN_0027eab0,0x0027EAB0,0x0027EB40,144
FUN_0027eb40,0x0027EB40,0x0027EB88,72
FUN_0027eb88,0x0027EB88,0x0027EC1C,148
FUN_0027ec20,0x0027EC20,0x0027EC68,72
FUN_0027ec68,0x0027EC68,0x0027ECFC,148
FUN_0027ed00,0x0027ED00,0x0027ED48,72
FUN_0027ed48,0x0027ED48,0x0027EDDC,148
FUN_0027ede0,0x0027EDE0,0x0027EE1C,60
FUN_0027ee20,0x0027EE20,0x0027EE84,100
FUN_0027ee88,0x0027EE88,0x0027EEC0,56
FUN_0027eec0,0x0027EEC0,0x0027EEF0,48
FUN_0027ef30,0x0027EF30,0x0027EF64,52
FUN_0027ef68,0x0027EF68,0x0027EFA4,60
FUN_0027efa8,0x0027EFA8,0x0027EFD8,48
FUN_0027efd8,0x0027EFD8,0x0027EFE0,8
FUN_0027efe0,0x0027EFE0,0x0027EFE8,8
FUN_0027efe8,0x0027EFE8,0x0027EFFC,20
FUN_0027f000,0x0027F000,0x0027F014,20
FUN_0027f018,0x0027F018,0x0027F040,40
FUN_0027f040,0x0027F040,0x0027F0CC,140
FUN_0027f0d0,0x0027F0D0,0x0027F0D8,8
FUN_0027f0d8,0x0027F0D8,0x0027F0E0,8
FUN_0027f0e0,0x0027F0E0,0x0027F160,128
FUN_0027f160,0x0027F160,0x0027F21C,188
FUN_0027f220,0x0027F220,0x0027F348,296
FUN_0027f348,0x0027F348,0x0027F40C,196
FUN_0027f410,0x0027F410,0x0027F514,260
FUN_0027f518,0x0027F518,0x0027F5E8,208
FUN_0027f5e8,0x0027F5E8,0x0027F5FC,20
FUN_0027f600,0x0027F600,0x0027F614,20
FUN_0027f618,0x0027F618,0x0027F630,24
FUN_0027f630,0x0027F630,0x0027F660,48
FUN_0027f660,0x0027F660,0x0027F674,20
FUN_0027f678,0x0027F678,0x0027F6F8,128
FUN_0027f6f8,0x0027F6F8,0x0027F794,156
FUN_0027f798,0x0027F798,0x0027F7A0,8
FUN_0027f7a0,0x0027F7A0,0x0027F7F4,84
FUN_0027f7f8,0x0027F7F8,0x0027F80C,20
FUN_0027f810,0x0027F810,0x0027F830,32
FUN_0027f830,0x0027F830,0x0027F888,88
FUN_0027f888,0x0027F888,0x0027F8A4,28
FUN_0027f8a8,0x0027F8A8,0x0027F914,108
FUN_0027f918,0x0027F918,0x0027F9B4,156
FUN_0027f9b8,0x0027F9B8,0x0027F9FC,68
FUN_0027fa00,0x0027FA00,0x0027FABC,188
FUN_0027fac0,0x0027FAC0,0x0027FAF8,56
FUN_0027faf8,0x0027FAF8,0x0027FC80,392
FUN_0027fc80,0x0027FC80,0x0027FCCC,76
FUN_0027fcd0,0x0027FCD0,0x0027FD08,56
FUN_0027fd08,0x0027FD08,0x0027FD40,56
FUN_0027fd40,0x0027FD40,0x0027FDBC,124
FUN_0027fdc0,0x0027FDC0,0x0027FDF8,56
FUN_0027fdf8,0x0027FDF8,0x0027FE7C,132
FUN_0027fe80,0x0027FE80,0x0027FF24,164
FUN_0027ff28,0x0027FF28,0x0028005C,308
FUN_00280060,0x00280060,0x00280088,40
FUN_00280088,0x00280088,0x00280130,168
FUN_00280130,0x00280130,0x002801A0,112
FUN_002801a0,0x002801A0,0x002801B8,24
FUN_002801b8,0x002801B8,0x002801D8,32
FUN_002801d8,0x002801D8,0x002801F0,24
FUN_002801f0,0x002801F0,0x00280208,24
FUN_00280208,0x00280208,0x00280220,24
FUN_00280220,0x00280220,0x002802DC,188
FUN_002802e0,0x002802E0,0x002805D8,760
FUN_002805d8,0x002805D8,0x002806B8,224
FUN_002806b8,0x002806B8,0x0028072C,116
FUN_00280730,0x00280730,0x00280738,8
FUN_00280738,0x00280738,0x00280798,96
FUN_00280798,0x00280798,0x00280AC0,808
FUN_00280ac0,0x00280AC0,0x00280D8C,716
FUN_00280d90,0x00280D90,0x00280DE4,84
FUN_00280de8,0x00280DE8,0x00280EB0,200
FUN_00280eb0,0x00280EB0,0x00280F14,100
FUN_00280f68,0x00280F68,0x00280FB0,72
FUN_00280fb8,0x00280FB8,0x00280FEC,52
FUN_00280ff0,0x00280FF0,0x00281078,136
FUN_00281078,0x00281078,0x002810F8,128
FUN_002810f8,0x002810F8,0x00281188,144
FUN_00281188,0x00281188,0x0028120C,132
FUN_00281250,0x00281250,0x0028130C,188
FUN_00281310,0x00281310,0x002816E0,976
FUN_002816e0,0x002816E0,0x002817C8,232
FUN_002817c8,0x002817C8,0x00281810,72
FUN_00281810,0x00281810,0x0028186C,92
FUN_00281870,0x00281870,0x00281908,152
FUN_00281908,0x00281908,0x00281934,44
FUN_00281938,0x00281938,0x002819B4,124
FUN_002819b8,0x002819B8,0x002819EC,52
FUN_002819f0,0x002819F0,0x00281A1C,44
FUN_00281a20,0x00281A20,0x00281A68,72
FUN_00281a68,0x00281A68,0x00281AB0,72
FUN_00281ab0,0x00281AB0,0x00281AE4,52
FUN_00281ae8,0x00281AE8,0x00281B4C,100
FUN_00281b50,0x00281B50,0x00281BAC,92
FUN_00281bb0,0x00281BB0,0x00281D6C,444
FUN_00281d70,0x00281D70,0x00281E14,164
FUN_00281e18,0x00281E18,0x00281E60,72
FUN_00281e60,0x00281E60,0x00281E8C,44
FUN_00281e90,0x00281E90,0x00281F08,120
FUN_00281f08,0x00281F08,0x00281F48,64
FUN_00281f48,0x00281F48,0x00281F98,80
FUN_00281f98,0x00281F98,0x00281FC4,44
FUN_00281fc8,0x00281FC8,0x00282018,80
FUN_00282018,0x00282018,0x0028205C,68
FUN_00282150,0x00282150,0x00282194,68
FUN_00282198,0x00282198,0x002821E0,72
FUN_002821e8,0x002821E8,0x0028222C,68
FUN_00282230,0x00282230,0x00282278,72
FUN_00282278,0x00282278,0x002822BC,68
FUN_00282360,0x00282360,0x00282378,24
FUN_00282378,0x00282378,0x00282390,24
FUN_00282390,0x00282390,0x002823C4,52
FUN_002823c8,0x002823C8,0x002823F8,48
FUN_002823f8,0x002823F8,0x0028240C,20
FUN_00282410,0x00282410,0x00282424,20
FUN_00282428,0x00282428,0x00282448,32
FUN_00282448,0x00282448,0x0028248C,68
FUN_00282490,0x00282490,0x002824BC,44
FUN_002824c0,0x002824C0,0x0028250C,76
FUN_00282510,0x00282510,0x0028253C,44
FUN_00282540,0x00282540,0x0028258C,76
FUN_00282590,0x00282590,0x002825D8,72
FUN_002825d8,0x002825D8,0x002826A0,200
FUN_002826a0,0x002826A0,0x002826CC,44
FUN_002826d0,0x002826D0,0x00282754,132
FUN_00282758,0x00282758,0x00282790,56
FUN_00282790,0x00282790,0x002827E4,84
FUN_002827e8,0x002827E8,0x00282834,76
FUN_00282838,0x00282838,0x00282898,96
FUN_00282898,0x00282898,0x002828C4,44
FUN_002828c8,0x002828C8,0x0028292C,100
FUN_00282930,0x00282930,0x00282978,72
FUN_00282978,0x00282978,0x002829D4,92
FUN_002829d8,0x002829D8,0x00282AB4,220
FUN_00282ab8,0x00282AB8,0x00282B04,76
FUN_00282b08,0x00282B08,0x00282BA4,156
FUN_00282ba8,0x00282BA8,0x00282BF4,76
FUN_00282bf8,0x00282BF8,0x00282CF4,252
FUN_00282cf8,0x00282CF8,0x00282D60,104
FUN_00282d60,0x00282D60,0x00282E30,208
FUN_00282e40,0x00282E40,0x00282E5C,28
FUN_00282e60,0x00282E60,0x00282EA4,68
FUN_00282ea8,0x00282EA8,0x00282ED4,44
FUN_00282ed8,0x00282ED8,0x00282F24,76
FUN_00282f28,0x00282F28,0x00282F54,44
FUN_00282f58,0x00282F58,0x00282FA4,76
FUN_00282fa8,0x00282FA8,0x00283000,88
FUN_00283000,0x00283000,0x002830CC,204
FUN_002830d0,0x002830D0,0x00283118,72
FUN_00283118,0x00283118,0x002831D0,184
FUN_002831d0,0x002831D0,0x0028322C,92
FUN_00283230,0x00283230,0x00283274,68
FUN_00283278,0x00283278,0x002832A4,44
FUN_002832a8,0x002832A8,0x0028332C,132
FUN_00283338,0x00283338,0x00283348,16
FUN_00283348,0x00283348,0x00283374,44
FUN_00283378,0x00283378,0x002833F4,124
FUN_002833f8,0x002833F8,0x00283444,76
FUN_00283448,0x00283448,0x002834A4,92
FUN_002834a8,0x002834A8,0x00283644,412
FUN_00283648,0x00283648,0x00283694,76
FUN_00283698,0x00283698,0x00283814,380
FUN_00283818,0x00283818,0x00283864,76
FUN_00283868,0x00283868,0x00283A44,476
FUN_00283a48,0x00283A48,0x00283AB0,104
FUN_00283ab0,0x00283AB0,0x00283BA8,248
FUN_00283ba8,0x00283BA8,0x00283BB0,8
FUN_00283bb0,0x00283BB0,0x00283BB8,8
FUN_00283bb8,0x00283BB8,0x00283BC0,8
FUN_00283bf0,0x00283BF0,0x00283C0C,28
FUN_00283c10,0x00283C10,0x00283C54,68
FUN_00283c58,0x00283C58,0x00283C84,44
FUN_00283c88,0x00283C88,0x00283CD4,76
FUN_00283cd8,0x00283CD8,0x00283D04,44
FUN_00283d08,0x00283D08,0x00283D54,76
FUN_00283d58,0x00283D58,0x00283DB0,88
FUN_00283db0,0x00283DB0,0x00283E94,228
FUN_00283e98,0x00283E98,0x00283EC4,44
FUN_00283ec8,0x00283EC8,0x00283F4C,132
FUN_00283f50,0x00283F50,0x00283F88,56
FUN_00283f88,0x00283F88,0x00283FDC,84
FUN_00283fe0,0x00283FE0,0x0028402C,76
FUN_00284030,0x00284030,0x00284090,96
FUN_00284090,0x00284090,0x002840BC,44
FUN_002840c0,0x002840C0,0x00284198,216
FUN_00284198,0x00284198,0x002841E0,72
FUN_002841e0,0x002841E0,0x00284294,180
FUN_00284298,0x00284298,0x002842F4,92
FUN_002842f8,0x002842F8,0x00284448,336
FUN_00284448,0x00284448,0x00284494,76
FUN_00284498,0x00284498,0x002845C0,296
FUN_002845c0,0x002845C0,0x0028460C,76
FUN_00284610,0x00284610,0x00284730,288
FUN_00284730,0x00284730,0x00284798,104
FUN_00284798,0x00284798,0x00284860,200
FUN_00284860,0x00284860,0x002848A8,72
FUN_002848a8,0x002848A8,0x00284934,140
FUN_00284938,0x00284938,0x00284970,56
FUN_00284970,0x00284970,0x002849F0,128
FUN_002849f0,0x002849F0,0x00284A4C,92
FUN_00284a50,0x00284A50,0x00284AE4,148
FUN_00284ae8,0x00284AE8,0x00284B94,172
FUN_00284b98,0x00284B98,0x00284BF4,92
FUN_00284bf8,0x00284BF8,0x00284C2C,52
FUN_00284c30,0x00284C30,0x00284D00,208
FUN_00284d00,0x00284D00,0x00284D54,84
FUN_00284d58,0x00284D58,0x00284DA8,80
FUN_00284da8,0x00284DA8,0x00284DFC,84
FUN_00284e00,0x00284E00,0x00284E30,48
FUN_00284e30,0x00284E30,0x00284EA0,112
FUN_00284ea0,0x00284EA0,0x00284ED0,48
FUN_00284ed0,0x00284ED0,0x00284F3C,108
FUN_00284f40,0x00284F40,0x00284F8C,76
FUN_00284fe0,0x00284FE0,0x00285030,80
FUN_00285030,0x00285030,0x00285098,104
FUN_00285098,0x00285098,0x002850E8,80
FUN_002850e8,0x002850E8,0x00285124,60
FUN_00285128,0x00285128,0x002851C4,156
FUN_002851c8,0x002851C8,0x002852D8,272
FUN_002852d8,0x002852D8,0x002852EC,20
FUN_002852f0,0x002852F0,0x00285488,408
FUN_00285488,0x00285488,0x00285500,120
FUN_00285500,0x00285500,0x002855F8,248
FUN_002855f8,0x002855F8,0x0028563C,68
FUN_00285650,0x00285650,0x002856B0,96
FUN_002856b0,0x002856B0,0x0028573C,140
FUN_00285740,0x00285740,0x00285758,24
FUN_00285758,0x00285758,0x00285770,24
FUN_00285770,0x00285770,0x00285788,24
FUN_00285788,0x00285788,0x002857A0,24
FUN_002857a0,0x002857A0,0x002857B8,24
FUN_002857b8,0x002857B8,0x002857D0,24
FUN_002857d0,0x002857D0,0x002857E8,24
FUN_002857e8,0x002857E8,0x00285800,24
FUN_00285800,0x00285800,0x00285818,24
FUN_00285818,0x00285818,0x00285830,24
FUN_00285830,0x00285830,0x00285848,24
FUN_00285848,0x00285848,0x00285860,24
FUN_00285870,0x00285870,0x00285918,168
FUN_00285918,0x00285918,0x00285990,120
FUN_00285990,0x00285990,0x002859FC,108
FUN_00285a00,0x00285A00,0x00285B10,272
FUN_00285b10,0x00285B10,0x00285BA8,152
FUN_00285ba8,0x00285BA8,0x00285BC0,24
FUN_00285bc0,0x00285BC0,0x00285C28,104
FUN_00285c28,0x00285C28,0x00285CE8,192
FUN_00285ce8,0x00285CE8,0x00285D24,60
FUN_00285d28,0x00285D28,0x00285DBC,148
FUN_00285dc0,0x00285DC0,0x00285DD8,24
FUN_00285dd8,0x00285DD8,0x00285E44,108
FUN_00285e48,0x00285E48,0x00285F48,256
FUN_00285f48,0x00285F48,0x00285FA0,88
FUN_00285fa0,0x00285FA0,0x00285FDC,60
FUN_00285fe0,0x00285FE0,0x00286020,64
FUN_00286020,0x00286020,0x00286034,20
FUN_00286038,0x00286038,0x0028604C,20
FUN_00286050,0x00286050,0x00286114,196
FUN_00286118,0x00286118,0x002861AC,148
FUN_002861b0,0x002861B0,0x002861C8,24
FUN_002861c8,0x002861C8,0x002861E0,24
FUN_002861e0,0x002861E0,0x002861F8,24
FUN_002861f8,0x002861F8,0x00286210,24
FUN_00286210,0x00286210,0x00286228,24
FUN_00286228,0x00286228,0x00286240,24
FUN_00286240,0x00286240,0x00286258,24
FUN_00286258,0x00286258,0x00286270,24
FUN_00286298,0x00286298,0x00286340,168
FUN_00286340,0x00286340,0x00286380,64
FUN_00286380,0x00286380,0x002863D8,88
FUN_002863d8,0x002863D8,0x0028643C,100
FUN_00286440,0x00286440,0x00286464,36
FUN_00286468,0x00286468,0x00286480,24
FUN_002864b0,0x002864B0,0x002864E0,48
FUN_002864e0,0x002864E0,0x00286510,48
FUN_00286520,0x00286520,0x0028656C,76
FUN_00286570,0x00286570,0x002865BC,76
FUN_002865c0,0x002865C0,0x002866EC,300
FUN_002866f0,0x002866F0,0x00286740,80
FUN_00286748,0x00286748,0x002868E4,412
FUN_002868e8,0x002868E8,0x002868F0,8
FUN_002868f0,0x002868F0,0x00286B7C,652
FUN_00286b80,0x00286B80,0x00286BA8,40
FUN_00286ba8,0x00286BA8,0x00286C08,96
FUN_00286c10,0x00286C10,0x00286C18,8
FUN_00286c40,0x00286C40,0x00286C70,48
FUN_00286c70,0x00286C70,0x00286C90,32
FUN_00286c90,0x00286C90,0x00286CC0,48
FUN_00286cc0,0x00286CC0,0x00286CEC,44
FUN_00286cf0,0x00286CF0,0x00286DA0,176
FUN_00286da0,0x00286DA0,0x00286E28,136
FUN_00286e28,0x00286E28,0x00286E58,48
FUN_00286e58,0x00286E58,0x00286EBC,100
FUN_00286ec0,0x00286EC0,0x00286EE4,36
FUN_00286ee8,0x00286EE8,0x00286F18,48
FUN_00286f38,0x00286F38,0x00286F6C,52
FUN_00286f70,0x00286F70,0x00286F8C,28
FUN_00286fb0,0x00286FB0,0x00287164,436
FUN_00287168,0x00287168,0x002871D4,108
FUN_002871f8,0x002871F8,0x00287204,12
FUN_00287208,0x00287208,0x00287214,12
FUN_00287218,0x00287218,0x00287254,60
FUN_002872c0,0x002872C0,0x002872E0,32
FUN_002872e0,0x002872E0,0x00287318,56
FUN_00287318,0x00287318,0x00287434,284
FUN_00287438,0x00287438,0x0028747C,68
FUN_00287480,0x00287480,0x0028776C,748
FUN_00287778,0x00287778,0x00287814,156
FUN_00287818,0x00287818,0x0028798C,372
FUN_00287990,0x00287990,0x0028799C,12
FUN_002879b8,0x002879B8,0x002879C0,8
FUN_002879c8,0x002879C8,0x00287A18,80
FUN_00287a20,0x00287A20,0x00287A80,96
FUN_00287a90,0x00287A90,0x00287A98,8
FUN_00287ab8,0x00287AB8,0x00287ACC,20
FUN_00287ae0,0x00287AE0,0x00287AE8,8
FUN_00287ae8,0x00287AE8,0x00287AF0,8
FUN_00287af0,0x00287AF0,0x00287B00,16
FUN_00287b08,0x00287B08,0x00287B48,64
FUN_00287b48,0x00287B48,0x00287B88,64
FUN_00287b88,0x00287B88,0x00287BEC,100
FUN_00287bf0,0x00287BF0,0x00287C34,68
FUN_00287c58,0x00287C58,0x00287C68,16
FUN_00287c68,0x00287C68,0x00287D68,256
FUN_00287d68,0x00287D68,0x00287D70,8
FUN_00287d70,0x00287D70,0x00287DEC,124
FUN_00287df0,0x00287DF0,0x00287E08,24
FUN_00287e08,0x00287E08,0x00287E4C,68
FUN_00287e50,0x00287E50,0x00287E90,64
FUN_00287e90,0x00287E90,0x00287E98,8
FUN_00287e98,0x00287E98,0x00287EA0,8
FUN_00287ea0,0x00287EA0,0x00287EAC,12
FUN_00287eb8,0x00287EB8,0x00287F04,76
FUN_00287f08,0x00287F08,0x00287F60,88
FUN_00287f60,0x00287F60,0x00287FB4,84
FUN_00287fb8,0x00287FB8,0x002880BC,260
FUN_002880c0,0x002880C0,0x002880EC,44
FUN_002880f0,0x002880F0,0x0028815C,108
FUN_00288160,0x00288160,0x00288180,32
FUN_00288180,0x00288180,0x00288308,392
FUN_00288308,0x00288308,0x00288458,336
FUN_00288458,0x00288458,0x00288540,232
FUN_00288540,0x00288540,0x002885A4,100
FUN_002885a8,0x002885A8,0x00288608,96
FUN_00288608,0x00288608,0x00288728,288
FUN_00288728,0x00288728,0x0028881C,244
FUN_00288820,0x00288820,0x00288994,372
FUN_00288998,0x00288998,0x002889C0,40
FUN_002889c0,0x002889C0,0x00288BF0,560
FUN_00288bf0,0x00288BF0,0x00288CEC,252
FUN_00288cf0,0x00288CF0,0x00288E64,372
FUN_00288e68,0x00288E68,0x00288FFC,404
FUN_00289000,0x00289000,0x0028919C,412
FUN_002891a0,0x002891A0,0x00289204,100
FUN_00289208,0x00289208,0x00289260,88
FUN_00289260,0x00289260,0x00289290,48
FUN_002892c0,0x002892C0,0x002892D4,20
FUN_002892d8,0x002892D8,0x002892EC,20
FUN_002892f0,0x002892F0,0x002892F8,8
FUN_002892f8,0x002892F8,0x00289300,8
FUN_00289300,0x00289300,0x0028945C,348
FUN_00289460,0x00289460,0x002894E0,128
FUN_00289588,0x00289588,0x00289688,256
FUN_00289688,0x00289688,0x00289708,128
FUN_00289708,0x00289708,0x00289780,120
FUN_00289780,0x00289780,0x002898B4,308
FUN_002898b8,0x002898B8,0x00289980,200
FUN_00289980,0x00289980,0x00289BE0,608
FUN_00289be0,0x00289BE0,0x00289DFC,540
FUN_00289e00,0x00289E00,0x00289E5C,92
FUN_00289eb8,0x00289EB8,0x00289EF0,56
FUN_00289ef0,0x00289EF0,0x00289F28,56
FUN_00289f28,0x00289F28,0x00289F4C,36
FUN_00289f50,0x00289F50,0x00289FC4,116
FUN_00289fc8,0x00289FC8,0x0028A060,152
FUN_0028a060,0x0028A060,0x0028A164,260
FUN_0028a168,0x0028A168,0x0028A1F0,136
FUN_0028a1f0,0x0028A1F0,0x0028A20C,28
FUN_0028a210,0x0028A210,0x0028A2E8,216
FUN_0028a2e8,0x0028A2E8,0x0028A3AC,196
FUN_0028a3b0,0x0028A3B0,0x0028A3D4,36
FUN_0028a3d8,0x0028A3D8,0x0028A490,184
FUN_0028a490,0x0028A490,0x0028A4B4,36
FUN_0028a4b8,0x0028A4B8,0x0028A4CC,20
FUN_0028a520,0x0028A520,0x0028A52C,12
FUN_0028a530,0x0028A530,0x0028A5C0,144
FUN_0028a5c0,0x0028A5C0,0x0028A658,152
FUN_0028a658,0x0028A658,0x0028A6B0,88
FUN_0028a6b0,0x0028A6B0,0x0028A6C4,20
FUN_0028a770,0x0028A770,0x0028A7A8,56
FUN_0028a7a8,0x0028A7A8,0x0028A7CC,36
FUN_0028a7f8,0x0028A7F8,0x0028A8C4,204
FUN_0028a8c8,0x0028A8C8,0x0028A8EC,36
FUN_0028a8f0,0x0028A8F0,0x0028A914,36
FUN_0028a918,0x0028A918,0x0028A93C,36
FUN_0028a940,0x0028A940,0x0028A950,16
FUN_0028a950,0x0028A950,0x0028A96C,28
FUN_0028a970,0x0028A970,0x0028A9A4,52
FUN_0028a9b0,0x0028A9B0,0x0028A9B8,8
FUN_0028a9b8,0x0028A9B8,0x0028A9E8,48
FUN_0028a9e8,0x0028A9E8,0x0028AA18,48
FUN_0028aa18,0x0028AA18,0x0028AA48,48
FUN_0028aa48,0x0028AA48,0x0028AA64,28
FUN_0028aa68,0x0028AA68,0x0028AA8C,36
FUN_0028aa90,0x0028AA90,0x0028AAA8,24
FUN_0028aaa8,0x0028AAA8,0x0028AAB0,8
FUN_0028aab0,0x0028AAB0,0x0028AAC0,16
FUN_0028aac0,0x0028AAC0,0x0028ABB4,244
FUN_0028abb8,0x0028ABB8,0x0028AC18,96
FUN_0028ac18,0x0028AC18,0x0028AC98,128
FUN_0028acb0,0x0028ACB0,0x0028AD00,80
FUN_0028ad00,0x0028AD00,0x0028AD98,152
FUN_0028ad98,0x0028AD98,0x0028AE0C,116
FUN_0028ae10,0x0028AE10,0x0028AE60,80
FUN_0028ae60,0x0028AE60,0x0028B1C4,868
FUN_0028b1c8,0x0028B1C8,0x0028B1D0,8
FUN_0028b1d0,0x0028B1D0,0x0028B28C,188
FUN_0028b290,0x0028B290,0x0028B2F8,104
FUN_0028b310,0x0028B310,0x0028B3FC,236
FUN_0028b400,0x0028B400,0x0028B428,40
FUN_0028b428,0x0028B428,0x0028B438,16
FUN_0028b438,0x0028B438,0x0028B4E8,176
FUN_0028b4e8,0x0028B4E8,0x0028B4FC,20
FUN_0028b580,0x0028B580,0x0028B5AC,44
FUN_0028b5b0,0x0028B5B0,0x0028B5E0,48
FUN_0028b5e0,0x0028B5E0,0x0028B630,80
FUN_0028b630,0x0028B630,0x0028B694,100
FUN_0028b698,0x0028B698,0x0028B6F8,96
FUN_0028b6f8,0x0028B6F8,0x0028B7BC,196
FUN_0028b7c0,0x0028B7C0,0x0028B838,120
FUN_0028b838,0x0028B838,0x0028B850,24
FUN_0028b850,0x0028B850,0x0028B8F0,160
FUN_0028b8f0,0x0028B8F0,0x0028B914,36
FUN_0028b918,0x0028B918,0x0028BAD0,440
FUN_0028bad0,0x0028BAD0,0x0028BB58,136
FUN_0028bb90,0x0028BB90,0x0028BBAC,28
FUN_0028bbb0,0x0028BBB0,0x0028BD28,376
FUN_0028bd28,0x0028BD28,0x0028BDC4,156
FUN_0028bdc8,0x0028BDC8,0x0028BE5C,148
FUN_0028be60,0x0028BE60,0x0028BE98,56
FUN_0028be98,0x0028BE98,0x0028C028,400
FUN_0028c028,0x0028C028,0x0028C11C,244
FUN_0028c120,0x0028C120,0x0028C158,56
FUN_0028c158,0x0028C158,0x0028C160,8
FUN_0028c160,0x0028C160,0x0028C1AC,76
FUN_0028c1b0,0x0028C1B0,0x0028C1C4,20
FUN_0028c1c8,0x0028C1C8,0x0028C1E4,28
FUN_0028c1e8,0x0028C1E8,0x0028C214,44
FUN_0028c218,0x0028C218,0x0028C238,32
FUN_0028c238,0x0028C238,0x0028C268,48
FUN_0028c268,0x0028C268,0x0028C278,16
FUN_0028c278,0x0028C278,0x0028C288,16
FUN_0028c288,0x0028C288,0x0028C3A4,284
FUN_0028c3a8,0x0028C3A8,0x0028C3BC,20
FUN_0028c3c0,0x0028C3C0,0x0028C3D4,20
FUN_0028c3d8,0x0028C3D8,0x0028C414,60
FUN_0028c418,0x0028C418,0x0028C42C,20
FUN_0028c430,0x0028C430,0x0028C460,48
FUN_0028c460,0x0028C460,0x0028C48C,44
FUN_0028c490,0x0028C490,0x0028C4CC,60
FUN_0028c4d0,0x0028C4D0,0x0028C4FC,44
FUN_0028c500,0x0028C500,0x0028C518,24
FUN_0028c518,0x0028C518,0x0028C560,72
FUN_0028c560,0x0028C560,0x0028C660,256
FUN_0028c660,0x0028C660,0x0028C68C,44
FUN_0028c690,0x0028C690,0x0028C6AC,28
FUN_0028c6b0,0x0028C6B0,0x0028C6DC,44
FUN_0028c6e0,0x0028C6E0,0x0028C720,64
FUN_0028c720,0x0028C720,0x0028C780,96
FUN_0028c780,0x0028C780,0x0028C8F0,368
FUN_0028c8f0,0x0028C8F0,0x0028C94C,92
FUN_0028c950,0x0028C950,0x0028CAEC,412
FUN_0028caf0,0x0028CAF0,0x0028CB3C,76
FUN_0028cb40,0x0028CB40,0x0028CBF0,176
FUN_0028cbf0,0x0028CBF0,0x0028CC2C,60
FUN_0028cc30,0x0028CC30,0x0028CCB8,136
FUN_0028ccb8,0x0028CCB8,0x0028CCCC,20
FUN_0028ccd0,0x0028CCD0,0x0028D05C,908
FUN_0028d060,0x0028D060,0x0028D0C4,100
FUN_0028d0c8,0x0028D0C8,0x0028D1D8,272
FUN_0028d1d8,0x0028D1D8,0x0028D2F0,280
FUN_0028d2f0,0x0028D2F0,0x0028D4A4,436
FUN_0028d4a8,0x0028D4A8,0x0028D628,384
FUN_0028d628,0x0028D628,0x0028D650,40
FUN_0028d650,0x0028D650,0x0028D968,792
FUN_0028d968,0x0028D968,0x0028D9C0,88
FUN_0028d9c0,0x0028D9C0,0x0028DAD0,272
FUN_0028dad0,0x0028DAD0,0x0028DBCC,252
FUN_0028dbd0,0x0028DBD0,0x0028DD68,408
FUN_0028dd68,0x0028DD68,0x0028DEE8,384
FUN_0028dee8,0x0028DEE8,0x0028E090,424
FUN_0028e090,0x0028E090,0x0028E0D0,64
FUN_0028e0d0,0x0028E0D0,0x0028E2AC,476
FUN_0028e2b0,0x0028E2B0,0x0028E674,964
FUN_0028e678,0x0028E678,0x0028E9C0,840
FUN_0028e9c0,0x0028E9C0,0x0028EA30,112
FUN_0028ebb0,0x0028EBB0,0x0028EE44,660
FUN_0028ee48,0x0028EE48,0x0028F0E8,672
FUN_0028f130,0x0028F130,0x0028F3BC,652
FUN_0028f3c0,0x0028F3C0,0x0028F494,212
FUN_0028f498,0x0028F498,0x0028F4C0,40
FUN_0028f4c0,0x0028F4C0,0x0028F598,216
FUN_0028f598,0x0028F598,0x0028F680,232
FUN_0028f680,0x0028F680,0x0028F6F8,120
FUN_0028f6f8,0x0028F6F8,0x0028F70C,20
FUN_0028f710,0x0028F710,0x0028F724,20
FUN_0028f728,0x0028F728,0x0028F73C,20
FUN_0028f740,0x0028F740,0x0028F754,20
FUN_0028f758,0x0028F758,0x0028F76C,20
FUN_0028f770,0x0028F770,0x0028F784,20
FUN_0028f788,0x0028F788,0x002906D4,3916
FUN_002906d8,0x002906D8,0x002909F4,796
FUN_002909f8,0x002909F8,0x00290E1C,1060
FUN_00290e20,0x00290E20,0x002911C0,928
FUN_002911c0,0x002911C0,0x002913A0,480
FUN_002913a0,0x002913A0,0x00291B80,2016
FUN_00291b80,0x00291B80,0x00291F30,944
FUN_00291f30,0x00291F30,0x00291FFC,204
FUN_00292000,0x00292000,0x00292150,336
FUN_00292150,0x00292150,0x002929B4,2148
FUN_002929b8,0x002929B8,0x00292ABC,260
FUN_00292ac0,0x00292AC0,0x00292D44,644
FUN_00292d48,0x00292D48,0x00292D7C,52
FUN_00292d80,0x00292D80,0x00292F64,484
FUN_00292f68,0x00292F68,0x00293030,200
FUN_00293030,0x00293030,0x00293074,68
FUN_00293078,0x00293078,0x002930B4,60
FUN_002930b8,0x002930B8,0x00293248,400
FUN_00293248,0x00293248,0x00293254,12
FUN_00293258,0x00293258,0x002932C0,104
FUN_002932c0,0x002932C0,0x002933A8,232
FUN_002933a8,0x002933A8,0x00293640,664
FUN_00293640,0x00293640,0x0029369C,92
FUN_002936a0,0x002936A0,0x00293734,148
FUN_00293738,0x00293738,0x00293A4C,788
FUN_00293a50,0x00293A50,0x00293B90,320
FUN_00293b90,0x00293B90,0x0029421C,1676
FUN_00294220,0x00294220,0x002942C0,160
FUN_002942c0,0x002942C0,0x00294360,160
FUN_00294360,0x00294360,0x00294370,16
FUN_00294370,0x00294370,0x002946E4,884
FUN_002946e8,0x002946E8,0x002947A4,188
FUN_002947a8,0x002947A8,0x00294870,200
FUN_00294870,0x00294870,0x00294A54,484
FUN_00294a58,0x00294A58,0x00294B5C,260
FUN_00294b60,0x00294B60,0x00294BB4,84
FUN_00294bb8,0x00294BB8,0x00294E58,672
FUN_00294e58,0x00294E58,0x00294EA0,72
FUN_00294ea0,0x00294EA0,0x00294F00,96
FUN_00294f00,0x00294F00,0x00294F6C,108
FUN_00294f70,0x00294F70,0x002950A0,304
FUN_002950a0,0x002950A0,0x0029515C,188
FUN_00295160,0x00295160,0x002952CC,364
FUN_002952d0,0x002952D0,0x002953C4,244
FUN_002953c8,0x002953C8,0x00295474,172
FUN_00295478,0x00295478,0x00295524,172
FUN_00295528,0x00295528,0x002955D4,172
FUN_002955d8,0x002955D8,0x00295698,192
FUN_00295698,0x00295698,0x00295824,396
FUN_00295828,0x00295828,0x00295958,304
FUN_00295958,0x00295958,0x00295B08,432
FUN_00295b08,0x00295B08,0x00295C60,344
FUN_00295c60,0x00295C60,0x00295D84,292
FUN_00295d88,0x00295D88,0x00295DB0,40
FUN_00295db0,0x00295DB0,0x00295DF0,64
FUN_00295df0,0x00295DF0,0x00295E58,104
FUN_00295e58,0x00295E58,0x00295F60,264
FUN_00295f60,0x00295F60,0x00295FB4,84
FUN_00295fb8,0x00295FB8,0x0029608C,212
FUN_00296090,0x00296090,0x0029615C,204
FUN_00296160,0x00296160,0x002962A0,320
FUN_00296380,0x00296380,0x002963F8,120
FUN_002963f8,0x002963F8,0x0029644C,84
FUN_00296450,0x00296450,0x002964B4,100
FUN_002964b8,0x002964B8,0x0029651C,100
FUN_00296520,0x00296520,0x0029657C,92
FUN_00296580,0x00296580,0x00296630,176
FUN_00296668,0x00296668,0x00296718,176
FUN_00296718,0x00296718,0x0029679C,132
FUN_002967c0,0x002967C0,0x00296B48,904
FUN_00296b48,0x00296B48,0x00296C44,252
FUN_00296c48,0x00296C48,0x00296D80,312
FUN_00296d80,0x00296D80,0x00296DF0,112
FUN_00296df0,0x00296DF0,0x00296EE8,248
FUN_00296ee8,0x00296EE8,0x00296FB4,204
FUN_002971f0,0x002971F0,0x002972F0,256
FUN_002972f0,0x002972F0,0x002973B8,200
FUN_002973b8,0x002973B8,0x0029756C,436
FUN_00297570,0x00297570,0x00297824,692
FUN_00297828,0x00297828,0x00297998,368
FUN_00297998,0x00297998,0x00297B5C,452
FUN_00297b60,0x00297B60,0x00297C10,176
FUN_00297c58,0x00297C58,0x00297CA0,72
FUN_00297ca0,0x00297CA0,0x00297CE4,68
FUN_00297cf8,0x00297CF8,0x00297D74,124
FUN_00297d78,0x00297D78,0x00297D84,12
FUN_00297e08,0x00297E08,0x00297E3C,52
FUN_00297e50,0x00297E50,0x00297EC8,120
FUN_00297ec8,0x00297EC8,0x00297F3C,116
FUN_00297f40,0x00297F40,0x00297F84,68
FUN_00297fe0,0x00297FE0,0x00298030,80
FUN_002980d8,0x002980D8,0x002981A4,204
FUN_002981d0,0x002981D0,0x002981DC,12
FUN_002981e0,0x002981E0,0x0029824C,108
FUN_00298268,0x00298268,0x0029828C,36
FUN_00298290,0x00298290,0x002982B4,36
FUN_002982b8,0x002982B8,0x00298548,656
FUN_00298548,0x00298548,0x00298808,704
FUN_00298808,0x00298808,0x00298C28,1056
FUN_00298c28,0x00298C28,0x00298CE8,192
FUN_00298ce8,0x00298CE8,0x00298D78,144
FUN_00298d78,0x00298D78,0x00298F38,448
FUN_00298f38,0x00298F38,0x00299410,1240
FUN_00299410,0x00299410,0x00299558,328
FUN_00299558,0x00299558,0x00299630,216
FUN_00299630,0x00299630,0x0029982C,508
FUN_00299830,0x00299830,0x00299A00,464
FUN_00299a00,0x00299A00,0x0029A0A8,1704
FUN_0029a0a8,0x0029A0A8,0x0029BE50,7592
FUN_0029be50,0x0029BE50,0x0029C230,992
FUN_0029c230,0x0029C230,0x0029C250,32
FUN_0029c428,0x0029C428,0x0029C438,16
FUN_0029c438,0x0029C438,0x0029C4D8,160
FUN_0029c4d8,0x0029C4D8,0x0029C5A0,200
FUN_0029c5a0,0x0029C5A0,0x0029C5F4,84
FUN_0029c5f8,0x0029C5F8,0x0029C638,64
FUN_0029c640,0x0029C640,0x0029C7C4,388
FUN_0029c7c8,0x0029C7C8,0x0029CECC,1796
FUN_0029ced0,0x0029CED0,0x0029D120,592
FUN_0029d120,0x0029D120,0x0029D5A8,1160
FUN_0029d5a8,0x0029D5A8,0x0029D7C4,540
FUN_0029d7c8,0x0029D7C8,0x0029DA08,576
FUN_0029da08,0x0029DA08,0x0029DD34,812
FUN_0029dd38,0x0029DD38,0x0029E160,1064
FUN_0029e160,0x0029E160,0x0029E2FC,412
FUN_0029e300,0x0029E300,0x0029E858,1368
FUN_0029e858,0x0029E858,0x0029E9D0,376
FUN_0029e9d0,0x0029E9D0,0x0029EB38,360
FUN_0029eb38,0x0029EB38,0x0029ECB8,384
FUN_0029ecb8,0x0029ECB8,0x0029EDA0,232
FUN_0029eda0,0x0029EDA0,0x0029EE2C,140
FUN_0029ee30,0x0029EE30,0x0029EEC4,148
FUN_0029eec8,0x0029EEC8,0x0029EEFC,52
thunk_FUN_0029ee30,0x0029EF00,0x0029EF08,8
FUN_0029ef08,0x0029EF08,0x0029EFC4,188
FUN_0029efc8,0x0029EFC8,0x0029F0B4,236
FUN_0029f0b8,0x0029F0B8,0x0029F178,192
FUN_0029f178,0x0029F178,0x0029F2F4,380
FUN_0029f6f8,0x0029F6F8,0x0029F7F0,248
FUN_0029f7f0,0x0029F7F0,0x0029FDB0,1472
FUN_0029fdb0,0x0029FDB0,0x0029FED0,288
FUN_0029fed0,0x0029FED0,0x0029FFE8,280
FUN_0029ffe8,0x0029FFE8,0x002A0088,160
FUN_002a0088,0x002A0088,0x002A0228,416
FUN_002a0228,0x002A0228,0x002A053C,788
FUN_002a0540,0x002A0540,0x002A07EC,684
FUN_002a07f0,0x002A07F0,0x002A0890,160
FUN_002a0890,0x002A0890,0x002A09D4,324
FUN_002a09d8,0x002A09D8,0x002A0B18,320
FUN_002a0b18,0x002A0B18,0x002A0C00,232
FUN_002a0c00,0x002A0C00,0x002A0C20,32
FUN_002a0c20,0x002A0C20,0x002A0E28,520
FUN_002a0e28,0x002A0E28,0x002A0FF4,460
FUN_002a0ff8,0x002A0FF8,0x002A102C,52
thunk_FUN_0029ee30,0x002A1030,0x002A1038,8
FUN_002a1038,0x002A1038,0x002A118C,340
FUN_002a1190,0x002A1190,0x002A1198,8
FUN_002a1198,0x002A1198,0x002A11E8,80
FUN_002a11e8,0x002A11E8,0x002A1274,140
FUN_002a1278,0x002A1278,0x002A130C,148
FUN_002a1310,0x002A1310,0x002A1404,244
FUN_002a1408,0x002A1408,0x002A147C,116
FUN_002a1480,0x002A1480,0x002A14F4,116
FUN_002a14f8,0x002A14F8,0x002A15DC,228
FUN_002a15e0,0x002A15E0,0x002A1730,336
FUN_002a1730,0x002A1730,0x002A1798,104
FUN_002a1798,0x002A1798,0x002A180C,116
FUN_002a1810,0x002A1810,0x002A1A48,568
FUN_002a1a48,0x002A1A48,0x002A1C70,552
FUN_002a1c70,0x002A1C70,0x002A1CC8,88
FUN_002a1cc8,0x002A1CC8,0x002A1D98,208
FUN_002a1d98,0x002A1D98,0x002A1E58,192
FUN_002a1e58,0x002A1E58,0x002A1F80,296
FUN_002a1f80,0x002A1F80,0x002A1FB4,52
FUN_002a1fb8,0x002A1FB8,0x002A2074,188
FUN_002a2078,0x002A2078,0x002A2158,224
FUN_002a2158,0x002A2158,0x002A2208,176
FUN_002a2208,0x002A2208,0x002A231C,276
FUN_002a2320,0x002A2320,0x002A2498,376
FUN_002a2498,0x002A2498,0x002A255C,196
FUN_002a25b8,0x002A25B8,0x002A2734,380
FUN_002a2738,0x002A2738,0x002A27A8,112
FUN_002a27a8,0x002A27A8,0x002A28F4,332
FUN_002a28f8,0x002A28F8,0x002A2984,140
FUN_002a2ac8,0x002A2AC8,0x002A2B94,204
FUN_002a2b98,0x002A2B98,0x002A2CB4,284
FUN_002a2cb8,0x002A2CB8,0x002A2D74,188
FUN_002a2d78,0x002A2D78,0x002A2F44,460
FUN_002a2f48,0x002A2F48,0x002A30A0,344
FUN_002a30a0,0x002A30A0,0x002A316C,204
FUN_002a3170,0x002A3170,0x002A327C,268
FUN_002a3280,0x002A3280,0x002A32E8,104
FUN_002a32e8,0x002A32E8,0x002A3388,160
FUN_002a3388,0x002A3388,0x002A3458,208
FUN_002a35b0,0x002A35B0,0x002A3694,228
FUN_002a3698,0x002A3698,0x002A3738,160
FUN_002a3738,0x002A3738,0x002A37B8,128
FUN_002a37b8,0x002A37B8,0x002A380C,84
FUN_002a3810,0x002A3810,0x002A3888,120
FUN_002a3888,0x002A3888,0x002A3B84,764
FUN_002a3b88,0x002A3B88,0x002A3BA4,28
FUN_002a3ba8,0x002A3BA8,0x002A3D00,344
FUN_002a3d00,0x002A3D00,0x002A3D98,152
FUN_002a3d98,0x002A3D98,0x002A3E38,160
FUN_002a3e38,0x002A3E38,0x002A3EA4,108
FUN_002a3ea8,0x002A3EA8,0x002A4000,344
FUN_002a40b0,0x002A40B0,0x002A4398,744
FUN_002a4398,0x002A4398,0x002A45B0,536
FUN_002a45b0,0x002A45B0,0x002A47D0,544
FUN_002a47d0,0x002A47D0,0x002A49B0,480
FUN_002a49b0,0x002A49B0,0x002A4A7C,204
FUN_002a4a80,0x002A4A80,0x002A4B18,152
FUN_002a4b18,0x002A4B18,0x002A4B3C,36
FUN_002a4b40,0x002A4B40,0x002A4BD8,152
FUN_002a4bd8,0x002A4BD8,0x002A4C90,184
FUN_002a4c90,0x002A4C90,0x002A4D48,184
FUN_002a4d48,0x002A4D48,0x002A4E18,208
FUN_002a4e18,0x002A4E18,0x002A4E3C,36
FUN_002a4e40,0x002A4E40,0x002A4EC0,128
FUN_002a4ec0,0x002A4EC0,0x002A4FAC,236
FUN_002a4fb0,0x002A4FB0,0x002A5024,116
FUN_002a5028,0x002A5028,0x002A56BC,1684
FUN_002a56c0,0x002A56C0,0x002A5D50,1680
FUN_002a5d50,0x002A5D50,0x002A62CC,1404
FUN_002a62d0,0x002A62D0,0x002A6838,1384
FUN_002a6838,0x002A6838,0x002A6960,296
FUN_002a6960,0x002A6960,0x002A69EC,140
FUN_002a69f0,0x002A69F0,0x002A6AB0,192
FUN_002a6ab0,0x002A6AB0,0x002A6AE8,56
FUN_002a6ae8,0x002A6AE8,0x002A6B24,60
FUN_002a6b28,0x002A6B28,0x002A6D84,604
FUN_002a6d88,0x002A6D88,0x002A6DE0,88
FUN_002a6de0,0x002A6DE0,0x002A6E44,100
FUN_002a6e48,0x002A6E48,0x002A70CC,644
FUN_002a70d0,0x002A70D0,0x002A7210,320
FUN_002a7210,0x002A7210,0x002A725C,76
FUN_002a7260,0x002A7260,0x002A7318,184
FUN_002a7318,0x002A7318,0x002A73B4,156
FUN_002a73b8,0x002A73B8,0x002A73E4,44
FUN_002a73e8,0x002A73E8,0x002A7488,160
FUN_002a7488,0x002A7488,0x002A74CC,68
FUN_002a74d0,0x002A74D0,0x002A7528,88
FUN_002a7528,0x002A7528,0x002A7620,248
FUN_002a7620,0x002A7620,0x002A7B98,1400
FUN_002a7b98,0x002A7B98,0x002A7C00,104
FUN_002a7c00,0x002A7C00,0x002A7C30,48
FUN_002a7c30,0x002A7C30,0x002A7C98,104
FUN_002a7c98,0x002A7C98,0x002A7CC8,48
FUN_002a7cc8,0x002A7CC8,0x002A7D84,188
FUN_002a7da8,0x002A7DA8,0x002A7DE8,64
FUN_002a7de8,0x002A7DE8,0x002A7E74,140
FUN_002a7e78,0x002A7E78,0x002A7ED0,88
FUN_002a7ed0,0x002A7ED0,0x002A8038,360
FUN_002a8038,0x002A8038,0x002A81E0,424
FUN_002a81e0,0x002A81E0,0x002A82F0,272
FUN_002a82f0,0x002A82F0,0x002A8410,288
FUN_002a8410,0x002A8410,0x002A885C,1100
FUN_002a8860,0x002A8860,0x002A8A18,440
FUN_002a8a18,0x002A8A18,0x002A8AC0,168
FUN_002a8ac0,0x002A8AC0,0x002A8B1C,92
FUN_002a8b20,0x002A8B20,0x002A8BF8,216
FUN_002a8bf8,0x002A8BF8,0x002A8CB4,188
FUN_002a8cb8,0x002A8CB8,0x002A8DD8,288
FUN_002a8dd8,0x002A8DD8,0x002A8DF0,24
FUN_002a8df0,0x002A8DF0,0x002A8E90,160
FUN_002a8e90,0x002A8E90,0x002A8EB8,40
FUN_002a8eb8,0x002A8EB8,0x002A8F64,172
FUN_002a8f68,0x002A8F68,0x002A8FBC,84
FUN_002a8fc0,0x002A8FC0,0x002A9008,72
FUN_002a9008,0x002A9008,0x002A9260,600
FUN_002a9260,0x002A9260,0x002A9988,1832
FUN_002a9988,0x002A9988,0x002A9A1C,148
FUN_002a9a1c,0x002A9A1C,0x002A9ACC,176
FUN_002a9acc,0x002A9ACC,0x002A9B8C,192
FUN_002a9b90,0x002A9B90,0x002A9C0C,124
FUN_002a9c10,0x002A9C10,0x002A9C5C,76
FUN_002a9c60,0x002A9C60,0x002A9C78,24
FUN_002a9c78,0x002A9C78,0x002A9CDC,100
FUN_002a9ce0,0x002A9CE0,0x002A9D38,88
FUN_002a9d38,0x002A9D38,0x002A9DA8,112
FUN_002a9da8,0x002A9DA8,0x002A9E28,128
FUN_002a9e28,0x002A9E28,0x002A9F00,216
FUN_002a9f00,0x002A9F00,0x002A9F98,152
FUN_002a9f98,0x002A9F98,0x002A9FB8,32
FUN_002a9fb8,0x002A9FB8,0x002A9FDC,36
FUN_002aa020,0x002AA020,0x002AA07C,92
FUN_002aa080,0x002AA080,0x002B13B8,29496
FUN_002aa120,0x002AA120,0x002AA1B0,144
FUN_002aa1b0,0x002AA1B0,0x002AA288,216
FUN_002aa288,0x002AA288,0x002AA3B4,300
FUN_002aa3b4,0x002AA3B4,0x002AA4F8,324
FUN_002aa4f8,0x002AA4F8,0x002AA60C,276
FUN_002aa60c,0x002AA60C,0x002AA744,312
FUN_002aa748,0x002AA748,0x002AA8F4,428
FUN_002aa8f8,0x002AA8F8,0x002AAAB0,440
FUN_002aaab0,0x002AAAB0,0x002AAC6C,444
FUN_002aac70,0x002AAC70,0x002AAEA8,568
FUN_002aaea8,0x002AAEA8,0x002AAED4,44
FUN_002aaed8,0x002AAED8,0x002AB104,556
FUN_002ab108,0x002AB108,0x002AB134,44
FUN_002ab138,0x002AB138,0x002AB180,72
FUN_002ab180,0x002AB180,0x002AB234,180
FUN_002ab238,0x002AB238,0x002AC920,5864
FUN_002ac920,0x002AC920,0x002ACAE0,448
FUN_002acae0,0x002ACAE0,0x002ACBBC,220
FUN_002acbc0,0x002ACBC0,0x002ACC14,84
FUN_002acc18,0x002ACC18,0x002ACC6C,84
FUN_002acc70,0x002ACC70,0x002ACD7C,268
FUN_002acd80,0x002ACD80,0x002ACFAC,556
FUN_002acfb0,0x002ACFB0,0x002AE214,4708
FUN_002ae218,0x002AE218,0x002AE32C,276
FUN_002ae330,0x002AE330,0x002AE38C,92
FUN_002ae390,0x002AE390,0x002AE408,120
FUN_002ae408,0x002AE408,0x002AE500,248
FUN_002ae500,0x002AE500,0x002AE51C,28
FUN_002ae540,0x002AE540,0x002AE5CC,140
FUN_002ae5d0,0x002AE5D0,0x002AE8C4,756
FUN_002ae8c8,0x002AE8C8,0x002AEA34,364
FUN_002aea38,0x002AEA38,0x002AEE18,992
FUN_002aee18,0x002AEE18,0x002AEEAC,148
FUN_002aeeb0,0x002AEEB0,0x002AEF3C,140
FUN_002aef40,0x002AEF40,0x002AEF4C,12
FUN_002aef50,0x002AEF50,0x002AEF74,36
FUN_002aef78,0x002AEF78,0x002AEF94,28
FUN_002aef98,0x002AEF98,0x002AF0EC,340
FUN_002af0f0,0x002AF0F0,0x002AF124,52
FUN_002af124,0x002AF124,0x002AF204,224
FUN_002af204,0x002AF204,0x002AF308,260
FUN_002af308,0x002AF308,0x002AF3AC,164
FUN_002af3b0,0x002AF3B0,0x002AF3DC,44
FUN_002af3e0,0x002AF3E0,0x002AF4E8,264
FUN_002af4e8,0x002AF4E8,0x002AF618,304
FUN_002af618,0x002AF618,0x002AF698,128
FUN_002af698,0x002AF698,0x002AF754,188
FUN_002af758,0x002AF758,0x002AF790,56
FUN_002af790,0x002AF790,0x002AF99C,524
FUN_002af9a0,0x002AF9A0,0x002AFA9C,252
FUN_002afaa0,0x002AFAA0,0x002AFBF8,344
FUN_002afbf8,0x002AFBF8,0x002AFC60,104
FUN_002afc60,0x002AFC60,0x002AFDF0,400
FUN_002afec0,0x002AFEC0,0x002B0058,408
FUN_002b0058,0x002B0058,0x002B01DC,388
FUN_002b01e0,0x002B01E0,0x002B02AC,204
FUN_002b02b0,0x002B02B0,0x002B0320,112
FUN_002b0320,0x002B0320,0x002B0368,72
FUN_002b0368,0x002B0368,0x002B03A4,60
FUN_002b03a8,0x002B03A8,0x002B040C,100
FUN_002b0410,0x002B0410,0x002B0490,128
FUN_002b0490,0x002B0490,0x002B04F4,100
FUN_002b04f8,0x002B04F8,0x002B0514,28
FUN_002b0518,0x002B0518,0x002B0578,96
FUN_002b0578,0x002B0578,0x002B062C,180
FUN_002b0630,0x002B0630,0x002B0688,88
FUN_002b0688,0x002B0688,0x002B06E4,92
FUN_002b06e8,0x002B06E8,0x002B0748,96
FUN_002b0748,0x002B0748,0x002B07A8,96
SetGsCrt,0x002B07E0,0x002B07F0,16
_Exit,0x002B0800,0x002B0810,16
_LoadExecPS2,0x002B0820,0x002B0830,16
SetVTLBRefillHandler,0x002B0890,0x002B08A0,16
AddIntcHandler,0x002B08C0,0x002B08D0,16
AddIntcHandler,0x002B08D0,0x002B08E0,16
RemoveIntcHandler,0x002B08E0,0x002B08F0,16
AddDmacHandler,0x002B08F0,0x002B0900,16
AddDmacHandler,0x002B0900,0x002B0910,16
RemoveDmacHandler,0x002B0910,0x002B0920,16
_EnableIntc,0x002B0920,0x002B0930,16
_DisableIntc,0x002B0930,0x002B0940,16
_EnableDmac,0x002B0940,0x002B0950,16
_DisableDmac,0x002B0950,0x002B0960,16
_iEnableIntc,0x002B0980,0x002B0990,16
_iDisableIntc,0x002B0990,0x002B09A0,16
_iEnableDmac,0x002B09A0,0x002B09B0,16
_iDisableDmac,0x002B09B0,0x002B09C0,16
CreateThread,0x002B09E0,0x002B09F0,16
DeleteThread,0x002B09F0,0x002B0A00,16
_StartThread,0x002B0A00,0x002B0A10,16
ExitDeleteThread,0x002B0A20,0x002B0A30,16
TerminateThread,0x002B0A30,0x002B0A40,16
ChangeThreadPriority,0x002B0A70,0x002B0A80,16
RotateThreadReadyQueue,0x002B0A90,0x002B0AA0,16
GetThreadId,0x002B0AD0,0x002B0AE0,16
ReferThreadStatus,0x002B0AE0,0x002B0AF0,16
iReferThreadStatus,0x002B0AF0,0x002B0B00,16
SleepThread,0x002B0B00,0x002B0B10,16
WakeupThread,0x002B0B10,0x002B0B20,16
_iWakeupThread,0x002B0B20,0x002B0B30,16
SuspendThread,0x002B0B50,0x002B0B60,16
_iSuspendThread,0x002B0B60,0x002B0B70,16
ResumeThread,0x002B0B70,0x002B0B80,16
EndOfHeap,0x002B0BC0,0x002B0BD0,16
CreateSema,0x002B0BE0,0x002B0BF0,16
DeleteSema,0x002B0BF0,0x002B0C00,16
SignalSema,0x002B0C00,0x002B0C10,16
iSignalSema,0x002B0C10,0x002B0C20,16
WaitSema,0x002B0C20,0x002B0C30,16
PollSema,0x002B0C30,0x002B0C40,16
SetOsdConfigParam,0x002B0C80,0x002B0C90,16
GetOsdConfigParam,0x002B0C90,0x002B0CA0,16
FlushCache,0x002B0E60,0x002B0E70,16
sceSifStopDma,0x002B0EB0,0x002B0EC0,16
GsGetIMR,0x002B0F00,0x002B0F10,16
GsPutIMR,0x002B0F20,0x002B0F30,16
SetVSyncFlag,0x002B0F50,0x002B0F60,16
sceSifDmaStat,0x002B0F80,0x002B0F90,16
sceSifSetDma,0x002B0FA0,0x002B0FB0,16
isceSifSetDma,0x002B0FB0,0x002B0FC0,16
sceSifSetDChain,0x002B0FC0,0x002B0FD0,16
isceSifSetDChain,0x002B0FD0,0x002B0FE0,16
sceSifSetReg,0x002B0FE0,0x002B0FF0,16
sceSifGetReg,0x002B0FF0,0x002B1000,16
_ExecOSD,0x002B1000,0x002B1010,16
Deci2Call,0x002B1010,0x002B1020,16
GetMemorySize,0x002B1040,0x002B1050,16
_InitTLB,0x002B1050,0x002B1060,16
FUN_002b1060,0x002B1060,0x002B106C,12
FUN_002b1070,0x002B1070,0x002B1100,144
FUN_002b1100,0x002B1100,0x002B11A4,164
FUN_002b11a8,0x002B11A8,0x002B1224,124
FUN_002b1228,0x002B1228,0x002B129C,116
FUN_002b12a0,0x002B12A0,0x002B12C8,40
FUN_002b12c8,0x002B12C8,0x002B12D0,8
FUN_002b12d8,0x002B12D8,0x002B12E0,8
FUN_002b12e0,0x002B12E0,0x002B138C,172
FUN_002b1390,0x002B1390,0x002B1398,8
FUN_002b1398,0x002B1398,0x002B13AC,20
FUN_002b13b8,0x002B13B8,0x002B13E0,40
FUN_002b13e0,0x002B13E0,0x002B1408,40
FUN_002b1408,0x002B1408,0x002B1430,40
FUN_002b1430,0x002B1430,0x002B14D4,164
FUN_002b14d8,0x002B14D8,0x002B1554,124
FUN_002b1570,0x002B1570,0x002B1614,164
FUN_002b1618,0x002B1618,0x002B1694,124
FUN_002b16b0,0x002B16B0,0x002B16C0,16
FUN_002b16c0,0x002B16C0,0x002B1728,104
FUN_002b1728,0x002B1728,0x002B1790,104
FUN_002b1790,0x002B1790,0x002B17F8,104
FUN_002b17f8,0x002B17F8,0x002B1860,104
FUN_002b1860,0x002B1860,0x002B1880,32
FUN_002b1880,0x002B1880,0x002B18A0,32
FUN_002b18a0,0x002B18A0,0x002B18C0,32
FUN_002b18c0,0x002B18C0,0x002B18E0,32
FUN_002b18e0,0x002B18E0,0x002B19B8,216
FUN_002b19b8,0x002B19B8,0x002B1AA4,236
FUN_002b1aa8,0x002B1AA8,0x002B1B3C,148
FUN_002b1b40,0x002B1B40,0x002B1BBC,124
FUN_002b1bc0,0x002B1BC0,0x002B1C58,152
FUN_002b1c58,0x002B1C58,0x002B1D20,200
FUN_002b1d20,0x002B1D20,0x002B1E98,376
FUN_002b1e98,0x002B1E98,0x002B1EC0,40
FUN_002b1ec0,0x002B1EC0,0x002B1EE4,36
FUN_002b1ee8,0x002B1EE8,0x002B1F24,60
FUN_002b1f28,0x002B1F28,0x002B1F64,60
FUN_002b1f68,0x002B1F68,0x002B20FC,404
FUN_002b2100,0x002B2100,0x002B2274,372
FUN_002b2278,0x002B2278,0x002B2348,208
FUN_002b2348,0x002B2348,0x002B2404,188
FUN_002b2408,0x002B2408,0x002B2440,56
FUN_002b2440,0x002B2440,0x002B24F0,176
FUN_002b24f0,0x002B24F0,0x002B2524,52
FUN_002b2528,0x002B2528,0x002B25B8,144
FUN_002b25b8,0x002B25B8,0x002B2790,472
FUN_002b2790,0x002B2790,0x002B34A4,3348
FUN_002b3500,0x002B3500,0x002B3528,40
FUN_002b3528,0x002B3528,0x002B3550,40
FUN_002b3550,0x002B3550,0x002B359C,76
FUN_002b35a0,0x002B35A0,0x002B35D8,56
FUN_002b35d8,0x002B35D8,0x002B3620,72
FUN_002b3620,0x002B3620,0x002B3690,112
FUN_002b3690,0x002B3690,0x002B3710,128
FUN_002b3710,0x002B3710,0x002B3790,128
FUN_002b3790,0x002B3790,0x002B37C0,48
FUN_002b37c0,0x002B37C0,0x002B37D8,24
FUN_002b3808,0x002B3808,0x002B3A88,640
FUN_002b3a88,0x002B3A88,0x002B3ABC,52
FUN_002b3af0,0x002B3AF0,0x002B3B68,120
FUN_002b3b68,0x002B3B68,0x002B3BB4,76
FUN_002b3bb8,0x002B3BB8,0x002B3CEC,308
FUN_002b3cf0,0x002B3CF0,0x002B3D2C,60
FUN_002b3d30,0x002B3D30,0x002B3D6C,60
FUN_002b3d70,0x002B3D70,0x002B3EB8,328
FUN_002b3eb8,0x002B3EB8,0x002B3F64,172
FUN_002b3f68,0x002B3F68,0x002B4104,412
FUN_002b4108,0x002B4108,0x002B412C,36
FUN_002b4130,0x002B4130,0x002B41D8,168
FUN_002b41d8,0x002B41D8,0x002B41F4,28
FUN_002b41f8,0x002B41F8,0x002B4228,48
FUN_002b4228,0x002B4228,0x002B4268,64
FUN_002b4268,0x002B4268,0x002B4334,204
FUN_002b4338,0x002B4338,0x002B4378,64
FUN_002b4378,0x002B4378,0x002B4448,208
FUN_002b4448,0x002B4448,0x002B45AC,356
FUN_002b45b0,0x002B45B0,0x002B45FC,76
FUN_002b4600,0x002B4600,0x002B4640,64
FUN_002b4640,0x002B4640,0x002B470C,204
FUN_002b4710,0x002B4710,0x002B485C,332
FUN_002b48f0,0x002B48F0,0x002B4AF0,512
FUN_002b4af0,0x002B4AF0,0x002B4B2C,60
FUN_002b4b30,0x002B4B30,0x002B4BC4,148
FUN_002b4bc8,0x002B4BC8,0x002B4C98,208
FUN_002b4c98,0x002B4C98,0x002B4D2C,148
FUN_002b4d30,0x002B4D30,0x002B4DC0,144
FUN_002b4dc0,0x002B4DC0,0x002B4E18,88
FUN_002b4e18,0x002B4E18,0x002B4FDC,452
FUN_002b4fe0,0x002B4FE0,0x002B5020,64
FUN_002b5020,0x002B5020,0x002B5090,112
FUN_002b5090,0x002B5090,0x002B510C,124
FUN_002b5110,0x002B5110,0x002B5198,136
FUN_002b5198,0x002B5198,0x002B5284,236
FUN_002b5288,0x002B5288,0x002B52F4,108
FUN_002b52f8,0x002B52F8,0x002B56AC,948
FUN_002b56b0,0x002B56B0,0x002B5704,84
FUN_002b5708,0x002B5708,0x002B5734,44
FUN_002b5738,0x002B5738,0x002B5744,12
FUN_002b57e8,0x002B57E8,0x002B582C,68
FUN_002b5830,0x002B5830,0x002B5A38,520
FUN_002b5a38,0x002B5A38,0x002B5AC4,140
FUN_002b5ac8,0x002B5AC8,0x002B5AFC,52
FUN_002b5b00,0x002B5B00,0x002B5C40,320
FUN_002b5c40,0x002B5C40,0x002B5D30,240
FUN_002b5d30,0x002B5D30,0x002B5FC0,656
FUN_002b5fc0,0x002B5FC0,0x002B6138,376
FUN_002b6138,0x002B6138,0x002B6374,572
FUN_002b6378,0x002B6378,0x002B65E4,620
FUN_002b65e8,0x002B65E8,0x002B68A8,704
FUN_002b68a8,0x002B68A8,0x002B6C30,904
FUN_002b6c30,0x002B6C30,0x002B6E18,488
FUN_002b6e18,0x002B6E18,0x002B6FC8,432
FUN_002b6fc8,0x002B6FC8,0x002B6FE4,28
FUN_002b6fe8,0x002B6FE8,0x002B71A0,440
FUN_002b71a0,0x002B71A0,0x002B71BC,28
FUN_002b71c0,0x002B71C0,0x002B7440,640
FUN_002b7440,0x002B7440,0x002B756C,300
FUN_002b7570,0x002B7570,0x002B758C,28
FUN_002b7590,0x002B7590,0x002B7658,200
FUN_002b7658,0x002B7658,0x002B77BC,356
FUN_002b77c0,0x002B77C0,0x002B7914,340
FUN_002b7918,0x002B7918,0x002B7ACC,436
FUN_002b7ad0,0x002B7AD0,0x002B7D1C,588
FUN_002b7d20,0x002B7D20,0x002B7F28,520
FUN_002b7f28,0x002B7F28,0x002B7F44,28
FUN_002b7f48,0x002B7F48,0x002B80F4,428
FUN_002b80f8,0x002B80F8,0x002B8378,640
FUN_002b8378,0x002B8378,0x002B8394,28
FUN_002b8398,0x002B8398,0x002B85D4,572
FUN_002b85d8,0x002B85D8,0x002B8880,680
FUN_002b8880,0x002B8880,0x002B8A78,504
FUN_002b8a78,0x002B8A78,0x002B8C58,480
FUN_002b8c58,0x002B8C58,0x002B8CE0,136
FUN_002b8ce0,0x002B8CE0,0x002B8D50,112
FUN_002b8d50,0x002B8D50,0x002B8DD0,128
FUN_002b8dd0,0x002B8DD0,0x002B8E48,120
FUN_002b8e48,0x002B8E48,0x002B8E64,28
FUN_002b8e68,0x002B8E68,0x002B8F58,240
FUN_002b8f58,0x002B8F58,0x002B8FC8,112
FUN_002b8fc8,0x002B8FC8,0x002B9038,112
FUN_002b9038,0x002B9038,0x002B90A8,112
FUN_002b90a8,0x002B90A8,0x002B9124,124
FUN_002b9128,0x002B9128,0x002B91A4,124
FUN_002b91a8,0x002B91A8,0x002B92A8,256
FUN_002b92a8,0x002B92A8,0x002B9334,140
FUN_002b9338,0x002B9338,0x002B9370,56
FUN_002b9370,0x002B9370,0x002B9578,520
FUN_002b9578,0x002B9578,0x002B9780,520
FUN_002b9780,0x002B9780,0x002B9810,144
FUN_002b9810,0x002B9810,0x002B98B0,160
FUN_002b98b0,0x002B98B0,0x002B9940,144
FUN_002b9940,0x002B9940,0x002B995C,28
FUN_002b9960,0x002B9960,0x002B997C,28
FUN_002b9980,0x002B9980,0x002B9BA4,548
FUN_002b9ba8,0x002B9BA8,0x002B9BC8,32
FUN_002b9bc8,0x002B9BC8,0x002B9BE4,28
FUN_002b9be8,0x002B9BE8,0x002B9CEC,260
FUN_002b9cf0,0x002B9CF0,0x002B9D0C,28
FUN_002b9d38,0x002B9D38,0x002B9E24,236
FUN_002b9e28,0x002B9E28,0x002B9F04,220
FUN_002b9f08,0x002B9F08,0x002BA05C,340
FUN_002ba060,0x002BA060,0x002BA088,40
FUN_002ba088,0x002BA088,0x002BA0D8,80
FUN_002ba0d8,0x002BA0D8,0x002BA1E8,272
FUN_002ba1e8,0x002BA1E8,0x002BA238,80
FUN_002ba238,0x002BA238,0x002BA250,24
FUN_002ba250,0x002BA250,0x002BA2B0,96
FUN_002ba2c0,0x002BA2C0,0x002BA2D0,16
FUN_002ba2d0,0x002BA2D0,0x002BA308,56
FUN_002ba308,0x002BA308,0x002BA348,64
FUN_002ba348,0x002BA348,0x002BA358,16
FUN_002ba358,0x002BA358,0x002BA38C,52
FUN_002ba390,0x002BA390,0x002BA48C,252
RFU116_SetSyscall,0x002BA490,0x002BA4A0,16
FUN_002ba4a0,0x002BA4A0,0x002BA4F4,84
RFU116_SetSyscall,0x002BA4F8,0x002BA508,16
FUN_002ba508,0x002BA508,0x002BA518,16
FUN_002ba518,0x002BA518,0x002BA550,56
RFU091,0x002BA550,0x002BA560,16
FUN_002ba560,0x002BA560,0x002BA5C8,104
FUN_002ba5c8,0x002BA5C8,0x002BA674,172
FUN_002ba678,0x002BA678,0x002BA688,16
FUN_002ba688,0x002BA688,0x002BA6B8,48
RFU116_SetSyscall,0x002BA6B8,0x002BA6C8,16
FUN_002ba6c8,0x002BA6C8,0x002BA7E0,280
thunk_FUN_002bc928,0x002BA7E0,0x002BA7E8,8
FUN_002ba858,0x002BA858,0x002BA8A0,72
FUN_002ba8a0,0x002BA8A0,0x002BA8C8,40
FUN_002ba8c8,0x002BA8C8,0x002BA914,76
RFU116_SetSyscall,0x002BA918,0x002BA928,16
FUN_002ba928,0x002BA928,0x002BA938,16
FUN_002ba938,0x002BA938,0x002BA970,56
RFU091,0x002BA970,0x002BA980,16
FUN_002ba980,0x002BA980,0x002BAA54,212
FUN_002baa58,0x002BAA58,0x002BAAC0,104
FUN_002baac8,0x002BAAC8,0x002BAAD8,16
FUN_002baad8,0x002BAAD8,0x002BAAE8,16
FUN_002baae8,0x002BAAE8,0x002BAAF8,16
FUN_002baaf8,0x002BAAF8,0x002BAC4C,340
FUN_002bac50,0x002BAC50,0x002BAD08,184
FUN_002bad38,0x002BAD38,0x002BADC8,144
FUN_002badc8,0x002BADC8,0x002BAE44,124
FUN_002bae48,0x002BAE48,0x002BAFD8,400
FUN_002bafd8,0x002BAFD8,0x002BB05C,132
FUN_002bb060,0x002BB060,0x002BB098,56
FUN_002bb098,0x002BB098,0x002BB33C,676
FUN_002bb340,0x002BB340,0x002BB38C,76
FUN_002bb390,0x002BB390,0x002BB40C,124
FUN_002bb410,0x002BB410,0x002BB480,112
FUN_002bb480,0x002BB480,0x002BB4C8,72
FUN_002bb4c8,0x002BB4C8,0x002BB568,160
FUN_002bb568,0x002BB568,0x002BB5B4,76
FUN_002bb5b8,0x002BB5B8,0x002BB608,80
FUN_002bb608,0x002BB608,0x002BB664,92
FUN_002bb668,0x002BB668,0x002BB714,172
FUN_002bb718,0x002BB718,0x002BB764,76
FUN_002bb768,0x002BB768,0x002BB82C,196
FUN_002bb830,0x002BB830,0x002BB87C,76
FUN_002bb880,0x002BB880,0x002BB94C,204
FUN_002bb950,0x002BB950,0x002BB998,72
FUN_002bb998,0x002BB998,0x002BB9E4,76
FUN_002bb9e8,0x002BB9E8,0x002BBA54,108
FUN_002bba58,0x002BBA58,0x002BBAA4,76
FUN_002bbaa8,0x002BBAA8,0x002BBB9C,244
FUN_002bbba0,0x002BBBA0,0x002BBC1C,124
FUN_002bbc20,0x002BBC20,0x002BBCC8,168
FUN_002bbcc8,0x002BBCC8,0x002BBD38,112
FUN_002bbd38,0x002BBD38,0x002BBD8C,84
FUN_002bbdc8,0x002BBDC8,0x002BBE14,76
FUN_002bbe18,0x002BBE18,0x002BBE74,92
FUN_002bbe78,0x002BBE78,0x002BBFA4,300
FUN_002bbfa8,0x002BBFA8,0x002BC098,240
FUN_002bc098,0x002BC098,0x002BC140,168
FUN_002bc140,0x002BC140,0x002BC1B8,120
FUN_002bc1b8,0x002BC1B8,0x002BC1DC,36
FUN_002bc260,0x002BC260,0x002BC318,184
FUN_002bc370,0x002BC370,0x002BC418,168
FUN_002bc418,0x002BC418,0x002BC45C,68
FUN_002bc460,0x002BC460,0x002BC484,36
FUN_002bc488,0x002BC488,0x002BC4B8,48
FUN_002bc4b8,0x002BC4B8,0x002BC4DC,36
FUN_002bc4e0,0x002BC4E0,0x002BC510,48
FUN_002bc510,0x002BC510,0x002BC534,36
FUN_002bc538,0x002BC538,0x002BC56C,52
FUN_002bc570,0x002BC570,0x002BC5A4,52
FUN_002bc5d8,0x002BC5D8,0x002BC5FC,36
FUN_002bc600,0x002BC600,0x002BC624,36
FUN_002bc628,0x002BC628,0x002BC64C,36
FUN_002bc650,0x002BC650,0x002BC6B0,96
FUN_002bc738,0x002BC738,0x002BC748,16
FUN_002bc748,0x002BC748,0x002BC780,56
RFU091,0x002BC780,0x002BC790,16
RFU116_SetSyscall,0x002BC790,0x002BC7A0,16
FUN_002bc7a0,0x002BC7A0,0x002BC864,196
RFU086_WaitEvnetFlag,0x002BC888,0x002BC898,16
FUN_002bc898,0x002BC898,0x002BC8C8,48
FUN_002bc928,0x002BC928,0x002BC968,64
FUN_002bc968,0x002BC968,0x002BCB5C,500
FUN_002bcee0,0x002BCEE0,0x002BCFC8,232
FUN_002bcfc8,0x002BCFC8,0x002BD0E0,280
FUN_002bd0e0,0x002BD0E0,0x002BD134,84
FUN_002bd138,0x002BD138,0x002BD164,44
FUN_002bd168,0x002BD168,0x002BD21C,180
FUN_002bd220,0x002BD220,0x002BD22C,12
FUN_002bd230,0x002BD230,0x002BD380,336
FUN_002bd380,0x002BD380,0x002BD3C8,72
FUN_002bd3c8,0x002BD3C8,0x002BD4A8,224
FUN_002bd4a8,0x002BD4A8,0x002BD500,88
FUN_002bd500,0x002BD500,0x002BD554,84
FUN_002bd558,0x002BD558,0x002BD5AC,84
FUN_002bd5b0,0x002BD5B0,0x002BD5F0,64
FUN_002bd5f0,0x002BD5F0,0x002BD630,64
FUN_002bd630,0x002BD630,0x002BD6A0,112
FUN_002bd6a0,0x002BD6A0,0x002BD73C,156
FUN_002bd740,0x002BD740,0x002BD84C,268
FUN_002bd850,0x002BD850,0x002BD8FC,172
FUN_002bd900,0x002BD900,0x002BD924,36
FUN_002bd928,0x002BD928,0x002BD950,40
FUN_002bd950,0x002BD950,0x002BDCE4,916
FUN_002bdce8,0x002BDCE8,0x002BDD90,168
FUN_002bdd90,0x002BDD90,0x002BDF74,484
FUN_002bdf78,0x002BDF78,0x002BE1F0,632
FUN_002be1f0,0x002BE1F0,0x002BE20C,28
FUN_002be210,0x002BE210,0x002BE2D0,192
FUN_002be2d0,0x002BE2D0,0x002BE348,120
FUN_002be348,0x002BE348,0x002BE59C,596
FUN_002be5a0,0x002BE5A0,0x002BE990,1008
FUN_002be990,0x002BE990,0x002BEA44,180
FUN_002bea48,0x002BEA48,0x002BEB1C,212
FUN_002beb20,0x002BEB20,0x002BEC70,336
FUN_002bec70,0x002BEC70,0x002BECBC,76
FUN_002becc0,0x002BECC0,0x002BED88,200
FUN_002bed88,0x002BED88,0x002BEF58,464
FUN_002bef58,0x002BEF58,0x002BF05C,260
FUN_002bf060,0x002BF060,0x002BF150,240
FUN_002bf150,0x002BF150,0x002BF1BC,108
FUN_002bf1c0,0x002BF1C0,0x002BF348,392
FUN_002bf348,0x002BF348,0x002BF370,40
FUN_002bf398,0x002BF398,0x002BF484,236
FUN_002bf488,0x002BF488,0x002BF4F4,108
FUN_002bf4f8,0x002BF4F8,0x002BF500,8
FUN_002bf500,0x002BF500,0x002BF508,8
FUN_002bf508,0x002BF508,0x002BF510,8
FUN_002bf510,0x002BF510,0x002BF588,120
FUN_002bf588,0x002BF588,0x002BF6B0,296
FUN_0027f618,0x0027F618,0x0027F630,24
FUN_0027f7f8,0x0027F7F8,0x0027F810,24
